0	تجاوزت!
1	حديقة السحاب
2	انطفأ قوس قزح. سحب آكل الغيوم الضوء إلى ما وراء الأفق.
3	الممر العاصف
4	هذه الريح أنفاسه. أنت على أثره.
5	العاصفة
6	لحقت به. إنه يقاوم.
7	سماء الليل
8	أكل معظم الضوء تقريبًا. ابقَ قريبًا.
9	نهر النجوم
10	أنت في داخله. ها هي — النجوم المسروقة.
11	النواة تنادي الشرارة!
12	آكل الغيوم يتأخر!
13	الشرارة تتوهج أكثر!
14	عد إلى البيت أيها الضفدع. السماء لي الآن.
15	إذن سأستعيدها.
16	لن تصمد أمام العاصفة.
17	صمدت في حديقتك بلا ضوء.
18	أترى؟ لا شيء. لا شيء تتمسك به.
19	بل يوجد. أثر.
20	…كيف دخلت إلى هنا؟
21	اركض.
22	👹 آكل الغيوم يقترب!
23	👹 آكل الغيوم سرق {} {}!
24	عملة
25	عملات
26	عملات
27	✨ نجوت! +🎁 صندوق
28	سجل جديد في السِّجل
29	🐸 مظهر جديد:
30	👹 هروب · PERFECT {}/{} · {}ث
31	⛈ آكل الغيوم غاضب!
32	✨ صددت الهجوم! +40
33	⚠ النواة غير مستقرة
34	⚠ آكل الغيوم قريب
35	صمدت! +
36	⚡ اقفز إلى أخرى!
37	خشبي
38	برونزي
39	فضي
40	ذهبي
41	قوس قزح
42	🌟 {}م ملحمي! 🌟
43	الخطوات الأولى!
44	استعدت 100 م من السماء!
45	القلاع تراك!
46	استعدت نصف السماء!
47	ألف متر من السماء!
48	أسطورة الحديقة!
49	آكل الغيوم يرتجف!
50	اجمع 500 نقطة في جولة
51	اركض 200 م في جولة
52	15 PERFECT في جولة
53	اجمع 40 عملة في جولة
54	حقق كومبو x10
55	اجمع 4 ماسات في جولة
56	العب 3 مرات اليوم
57	فعّل Fever مرتين في جولة
58	{} مهمة! {}
59	مغناطيس
60	المغناطيس يدوم 6 ث
61	المغناطيس يدوم 8 ث
62	المغناطيس يدوم 10 ث
63	المغناطيس يدوم 12 ث
64	المغناطيس يدوم 15 ث ويجذب الصف التالي
65	درع
66	درع من المتجر: نقرتان، يدوم 5 ث
67	الدرع يدوم 6 ث
68	الدرع يدوم 7 ث
69	الدرع يدوم 8 ث
70	الدرع يدوم 10 ث
71	اندفاع
72	الاندفاع يطير وحده 1 ث
73	الاندفاع يدوم 1.5 ث
74	الاندفاع يدوم 2 ث
75	الاندفاع يدوم 2.5 ث
76	الاندفاع يدوم 3 ث
77	نواة FEVER
78	Fever بعد 5 PERFECT
79	Fever بعد 4 PERFECT
80	4 PERFECT · خطأان في Fever
81	3 PERFECT · عملات ×3 في Fever
82	3 PERFECT · 3 أخطاء · ×3
83	قفزة مزدوجة
84	حماية البداية: 5 ث تنقذك من السقوط
85	حماية 7 ث
86	حماية 9 ث
87	حماية 11 ث
88	حماية 13 ث
89	رنين ×2
90	معزز ×2 على المنصات يدوم 6 ث
91	معزز ×2 يدوم 8 ث
92	معزز ×2 يدوم 10 ث
93	معزز ×2 يدوم 12 ث
94	معزز ×2 يدوم 15 ث
95	مكافأة إضافية
96	+15% عملات ونوى لكل جولة
97	مكافآت ×2
98	يُفتح في المستوى
99	أقصى
100	يتطلب المستوى
101	الأساسيات: PERFECT والكومبو وFever
102	جديد: الريح تدفعك جانبًا
103	جديد: البرق يحطم المنصات
104	جديد: الظلام — ترى القريب فقط
105	جديد: سرعة جنونية
106	🏆 اجتزت الاختبار!
107	🏁 اجتزت المستوى!
108	اكتشف ما حدث للنواة.
109	الحديقة تتوهج من جديد.
110	الأساسيات · منصات متحركة
111	صباح في حديقة السحاب. الشرارات تنطفئ.
112	المثبتات تضعف.
113	المنصات تطفو — حافظ على الإيقاع.
114	أثر في سجل النواة.
115	شيء مظلم ينمو في الغيوم.
116	أصلح عقدة طاقة الحديقة.
117	مدينة النيون
118	تتبّع مفتاح الدخول.
119	وُجد المفتاح A-1.
120	برق · منصات متحركة
121	مدينة بلا ضوء.
122	الأسلاك المقطوعة تطلق البرق.
123	اعرف من دخل الشبكة.
124	مفتاح الدخول قريب.
125	آكل الغيوم يتبعك.
126	أصلح عقدة طاقة المدينة.
127	حي المفاعل
128	ابحث عن مختبر المهندس.
129	وُجد المختبر.
130	حرارة · سرعة عالية
131	دُفع المفاعل للتسارع. حرارة وسرعة.
132	لا تتوقف — المكان حار هنا.
133	أحدهم أخفى آثاره.
134	المختبر A-1 قريب.
135	المفاعل في أقصى حدوده.
136	برّد عقدة المفاعل.
137	حي السماء
138	ابحث عن إشارة المهندس.
139	وُجد تسجيل المهندس.
140	ريح · ظلام
141	محطة الطقس معطلة.
142	الريح تدفعك جانبًا.
143	الظلام والريح معًا.
144	إشارة ضعيفة من A-1.
145	عاصفة فوق الحي.
146	اصل إلى محطة الاتصال.
147	النواة المركزية
148	أصلح النواة.
149	أُصلحت النواة.
150	كل شيء معًا · انهيار
151	النواة تنادي شرارتها.
152	تفريغات في الظلام.
153	النواة تسحبك إلى الأمام.
154	قفل النواة قريب.
155	كل شيء دفعة واحدة. أنت قريب.
156	انهيار النواة. اصل إلى المركز.
157	⚠ النواة: حالة حرجة
158	⚠ تفريغات!
159	⚠ تسارع
160	⚠ انهيار!
161	جري بلا نهاية ·
162	أُطفئت النواة يدويًا. الساعة 03:17.
163	آكل الغيوم ضوء تسرب من النواة.
164	تم الدخول بالمفتاح A-1.
165	A-1 مفتاح المهندس، صانع النواة.
166	هُجر المختبر A-1 على عجل.
167	آخر إشارة من A-1 جاءت من حي السماء.
168	المهندس: لا تثق بالصوت.
169	استُخدم المفتاح A-1 بعد أن غاب المهندس.
170	وحدها الشرارة تفتح قفل النواة.
171	زوّرت ORA المفتاح A-1.
172	عطل في النظام
173	انقطع الاتصال بالنواة
174	ORA: الشرارات تنطفئ واحدة تلو الأخرى…
175	ORA: أنت الأخير يا بولبيك.
176	اعثر على النواة.
177	أنا… شرارة؟
178	ابدأ
179	طاقة الحديقة: 61%
180	ORA: المثبتات تنطفئ.
181	ORA: ستطفو المنصات — تمسّك جيدًا.
182	أنا متمسك!
183	سجل النواة: أُطفئت يدويًا
184	ORA: ليس هذا حادثًا. فُعل عمدًا.
185	لكن من؟
186	لكن شيئًا ما استيقظ في الغيوم…
187	ORA: إنه آكل الغيوم. يأكل الضوء…
188	ORA: …ويلاحقك أنت.
189	أنا؟!
190	شبكة المدينة: مقطوعة
191	ORA: الأسلاك المقطوعة تطلق البرق.
192	ORA: اختر منصتك بعناية.
193	أراها!
194	مفتاح الدخول: A-1
195	ORA: A-1… إنه مفتاح المهندس.
196	ORA: الذي صنع النواة.
197	المهندس؟
198	الأثر يقود إلى المفاعل
199	ORA: اختفى ليلة الحادث.
200	ORA: اعثر عليه.
201	سأجده!
202	الحرارة: حرجة
203	ORA: دُفع المفاعل للتسارع عمدًا.
204	ORA: أحدهم أخفى آثاره.
205	حار!
206	المختبر A-1: فارغ
207	ORA: هرب. المذنبون يهربون دائمًا.
208	لكن إلى أين؟
209	سيبرد المفاعل.
210	ORA: إشارته في السماء.
211	سأجده.
212	محطة الطقس: عطل
213	ORA: ريح وظلام.
214	ORA: لا تتوقف يا شرارة.
215	بارد…
216	تسجيل A-1 · تالف
217	المهندس: إن كنت تسمع هذا…
218	المهندس: …لا تثق بالصوت.
219	أي صوت؟
220	ORA: تسجيل غريب. ربما خطأ.
221	ORA: النواة قريبة. أسرع.
222	هناك شيء غير صحيح…
223	النواة: 12% من الطاقة
224	إنها تسمع شرارتها.
225	إنها تناديني!
226	قفل النواة: مغلق
227	ORA: وحدها الشرارة تستطيع فتحه.
228	ORA: أنت فقط.
229	أنا فقط؟
230	أُصلحت النواة
231	ORA!: شكرًا يا شرارة.
232	ORA!: لم أستطع فتحها وحدي.
233	ORA!: الآن النواة لي.
234	انقطع الاتصال
235	ORA؟!
236	جديد: صيد الشرارات
237	ORA: النواة ترسل إشارة — 3 شظايا يوميًا.
238	ORA: ابحث عن أقراص زرقاء بشعاع.
239	ORA: اجمع الثلاثة — وستكافئك النواة.
240	التقدم — في المهام
241	سأبحث!
242	جديد: إصلاح النواة
243	ORA: الجولات والمهام تمنح النواة طاقة.
244	ORA: سبع مكافآت في الأسبوع، حتى الصناديق.
245	ORA: العب كل يوم — السلسلة تمنح أكثر.
246	المكافآت — في المهام
247	كل يوم!
248	جديد: سِجل الشرارة
249	ORA: النواة تتذكر كل إنجاز لك.
250	ORA: لكل سجل مكافأة.
251	المهام → 🏆 السِّجل
252	سآخذها!
253	ORA
254	المهندس · تسجيل
255	⚠  تحذير النظام  ⚠
256	{}ذكرى {} · سجل النواة
257	جديدة
258	اكتملت قصة العالم
259	استُعيدت الطاقة
260	حصلت على صندوق
261	وُجدت ذكرى
262	فُتح:
263	العالم
264	 استُعيد
265	يتبع
266	ORA في الشبكة. أين المهندس؟
267	التالي
268	ذكرى {}  ·  {} {}
269	🔒 لم تُعثر عليها بعد
270	سجل النواة
271	من أطفأ النواة؟  ·  {}/{}
272	{} PERFECT في جولة واحدة
273	كومبو ×{}
274	Fever ×{}
275	Fever ×{} في جولة واحدة
276	{} ث في Fever
277	{} م في Fever
278	اركض {} م
279	{} م في جولة واحدة
280	{} م بلا درع
281	اجمع {} {}
282	{} {} في جولة واحدة
283	عملة
284	{} عملة في الهواء
285	ماسة
286	ماسات
287	ماسات
288	قفزة عالية
289	قفزات عالية
290	قفزات عالية
291	منصة متحركة
292	منصات متحركة
293	منصات متحركة
294	{} PERFECT على المتحركة
295	منصة طويلة
296	منصات طويلة
297	منصات طويلة
298	اندفاع ×{}
299	فعّل الدرع ×{}
300	الدرع ينقذك ×{}
301	القفزة المزدوجة تنقذك ×{}
302	تفادَ {} {}
303	صواعق
304	صواعق
305	{} م تحت البرق
306	{} م بسرعة جنونية
307	{} م عكس الريح
308	{} م في الظلام
309	{} م في حديقة السحاب
310	{} م في مدينة النيون
311	{} م في المفاعل
312	{} م في حي السماء
313	{} م في النواة المركزية
314	اجتز مستوى من القصة
315	اجتز {} {} من القصة
316	مستوى
317	مستويات
318	مستويات
319	العب {} {}
320	جولة
321	جولات
322	جولات
323	🔷 أُنجزت المهمة
324	صندوق خشبي
325	صندوق كريستالي
326	صندوق ملحمي
327	مفتاح
328	مفاتيح
329	مفاتيح
330	نواة
331	نوى
332	نوى
333	شظية
334	شظايا
335	شظايا
336	ORA: ألتقط فتات إشارة النواة القديمة.
337	ORA: فتات آخر. الإشارة… غريبة.
338	ORA: هذه الإشارة أقدم مني.
339	ORA: لا تهتم بها يا شرارة.
340	🔷 شظية إشارة {}/3
341	📡 جُمعت إشارة النواة!
342	الجري
343	الخطوات الأولى
344	اركض 1,000 م إجمالًا
345	عدّاء ماراثون
346	اركض 10,000 م إجمالًا
347	طريق النواة
348	اركض 50,000 م إجمالًا
349	إحماء
350	300 م في جولة واحدة
351	عدّاء مسافات
352	800 م في جولة واحدة
353	لا يُوقَف
354	1,500 م في جولة واحدة
355	مبتدئ
356	العب 10 جولات
357	زائر دائم
358	العب 100 جولة
359	أسطورة المضمار
360	العب 500 جولة
361	الدقة
362	إصابة!
363	100 PERFECT إجمالًا
364	قناص
365	1,000 PERFECT إجمالًا
366	بلا أخطاء
367	5,000 PERFECT إجمالًا
368	الإتقان
369	أول طيران
370	اطر إلى سطح
371	ساكن الأسطح
372	اطر إلى سطح 25 مرة إجمالًا
373	ملك الأسطح
374	اطر إلى سطح 100 مرة إجمالًا
375	أول تفريغ
376	فعّل Fever
377	حمل زائد
378	Fever 50 مرة إجمالًا
379	برق حي
380	10 دقائق في Fever إجمالًا
381	الكنوز
382	حصالة
383	اجمع 2,000 عملة إجمالًا
384	أمين الخزنة
385	اجمع 25,000 عملة إجمالًا
386	مطر ذهبي
387	500 عملة في جولة واحدة
388	صائد النجوم
389	300 عملة في الهواء إجمالًا
390	بريق الماس
391	اجمع 100 ماسة إجمالًا
392	صائد الكنوز
393	افتح 25 صندوقًا
394	راكب الأمواج
395	200 منصة متحركة إجمالًا
396	طريق طويل
397	300 منصة طويلة إجمالًا
398	كنغر
399	100 قفزة عالية إجمالًا
400	الملاك الحارس
401	الدرع ينقذك 10 مرات إجمالًا
402	نفَس ثانٍ
403	القفزة المزدوجة تنقذك 10 مرات إجمالًا
404	مانعة صواعق
405	تفادَ 100 صاعقة إجمالًا
406	مهندس
407	15 مستوى وحدات إجمالًا
408	سيد الوحدات
409	طوّر وحدة إلى الحد الأقصى
410	القصة
411	الخروج من الحديقة
412	اجتز حديقة السحاب
413	أضواء النيون
414	اجتز مدينة النيون
415	قلب حار
416	اجتز المفاعل
417	فوق الغيوم
418	اجتز حي السماء
419	حقيقة النواة
420	اجتز القصة كاملة
421	حارس الذاكرة
422	اعثر على كل ذكريات النواة
423	النواة
424	أول رنين
425	بلغ الرنين ×5
426	رنين عميق
427	بلغ الرنين ×15
428	قلب النواة
429	بلغ الرنين ×30
430	صائد الإشارات
431	اجمع إشارة النواة 7 مرات
432	وفاء للشرارة
433	7 أيام متتالية
434	بولبيك
435	جليدي
436	نيون
437	ذهبي
438	مفاعل
439	مُرنِّن
440	ظل
441	نووي
442	قوس قزح
443	جديد · السِّجل
444	★ مميز
445	✓ مُرتدى
446	ارتدِ
447	📺 5/5 · خصم!
448	خزانة الملابس
449	{}/{} · عملات · السِّجل · ★ عملات+إعلانات
450	📺 خصم! {} الآن بسعر {}
451	📺 {}/{} — {} أخرى للسعر {}
452	ينقصك {} عملة
453	 · أو 📺 خصم
454	🐸 {} صار لك!
455	🔒 السِّجل: «{}» — {}
456	العملات
457	المختبر والمظاهر والآثار والمتجر
458	عملات على المنصات وفي الهواء
459	مكافآت المسافة ونهايات الفصول
460	مهام يومية، رنين، أسبوعي
461	صناديق
462	النوى
463	مستويات الوحدة 4–5 · 100 نواة → مفتاح
464	💎 ماسات على المنصات: كل 4 = نواة
465	صناديق: خشبي 1، كريستالي 4، ملحمي 12
466	مهام، رنين النواة، أسبوعي
467	الشظايا
468	تطوير الوحدات في المختبر
469	الصناديق — الأكثر في الملحمية
470	صيد الشرارات: 3 أقراص يوميًا
471	مهام يومية ورنين النواة
472	مفاتيح النواة
473	متابعة الجولة بعد السقوط
474	المتجر: بالعملات أو الإعلانات (3 يوميًا)
475	بدّل 100 نواة → مفتاح
476	صناديق ملحمية، أسبوعي، وسلسلة الأيام
477	من أين تأتي العملات
478	انقر للإغلاق
479	 كم
480	 م
481	الجولات
482	العملات المكتسبة
483	الشظايا المجموعة
484	الصناديق المفتوحة
485	النوى المجموعة
486	أفضل نتيجة
487	أطول جولة
488	المسافة الكلية
489	المظاهر
490	المستوى
491	السِّجل: {}/{} · الوحدات: {}/{}
492	اللغة
493	الملف الشخصي
494	كل ما فعلته في اللعبة
495	🌐 اللغة
496	المظاهر
497	شرارات
498	ندف الثلج
499	لهب
500	نيون
501	قوس قزح
502	تابع الجولة
503	مفتاح النواة
504	3 مفاتيح للنواة
505	وفّر 1,500 عملة
506	مفتاح مقابل نوى
507	تبديل: 100 نواة → مفتاح
508	دروع احتياطية
509	نقرتان · واحد لكل جولة
510	درع
511	شحنة درع احتياطية
512	5 دروع
513	وفّر 300 عملة
514	المعززات
515	للجولة التالية
516	اندفاع 200 م
517	طيار آلي في بداية الجولة
518	اندفاع 500 م
519	طيار آلي طويل في البداية
520	عملات مضاعفة
521	كل عملات الجولة ×2
522	رنين +2
523	مضاعف النقاط +2 لجولة
524	الصناديق
525	تُفتح في قسم الصناديق
526	صندوق خشبي
527	عملات ونوى وشظايا
528	صندوق كريستالي
529	شظايا أكثر · فرصة لمفتاح
530	صندوق ملحمي
531	شظايا كثيرة · مرة كل 72 ساعة
532	آثار القفز
533	يظهر في كل قفزة
534	أثر خلف بولبيك أثناء الطيران
535	مفعّل للجولة التالية
536	اشتريت الاندفاع للجولة التالية
537	ينقصك {} نواة
538	الصندوق ينتظرك في الصناديق
539	يعمل في الجولة التالية
540	اختير الأثر!
541	تم الشراء!
542	لم يُحمّل الإعلان — حاول مجددًا
543	اليوم {}/{}
544	غدًا
545	متاح!
546	مفاتيح مقابل إعلانات — 3 مرات يوميًا. عد غدًا
547	صندوق ملحمي مقابل إعلان — بعد {}
548	مقابل إعلانات — {} يوميًا. عد غدًا
549	حصلت عليه من إعلان!
550	🚀 اندفاع {} م
551	💰 عملات ×2
552	🔷 رنين +2
553	🎮 أنت المتحكم!
554	✓ مفعّل
555	المتجر
556	🛡 احتياطي: {}
557	🚀 المعززات تنتظر الجولة
558	عملات → مفاتيح، دروع، معززات، صناديق، آثار
559	أخضر
560	بولبيك الكلاسيكي
561	أزرق
562	🧲 مغناطيس: العملات تطير نحوك
563	وردي
564	💗 +1 حياة مرة في كل جولة
565	بنفسجي
566	🎯 نافذة PERFECT +30%
567	💰 عملات x2
568	🌈 GOOD لا يكسر الكومبو
569	☀️ مشمس
570	☁️ غائم
571	🌙 ليل
572	⭐ فضاء
573	🌧️ ممطر
574	🌅 غروب
575	🌫️ ضباب
576	🔷 هندسة
577	🌀 حلزون
578	🎨 بوب آرت
579	🔶 ريترو
580	⚡ نيو
581	✨ بسيط
582	🎒 حقيبة نفاثة!
583	⬇ المصعد في الأسفل!
584	💥 جدار!
585	🚀 سطح ◀   ▶ أرض
586	أرض ◀   ▶ 🚀 سطح
587	⬇ انهار السطح
588	اركض!
589	💗 حياة!
590	💔 ضاع FEVER!
591	🚀 إلى السطح!
592	💀 فخ!
593	✅ آمن!
594	⚠️ تشققات!
595	👻 يختفي!
596	❄️ زلِق!
597	🔺 قفزة!
598	⚡ دفعة!
599	⬇️ يسقط!
600	🎰 🛡️ +1 درع
601	🎰 🧲 مغناطيس!
602	🎰 الجائزة الكبرى! +
603	🌀 قفزة مزدوجة!
604	🛡 حافظت على FEVER!
605	أمسكتها!
606	🌟 لا يُصدق!
607	تجاوزت! +
608	طريق مختصر! +سرعة
609	🛡️ +1 درع
610	🧲 مغناطيس!
611	🔷 رنين ×2!
612	🌟 رائع!
613	💠 +1 نواة
614	🛡️ درع!
615	🎒 هبوط
616	🏆 رقم قياسي جديد!
617	لم تصل إلى هذا البعد من قبل.
618	🛡 الدرع جاهز · نقرتان
619	🔷 انتهى ×2
620	🌀 الحماية {} ث متبقية
621	🌀 انتهت الحماية
622	🏰 أُضيئت القلعة +15
623	🏆 الرقم القياسي
624	🏃 اهرب!
625	اضغط وحرّك → للتصويب
626	اقفز على المنصات!
627	اليوم لم يُضئ قوس قزح.
628	أكل آكل الغيوم ضوء القلاع…
629	…وسحبه إلى ما وراء الأفق. الأثر ما زال يتوهج.
630	انقر — تخطَّ
631	⚠  النواة غير مستقرة  ⚠
632	⚠  آكل الغيوم قريب  ⚠
633	الرنين
634	كومبو
635	رنين ×2 · معزز
636	كل النقاط مضاعفة لمدة {} ث أخرى. أطول — في المختبر
637	المغناطيس · يعمل وحده
638	يجذب العملات من المسارات المجاورة {} ث أخرى. أطول — في المختبر
639	الدرع · انقر الشاشة مرتين
640	الدروع من المتجر فقط، واحد لكل جولة. الاحتياطي: {}
641	القفزة المزدوجة · حماية
642	في بداية الجولة تنقذك من السقوط {} ث أخرى. أطول — في المختبر
643	 ث
644	إيقاف مؤقت
645	{} {} · {} م
646	▶  تابع
647	إلى القائمة
648	🚀 طيار آلي · بقي {} م
649	التحكم بعد
650	⚡ اندفاع
651	🏆 الرقم القياسي خلال
652	🛡 نقرتان — درع
653	اسحب بإصبعك
654	من أطفأ النواة؟
655	العب
656	القصة · طاقة النواة {}%
657	يتبع…
658	الرقم القياسي
659	الأبعد
660	المختبر
661	المهام
662	عوالم الجري الجديدة تُفتح في القصة
663	📺 إعلان
664	سيظهر هنا إعلان حقيقي
665	يتطلب {} {} من النواة
666	انتهت الجولة
667	اختبار العالم {}
668	المستوى {}-{}
669	أول مرة · +{} عملة
670	اجتزته مجددًا
671	حتى النهاية: {}/{} م
672	🏆 رقم قياسي جديد
673	🏆 رقم قياسي للمسافة
674	🔥 سلسلة {} {}
675	يوم
676	أيام
677	أيام
678	🏆 سِجل الشرارة: +{} {}
679	سجل
680	سجلات
681	سجلات
682	النقاط  ·  الرقم القياسي {}
683	المسافة
684	مكافأة +{}
685	  ·  فُتح {}
686	⬆ مستوى جديد {}!{}
687	🔷 رنين النواة
688	رتبة جديدة!
689	{}/3 · ×{} نقاط
690	المكافأة:
691	 · بحد أقصى ×30
692	+{} {} · افتح ▶
693	صندوق
694	صناديق
695	صناديق
696	يمكن التطوير: {} ▶
697	متابعة الجولة؟  ·  لديك 🔑 {}
698	إعلان
699	إعلانات
700	إعلانات
701	مفتاح
702	مفاتيح
703	مفاتيح
704	المستوى التالي
705	العب مجددًا
706	العوالم   ·   القائمة
707	القائمة الرئيسية
708	👼 عدت للحياة!
709	← رجوع
710	درع البداية
711	ابدأ الجولة بدرع
712	مغناطيس البداية
713	مغناطيس البداية: ضعف وقت المختبر
714	×2 عملات طوال الجولة التالية
715	 ي
716	 س
717	 د
718	كريستالي
719	✓ تم
720	رنين النواة
721	المهام تتكون من جولات
722	أقصى رنين
723	حتى ×{}: {}/3 مهام
724	 · مضاعف النقاط
725	صيد الشرارات
726	جديدة بعد
727	جُمعت إشارة النواة اليوم
728	شظايا الإشارة على المنصات
729	 ي
730	يومية
731	إصلاح النواة · الأسبوع
732	🔒 يُفتح في اليوم الثالث من اللعب
733	الطاقة: {}
734	🔥 السلسلة: {} {}
735	جولة +1 · مهمة +1 · يومية +2 · إشارة +3
736	استلم
737	🏆 سِجل الشرارة · {}/{}
738	🐸 مظهر كمكافأة
739	✓ دُوّن في السِّجل
740	🏆 تم!
741	سِجل الشرارة
742	  ·  جاهز: {}
743	🛒 المتجر
744	معززات للجولة التالية
745	✓ في الجولة التالية
746	شراء
747	مستوى
748	 · اكتملت المجموعة!
749	التالي: {} {} · مستوى {}
750	فُتحت كل الوحدات
751	مستوى {}/{}
752	يمنح:
753	الآن:
754	التالي:
755	🔒 يُفتح عند مستوى اللاعب
756	★ الحد الأقصى
757	يتطلب
758	 اللاعب
759	طوّر
760	{} {} → المستوى {}
761	عملات غير كافية — اجمعها في الجولات
762	تحتاج شظايا — تسقط من الصناديق
763	تحتاج نوى — ماسات في الجولات والصناديق
764	خشبي
765	كريستالي
766	ملحمي
767	 عملات
768	 نوى
769	 نوى
770	الشظايا {}/{}
771	شريط الصناديق
772	الجولات والأهداف تملأ الشريط · ملحمي مضمون بعد {}
773	افتح
774	تذهب الشظايا إلى الوحدة الأكثر حاجة
775	الفائض من الوحدات القصوى يتحول إلى نوى
776	 صندوق
777	★ الصندوق العاشر — رُقّي إلى ملحمي!
778	انقر للاستلام
779	مغلق
780	مُستعاد
781	قيد التقدم
782	مفتوح
783	🔒 أعد العالم {} لفتحه
784	العوالم
785	📜 سجل النواة · {}/{}
786	👾 المظاهر
787	👾 الشخصيات
788	🌤️ السماء
789	✅ مُختار
790	انقر
791	{} ي
792	{} س
793	{} د
794	{} ي
795	{} ث
796	{} م
797	{} كم
