0	ZU WEIT!
1	WOLKENGARTEN
2	Der Regenbogen erlosch. Der Wolkenfresser zog das Licht hinter den Horizont.
3	WINDIGER PASS
4	Dieser Wind ist sein Atem. Du bist auf seiner Spur.
5	GEWITTER
6	Du hast ihn eingeholt. Er wehrt sich.
7	NACHTHIMMEL
8	Er hat fast alles Licht gefressen. Bleib dicht dran.
9	STERNENSTROM
10	Du bist in ihm. Da sind sie — die gestohlenen Sterne.
11	Der Kern ruft den Funken!
12	Der Wolkenfresser fällt zurück!
13	Der Funke strahlt heller!
14	Geh nach Hause, Frosch. Der Himmel gehört jetzt mir.
15	Dann hole ich ihn mir zurück.
16	Du hältst das Gewitter nicht aus.
17	Ich habe deinen Garten ohne Licht ausgehalten.
18	Siehst du? Nichts. Nichts zum Festhalten.
19	Doch. Eine Spur.
20	…wie bist du hier hereingekommen?
21	Lauf.
22	👹 DER WOLKENFRESSER HOLT AUF!
23	👹 DER WOLKENFRESSER STAHL {} {}!
24	Münze
25	Münzen
26	Münzen
27	✨ ENTKOMMEN! +🎁 TRUHE
28	NEUER CHRONIK-EINTRAG
29	🐸 Neuer Skin:
30	👹 FLUCHT · PERFECT {}/{} · {}s
31	⛈ DER WOLKENFRESSER TOBT!
32	✨ ANGRIFF ABGEWEHRT! +40
33	⚠ KERN INSTABIL
34	⚠ WOLKENFRESSER IN DER NÄHE
35	DURCHGEHALTEN! +
36	⚡ SPRING AUF EINE ANDERE!
37	Holz
38	Bronze
39	Silber
40	Gold
41	Regenbogen
42	🌟 {}M EPISCH! 🌟
43	ERSTE SCHRITTE!
44	100 M HIMMEL ZURÜCK!
45	DIE BURGEN SEHEN DICH!
46	HALBER HIMMEL ZURÜCK!
47	TAUSEND METER HIMMEL!
48	LEGENDE DES GARTENS!
49	DER WOLKENFRESSER ZITTERT!
50	Hol 500 Punkte in einem Lauf
51	Lauf 200 m in einem Lauf
52	15 PERFECT in einem Lauf
53	Sammle 40 Münzen in einem Lauf
54	Erreiche eine x10-Combo
55	Sammle 4 Diamanten in einem Lauf
56	Spiel heute 3 Mal
57	Löse Fever 2 Mal in einem Lauf aus
58	{} MISSION! {}
59	MAGNET
60	Magnet hält 6 s
61	Magnet hält 8 s
62	Magnet hält 10 s
63	Magnet hält 12 s
64	Magnet hält 15 s und zieht auch die nächste Reihe
65	SCHILD
66	Schild aus dem Shop: Doppeltippen, hält 5 s
67	Schild hält 6 s
68	Schild hält 7 s
69	Schild hält 8 s
70	Schild hält 10 s
71	SPRINT
72	Sprint fliegt 1 s von selbst
73	Sprint hält 1.5 s
74	Sprint hält 2 s
75	Sprint hält 2.5 s
76	Sprint hält 3 s
77	FEVER-KERN
78	Fever nach 5 PERFECT
79	Fever nach 4 PERFECT
80	4 PERFECT · 2 Fehler im Fever
81	3 PERFECT · Münzen ×3 im Fever
82	3 PERFECT · 3 Fehler · ×3
83	DOPPELSPRUNG
84	Startschutz: 5 s rettet vor Stürzen
85	Schutz 7 s
86	Schutz 9 s
87	Schutz 11 s
88	Schutz 13 s
89	RESONANZ ×2
90	×2-Booster auf Plattformen hält 6 s
91	×2-Booster hält 8 s
92	×2-Booster hält 10 s
93	×2-Booster hält 12 s
94	×2-Booster hält 15 s
95	BELOHNUNGSBONUS
96	+15 % Münzen und Kerne pro Lauf
97	×2 Belohnungen
98	Freigeschaltet ab Stufe
99	MAX
100	Benötigt Stufe
101	Grundlagen: PERFECT, Combo und Fever
102	Neu: Wind drückt dich zur Seite
103	Neu: Blitze zerstören Plattformen
104	Neu: Dunkelheit — du siehst nur das Nahe
105	Neu: irres Tempo
106	🏆 PRÜFUNG BESTANDEN!
107	🏁 STUFE GESCHAFFT!
108	Finde heraus, was mit dem Kern geschah.
109	Der Garten leuchtet wieder.
110	Grundlagen · bewegliche Plattformen
111	Morgen im Wolkengarten. Die Funken erlöschen.
112	Die Stabilisatoren werden schwach.
113	Plattformen schweben — halte den Rhythmus.
114	Eine Spur im Kernprotokoll.
115	Etwas Dunkles wächst in den Wolken.
116	Stelle den Energieknoten des Gartens wieder her.
117	NEONSTADT
118	Verfolge den Zugangsschlüssel.
119	Schlüssel A-1 gefunden.
120	Blitze · bewegliche Plattformen
121	Eine Stadt ohne Licht.
122	Gerissene Leitungen schlagen Blitze.
123	Finde heraus, wer ins Netz kam.
124	Der Zugangsschlüssel ist nah.
125	Der Wolkenfresser folgt dir.
126	Stelle den Energieknoten der Stadt wieder her.
127	REAKTORVIERTEL
128	Finde das Labor des Architekten.
129	Labor gefunden.
130	Hitze · hohes Tempo
131	Der Reaktor wurde hochgejagt. Hitze und Tempo.
132	Bleib nicht stehen — hier ist es heiß.
133	Jemand hat Spuren verwischt.
134	Labor A-1 ist nah.
135	Der Reaktor ist am Limit.
136	Kühle den Reaktorknoten.
137	HIMMELSVIERTEL
138	Finde das Signal des Architekten.
139	Aufzeichnung des Architekten gefunden.
140	Wind · Dunkelheit
141	Die Wetterstation ist kaputt.
142	Wind drückt dich zur Seite.
143	Dunkelheit und Wind zugleich.
144	Ein schwaches Signal von A-1.
145	Sturm über dem Viertel.
146	Erreiche die Funkstation.
147	ZENTRALKERN
148	Stelle den Kern wieder her.
149	Kern wiederhergestellt.
150	Alles zusammen · Kollaps
151	Der Kern ruft seinen Funken.
152	Entladungen im Dunkeln.
153	Der Kern zieht dich nach vorn.
154	Das Schloss des Kerns ist nah.
155	Alles auf einmal. Du bist nah dran.
156	KERNKOLLAPS. Erreiche die Mitte.
157	⚠ KERN: KRITISCHER ZUSTAND
158	⚠ ENTLADUNGEN!
159	⚠ BESCHLEUNIGUNG
160	⚠ KOLLAPS!
161	Endloser Lauf ·
162	Der Kern wurde von Hand abgeschaltet. Um 03:17.
163	Der Wolkenfresser ist Licht, das aus dem Kern ausgetreten ist.
164	Zugang mit Schlüssel A-1.
165	A-1 ist der Schlüssel des Architekten, des Schöpfers des Kerns.
166	Labor A-1 wurde in Eile verlassen.
167	A-1s letztes Signal kam aus dem Himmelsviertel.
168	Architekt: Trau der Stimme nicht.
169	Schlüssel A-1 wurde benutzt, als der Architekt schon fort war.
170	Nur der Funke öffnet das Schloss des Kerns.
171	ORA hat Schlüssel A-1 gefälscht.
172	SYSTEMFEHLER
173	VERBINDUNG ZUM KERN VERLOREN
174	ORA: Die Funken erlöschen einer nach dem anderen…
175	ORA: Du bist der Letzte, Bulbik.
176	Finde den Kern.
177	Ich… ein Funke?
178	START
179	GARTENENERGIE: 61%
180	ORA: Die Stabilisatoren versagen.
181	ORA: Die Plattformen werden schweben — halt dich fest.
182	Ich halte mich!
183	KERNPROTOKOLL: VON HAND ABGESCHALTET
184	ORA: Das ist kein Unfall. Das war Absicht.
185	Aber wer?
186	Doch in den Wolken ist etwas erwacht…
187	ORA: Das ist der Wolkenfresser. Er frisst Licht…
188	ORA: …und er ist hinter dir her.
189	Hinter mir?!
190	STADTNETZ: UNTERBROCHEN
191	ORA: Gerissene Leitungen schlagen Blitze.
192	ORA: Wähle deine Plattform mit Bedacht.
193	Ich sehe es!
194	ZUGANGSSCHLÜSSEL: A-1
195	ORA: A-1… Das ist der Schlüssel des Architekten.
196	ORA: Dessen, der den Kern erschuf.
197	Der Architekt?
198	DIE SPUR FÜHRT ZUM REAKTOR
199	ORA: Er verschwand in der Nacht des Unfalls.
200	ORA: Finde ihn.
201	Mach ich!
202	TEMPERATUR: KRITISCH
203	ORA: Der Reaktor wurde absichtlich hochgejagt.
204	ORA: Jemand hat Spuren verwischt.
205	Heiß!
206	LABOR A-1: LEER
207	ORA: Er ist geflohen. Schuldige fliehen immer.
208	Aber wohin?
209	Der Reaktor kühlt ab.
210	ORA: Sein Signal kommt vom Himmel.
211	Ich finde ihn.
212	WETTERSTATION: STÖRUNG
213	ORA: Wind und Dunkelheit.
214	ORA: Bleib nicht stehen, Funke.
215	Kalt…
216	AUFZEICHNUNG A-1 · BESCHÄDIGT
217	ARCH: Wenn du das hörst…
218	ARCH: …trau der Stimme nicht.
219	Welcher Stimme?
220	ORA: Seltsame Aufzeichnung. Wohl ein Fehler.
221	ORA: Der Kern ist nah. Beeil dich.
222	Hier stimmt was nicht…
223	KERN: 12% LEISTUNG
224	Er hört seinen Funken.
225	Er ruft mich!
226	SCHLOSS DES KERNS: VERSCHLOSSEN
227	ORA: Nur der Funke kann es öffnen.
228	ORA: Nur du.
229	Nur ich?
230	KERN WIEDERHERGESTELLT
231	ORA!: Danke, Funke.
232	ORA!: Allein konnte ich ihn nicht öffnen.
233	ORA!: Jetzt gehört der Kern mir.
234	VERBINDUNG VERLOREN
235	ORA?!
236	NEU: FUNKENJAGD
237	ORA: Der Kern sendet ein Signal — 3 Fragmente am Tag.
238	ORA: Such nach blauen Scheiben mit einem Strahl.
239	ORA: Sammle alle drei — und der Kern belohnt dich.
240	Fortschritt — in MISSIONEN
241	Ich suche!
242	NEU: KERNREPARATUR
243	ORA: Läufe und Missionen geben dem Kern Energie.
244	ORA: Sieben Belohnungen pro Woche, bis hin zu Truhen.
245	ORA: Spiel jeden Tag — eine Serie bringt mehr.
246	Belohnungen — in MISSIONEN
247	Jeden Tag!
248	NEU: CHRONIK DES FUNKENS
249	ORA: Der Kern erinnert sich an jede deiner Taten.
250	ORA: Für jeden Eintrag eine Belohnung.
251	MISSIONEN → 🏆 CHRONIK
252	Ich hole es!
253	ORA
254	ARCHITEKT · AUFZEICHNUNG
255	⚠  SYSTEMWARNUNG  ⚠
256	{}ERINNERUNG {} · KERNPROTOKOLL
257	NEUE
258	Weltgeschichte abgeschlossen
259	Energie wiederhergestellt
260	Truhe erhalten
261	Erinnerung gefunden
262	Freigeschaltet:
263	WELT
264	 WIEDERHERGESTELLT
265	FORTSETZUNG FOLGT
266	ORA IST IM NETZ. WO IST DER ARCHITEKT?
267	WEITER
268	ERINNERUNG {}  ·  {} {}
269	🔒 Noch nicht gefunden
270	KERNPROTOKOLL
271	WER HAT DEN KERN ABGESCHALTET?  ·  {}/{}
272	{} PERFECT in einem Lauf
273	Combo ×{}
274	Fever {}×
275	Fever {}× in einem Lauf
276	{} s im Fever
277	{} m im Fever
278	Lauf {} m
279	{} m in einem Lauf
280	{} m ohne Schild
281	Sammle {} {}
282	{} {} in einem Lauf
283	Münze
284	{} Münzen in der Luft
285	Diamant
286	Diamanten
287	Diamanten
288	hoher Sprung
289	hohe Sprünge
290	hohe Sprünge
291	bewegliche Plattform
292	bewegliche Plattformen
293	bewegliche Plattformen
294	{} PERFECT auf beweglichen
295	lange Plattform
296	lange Plattformen
297	lange Plattformen
298	Sprint {}×
299	Schalte den Schild {}× ein
300	Schild rettet dich {}×
301	Doppelsprung rettet dich {}×
302	Weiche {} {} aus
303	Blitzen
304	Blitzen
305	{} m unter Blitzen
306	{} m im irren Tempo
307	{} m gegen den Wind
308	{} m im Dunkeln
309	{} m im Wolkengarten
310	{} m in der Neonstadt
311	{} m im Reaktor
312	{} m im Himmelsviertel
313	{} m im Zentralkern
314	Schaffe eine Story-Stufe
315	Schaffe {} Story-{}
316	Stufe
317	Stufen
318	Stufen
319	Spiele {} {}
320	Lauf
321	Läufe
322	Läufe
323	🔷 MISSION ERFÜLLT
324	Holztruhe
325	Kristalltruhe
326	epische Truhe
327	Schlüssel
328	Schlüssel
329	Schlüssel
330	Kern
331	Kerne
332	Kerne
333	Fragment
334	Fragmente
335	Fragmente
336	ORA: Ich fange Bruchstücke des alten Kernsignals auf.
337	ORA: Noch ein Bruchstück. Das Signal ist… seltsam.
338	ORA: Dieses Signal ist älter als ich.
339	ORA: Achte nicht darauf, Funke.
340	🔷 SIGNALFRAGMENT {}/3
341	📡 KERNSIGNAL GESAMMELT!
342	LAUFEN
343	Erste Schritte
344	Lauf insgesamt 1.000 m
345	Marathonläufer
346	Lauf insgesamt 10.000 m
347	Weg zum Kern
348	Lauf insgesamt 50.000 m
349	Anlauf
350	300 m in einem Lauf
351	Langstreckler
352	800 m in einem Lauf
353	Unaufhaltsam
354	1.500 m in einem Lauf
355	Neuling
356	Spiele 10 Läufe
357	Stammgast
358	Spiele 100 Läufe
359	Legende der Strecke
360	Spiele 500 Läufe
361	PRÄZISION
362	Volltreffer!
363	100 PERFECT insgesamt
364	Scharfschütze
365	1.000 PERFECT insgesamt
366	Makellos
367	5.000 PERFECT insgesamt
368	MEISTERSCHAFT
369	Erster Flug
370	Flieg auf ein Dach
371	Dachbewohner
372	Flieg insgesamt 25 Mal auf ein Dach
373	Dachkönig
374	Flieg insgesamt 100 Mal auf ein Dach
375	Erste Ladung
376	Löse Fever aus
377	Überladung
378	Fever insgesamt 50 Mal
379	Lebender Blitz
380	Insgesamt 10 Minuten im Fever
381	SCHÄTZE
382	Sparschwein
383	Sammle insgesamt 2.000 Münzen
384	Schatzmeister
385	Sammle insgesamt 25.000 Münzen
386	Goldregen
387	500 Münzen in einem Lauf
388	Sternenfänger
389	Insgesamt 300 Münzen in der Luft
390	Diamantglanz
391	Sammle insgesamt 100 Diamanten
392	Schatzsucher
393	Öffne 25 Truhen
394	Surfer
395	Insgesamt 200 bewegliche Plattformen
396	Langer Weg
397	Insgesamt 300 lange Plattformen
398	Känguru
399	Insgesamt 100 hohe Sprünge
400	Schutzengel
401	Schild rettet dich insgesamt 10 Mal
402	Zweiter Atem
403	Doppelsprung rettet dich insgesamt 10 Mal
404	Blitzableiter
405	Weiche insgesamt 100 Blitzen aus
406	Ingenieur
407	Insgesamt 15 Modulstufen
408	Modulmeister
409	Bring ein Modul auf das Maximum
410	GESCHICHTE
411	Raus aus dem Garten
412	Schaffe den Wolkengarten
413	Neonlichter
414	Schaffe die Neonstadt
415	Heißes Herz
416	Schaffe den Reaktor
417	Über den Wolken
418	Schaffe das Himmelsviertel
419	Wahrheit des Kerns
420	Schaffe die ganze Geschichte
421	Hüter der Erinnerung
422	Finde alle Erinnerungen des Kerns
423	KERN
424	Erste Resonanz
425	Erreiche Resonanz ×5
426	Tiefe Resonanz
427	Erreiche Resonanz ×15
428	Herz des Kerns
429	Erreiche Resonanz ×30
430	Signaljäger
431	Sammle das Kernsignal 7 Mal
432	Treue zum Funken
433	7 Tage in Folge
434	Bulbik
435	Eisig
436	Neon
437	Golden
438	Reaktor
439	Resonator
440	Schatten
441	Nuklear
442	Regenbogen
443	NEU · CHRONIK
444	★ BESONDERS
445	✓ AUSGERÜSTET
446	AUSRÜSTEN
447	📺 5/5 · RABATT!
448	GARDEROBE
449	{}/{} · Münzen · Chronik · ★ Münzen+Werbung
450	📺 Rabatt! {} kostet jetzt {}
451	📺 {}/{} — noch {} bis zum Preis {}
452	Es fehlen {} Münzen
453	 · oder 📺 Rabatt
454	🐸 {} gehört dir!
455	🔒 Chronik: «{}» — {}
456	MÜNZEN
457	Labor, Skins, Spuren und Shop
458	Münzen auf Plattformen und in der Luft
459	Distanzboni und Akt-Finale
460	Tagesmissionen, Kernresonanz, Woche
461	Truhen
462	KERNE
463	Modulstufen 4–5 · 100 Kerne → 1 Schlüssel
464	💎 Diamanten auf Plattformen: je 4 = 1 Kern
465	Truhen: Holz 1, Kristall 4, episch 12
466	Missionen, Kernresonanz, Woche
467	FRAGMENTE
468	Module im Labor verbessern
469	Truhen — die meisten in epischen
470	Funkenjagd: 3 Scheiben pro Tag
471	Tagesmissionen und Kernresonanz
472	KERNSCHLÜSSEL
473	Einen Lauf nach einem Sturz fortsetzen
474	Shop: für Münzen oder Werbung (3 pro Tag)
475	Tausche 100 Kerne → 1 Schlüssel
476	Epische Truhen, Woche und Tagesserie
477	WOHER DIE WÄHRUNGEN KOMMEN
478	tippen zum Schließen
479	 km
480	 m
481	Läufe
482	Münzen verdient
483	Fragmente gesammelt
484	Truhen geöffnet
485	Kerne gesammelt
486	Bester Punktestand
487	Längster Lauf
488	Gesamtstrecke
489	Skins
490	STUFE
491	Chronik: {}/{} · Module: {}/{}
492	SPRACHE
493	PROFIL
494	alles, was du im Spiel geschafft hast
495	🌐 SPRACHE
496	SKINS
497	Funken
498	Schneeflocken
499	Flamme
500	Neon
501	Regenbogen
502	Lauf fortsetzen
503	Kernschlüssel
504	3 Kernschlüssel
505	1.500 Münzen gespart
506	Schlüssel für Kerne
507	Tausch: 100 Kerne → 1 Schlüssel
508	ERSATZSCHILDE
509	Doppeltippen · einer pro Lauf
510	Schild
511	Ersatz-Schildladung
512	5 Schilde
513	300 Münzen gespart
514	BOOSTER
515	für den nächsten Lauf
516	Sprint 200 m
517	Autopilot zu Laufbeginn
518	Sprint 500 m
519	Langer Autopilot zu Beginn
520	Doppelte Münzen
521	Alle Münzen des Laufs ×2
522	Resonanz +2
523	Punktemultiplikator +2 für einen Lauf
524	TRUHEN
525	öffnen im Bereich TRUHEN
526	Holztruhe
527	Münzen, Kerne und Fragmente
528	Kristalltruhe
529	Mehr Fragmente · Chance auf Schlüssel
530	Epische Truhe
531	Viele Fragmente · einmal pro 72 h
532	SPRUNGSPUREN
533	bei jedem Sprung sichtbar
534	Eine Spur hinter Bulbik im Flug
535	Schon aktiv für den nächsten Lauf
536	Sprint schon für den nächsten Lauf gekauft
537	Es fehlen {} Kerne
538	Die Truhe wartet unter TRUHEN
539	Gilt im nächsten Lauf
540	Spur gewählt!
541	Gekauft!
542	Werbung nicht geladen — versuch es nochmal
543	{}/{} heute
544	morgen
545	verfügbar!
546	Schlüssel für Werbung — 3 Mal am Tag. Komm morgen wieder
547	Epische Truhe für Werbung — in {}
548	Für Werbung — {} pro Tag. Komm morgen wieder
549	Für Werbung erhalten!
550	🚀 SPRINT {} m
551	💰 MÜNZEN ×2
552	🔷 RESONANZ +2
553	🎮 DU STEUERST!
554	✓ AKTIV
555	SHOP
556	🛡 Vorrat: {}
557	🚀 Booster warten auf den Lauf
558	Münzen → Schlüssel, Schilde, Booster, Truhen, Spuren
559	Grün
560	Klassischer Bulbik
561	Blau
562	🧲 Magnet: Münzen fliegen zu dir
563	Rosa
564	💗 +1 Leben einmal pro Lauf
565	Lila
566	🎯 PERFECT-Fenster +30%
567	💰 Münzen x2
568	🌈 GOOD bricht die Combo nicht
569	☀️ Sonnig
570	☁️ Bewölkt
571	🌙 Nacht
572	⭐ Weltall
573	🌧️ Regnerisch
574	🌅 Sonnenuntergang
575	🌫️ Nebel
576	🔷 Geometrie
577	🌀 Spirale
578	🎨 Pop-Art
579	🔶 Retro
580	⚡ Neo
581	✨ Minimal
582	🎒 JETPACK!
583	⬇ AUFZUG UNTEN!
584	💥 WAND!
585	🚀 DACH ◀   ▶ BODEN
586	BODEN ◀   ▶ 🚀 DACH
587	⬇ DAS DACH IST EINGESTÜRZT
588	LAUF!
589	💗 LEBEN!
590	💔 FEVER VERLOREN!
591	🚀 AUFS DACH!
592	💀 FALLE!
593	✅ SICHER!
594	⚠️ RISSE!
595	👻 VERSCHWINDET!
596	❄️ RUTSCHIG!
597	🔺 SPRUNG!
598	⚡ BOOST!
599	⬇️ FÄLLT!
600	🎰 🛡️ +1 SCHILD
601	🎰 🧲 MAGNET!
602	🎰 JACKPOT! +
603	🌀 DOPPELSPRUNG!
604	🛡 FEVER GEHALTEN!
605	ERWISCHT!
606	🌟 UNGLAUBLICH!
607	ZU WEIT! +
608	ABKÜRZUNG! +Tempo
609	🛡️ +1 SCHILD
610	🧲 MAGNET!
611	🔷 RESONANZ ×2!
612	🌟 SUPER!
613	💠 +1 KERN
614	🛡️ SCHILD!
615	🎒 LANDUNG
616	🏆 NEUER REKORD!
617	So weit warst du noch nie.
618	🛡 SCHILD BEREIT · DOPPELTIPPEN
619	🔷 ×2 VORBEI
620	🌀 SCHUTZ NOCH {} s
621	🌀 SCHUTZ VORBEI
622	🏰 BURG ENTZÜNDET +15
623	🏆 REKORD
624	🏃 FLIEH!
625	Halten und bewegen → zum Zielen
626	Spring über die Plattformen!
627	Heute ist der Regenbogen nicht aufgeleuchtet.
628	Der Wolkenfresser fraß das Licht der Burgen…
629	…und zog es hinter den Horizont. Die Spur glimmt noch.
630	tippen — überspringen
631	⚠  KERN INSTABIL  ⚠
632	⚠  WOLKENFRESSER IN DER NÄHE  ⚠
633	RESONANZ
634	COMBO
635	RESONANZ ×2 · Booster
636	Alle Punkte zählen noch {} s doppelt. Länger — im Labor
637	MAGNET · wirkt von selbst
638	Zieht noch {} s Münzen aus Nachbarspuren. Länger — im Labor
639	SCHILD · doppelt auf den Bildschirm tippen
640	Schilde nur aus dem Shop, einer pro Lauf. Vorrat: {}
641	DOPPELSPRUNG · Schutz
642	Rettet zu Laufbeginn noch {} s vor Stürzen. Länger — im Labor
643	 s
644	PAUSE
645	{} {} · {} m
646	▶  WEITER
647	ZUM MENÜ
648	🚀 AUTOPILOT · noch {} m
649	STEUERUNG IN
650	⚡ SPRINT
651	🏆 REKORD in
652	🛡 DOPPELTIPPEN — SCHILD
653	Mit dem Finger wischen
654	WER HAT DEN KERN ABGESCHALTET?
655	SPIELEN
656	GESCHICHTE · KERNENERGIE {}%
657	FORTSETZUNG FOLGT…
658	REKORD
659	AM WEITESTEN
660	LABOR
661	MISSIONEN
662	Neue Welten für Läufe öffnet die Geschichte
663	📺 WERBUNG
664	hier kommt echte Werbung hin
665	Benötigt {} {} des Kerns
666	LAUF BEENDET
667	WELTPRÜFUNG {}
668	STUFE {}-{}
669	Erstes Mal · +{} Münzen
670	Erneut geschafft
671	Bis zum Ziel: {}/{} m
672	🏆 NEUER REKORD
673	🏆 DISTANZREKORD
674	🔥 Serie {} {}
675	Tag
676	Tage
677	Tage
678	🏆 Chronik des Funkens: +{} {}
679	Eintrag
680	Einträge
681	Einträge
682	PUNKTE  ·  REKORD {}
683	DISTANZ
684	Bonus +{}
685	  ·  geöffnet {}
686	⬆ NEUE STUFE {}!{}
687	🔷 KERNRESONANZ
688	NEUER RANG!
689	{}/3 · ×{} Punkte
690	Belohnung:
691	 · maximal ×30
692	+{} {} · ÖFFNEN ▶
693	Truhe
694	Truhen
695	Truhen
696	Verbesserbar: {} ▶
697	LAUF FORTSETZEN?  ·  du hast 🔑 {}
698	WERBUNG
699	WERBUNGEN
700	WERBUNGEN
701	SCHLÜSSEL
702	SCHLÜSSEL
703	SCHLÜSSEL
704	NÄCHSTE STUFE
705	NOCHMAL
706	WELTEN   ·   MENÜ
707	HAUPTMENÜ
708	👼 WIEDERBELEBT!
709	← Zurück
710	Startschild
711	Starte den Lauf mit Schild
712	Magnet zum Start
713	Magnet zum Start: doppelte Laborzeit
714	×2 Münzen den ganzen nächsten Lauf
715	 T
716	 Std
717	 Min
718	Kristall
719	✓ ERLEDIGT
720	KERNRESONANZ
721	Missionen bestehen aus Läufen
722	Maximale Resonanz
723	Bis ×{}: {}/3 Missionen
724	 · Punktemultiplikator
725	FUNKENJAGD
726	neu in
727	Das heutige Kernsignal ist gesammelt
728	Signalfragmente auf Plattformen
729	 T
730	TÄGLICH
731	KERNREPARATUR · WOCHE
732	🔒 Öffnet am dritten Spieltag
733	Energie: {}
734	🔥 Serie: {} {}
735	Lauf +1 · Mission +1 · täglich +2 · Signal +3
736	ABHOLEN
737	🏆 CHRONIK DES FUNKENS · {}/{}
738	🐸 Skin als Belohnung
739	✓ In die Chronik eingetragen
740	🏆 Erledigt!
741	CHRONIK DES FUNKENS
742	  ·  BEREIT: {}
743	🛒 SHOP
744	Booster für den nächsten Lauf
745	✓ IM NÄCHSTEN
746	KAUFEN
747	ST
748	 · Satz erledigt!
749	Nächstes: {} {} · St. {}
750	Alle Module freigeschaltet
751	ST {}/{}
752	Gibt:
753	Jetzt:
754	Nächste:
755	🔒 Öffnet ab Spielerstufe
756	★ MAXIMUM
757	Benötigt
758	 Spieler
759	VERBESSERN
760	{} {} → Stufe {}
761	Zu wenig Münzen — sammle sie in Läufen
762	Fragmente nötig — sie fallen aus Truhen
763	Kerne nötig — Diamanten in Läufen und Truhen
764	HOLZ
765	KRISTALL
766	EPISCH
767	 Münzen
768	 Kerne
769	 Kerne
770	Fragmente {}/{}
771	TRUHENLEISTE
772	Läufe und Ziele füllen die Leiste · episch garantiert in {}
773	ÖFFNEN
774	Fragmente gehen an das Modul, das sie am meisten braucht
775	Überschuss für maximale Module wird zu Kernen
776	 TRUHE
777	★ 10. Truhe — zu episch aufgewertet!
778	Tippen zum Einsammeln
779	GESCHLOSSEN
780	WIEDERHERGESTELLT
781	IN ARBEIT
782	OFFEN
783	🔒 Stelle Welt {} wieder her, um sie zu öffnen
784	WELTEN
785	📜 KERNPROTOKOLL · {}/{}
786	👾 SKINS
787	👾 Figuren
788	🌤️ Himmel
789	✅ Gewählt
790	Tippen
791	{} T
792	{} Std
793	{} Min
794	{} T
795	{} s
796	{} m
797	{} km
