0	OVERSHOT!
1	CLOUD GARDEN
2	The rainbow went out. The Cloudeater dragged the light over the horizon.
3	WINDY PASS
4	This wind is his breath. You're on his trail.
5	STORM
6	You caught up with him. He's fighting back.
7	NIGHT SKY
8	He's eaten almost all the light. Stay close.
9	STAR STREAM
10	You're inside him. There they are — the stolen stars.
11	The Core calls the Spark!
12	The Cloudeater falls behind!
13	The Spark shines brighter!
14	Go home, frog. The sky is mine now.
15	Then I'll take it back.
16	You won't survive the storm.
17	I survived your Garden without light.
18	See? Nothing. Nothing to hold on to.
19	There is. A trail.
20	…how did you get in here?
21	Run.
22	👹 THE CLOUDEATER IS CATCHING UP!
23	👹 THE CLOUDEATER STOLE {} {}!
24	coin
25	coins
26	coins
27	✨ ESCAPED! +🎁 CHEST
28	NEW CHRONICLE ENTRY
29	🐸 New skin:
30	👹 ESCAPE · PERFECT {}/{} · {}s
31	⛈ THE CLOUDEATER RAGES!
32	✨ ATTACK REPELLED! +40
33	⚠ CORE INSTABILITY
34	⚠ CLOUDEATER NEARBY
35	SURVIVED! +
36	⚡ JUMP TO ANOTHER ONE!
37	Wooden
38	Bronze
39	Silver
40	Gold
41	Rainbow
42	🌟 {}M EPIC! 🌟
43	FIRST STEPS!
44	100 M OF SKY RECLAIMED!
45	THE CASTLES SEE YOU!
46	HALF THE SKY RECLAIMED!
47	A THOUSAND METRES OF SKY!
48	LEGEND OF THE GARDEN!
49	THE CLOUDEATER TREMBLES!
50	Score 500 points in a run
51	Run 200 m in a run
52	15 PERFECT in a run
53	Collect 40 coins in a run
54	Reach a x10 combo
55	Collect 4 diamonds in a run
56	Play 3 times today
57	Trigger Fever 2 times in a run
58	{} MISSION! {}
59	MAGNET
60	Magnet lasts 6 s
61	Magnet lasts 8 s
62	Magnet lasts 10 s
63	Magnet lasts 12 s
64	Magnet lasts 15 s and also pulls the next row
65	SHIELD
66	Shield from the Store: double tap, lasts 5 s
67	Shield lasts 6 s
68	Shield lasts 7 s
69	Shield lasts 8 s
70	Shield lasts 10 s
71	DASH
72	Dash flies on its own for 1 s
73	Dash lasts 1.5 s
74	Dash lasts 2 s
75	Dash lasts 2.5 s
76	Dash lasts 3 s
77	FEVER CORE
78	Fever after 5 PERFECT
79	Fever after 4 PERFECT
80	4 PERFECT · 2 misses in Fever
81	3 PERFECT · coins ×3 in Fever
82	3 PERFECT · 3 misses · ×3
83	DOUBLE JUMP
84	Start guard: 5 s saves you from falls
85	Guard 7 s
86	Guard 9 s
87	Guard 11 s
88	Guard 13 s
89	RESONANCE ×2
90	×2 booster on platforms lasts 6 s
91	×2 booster lasts 8 s
92	×2 booster lasts 10 s
93	×2 booster lasts 12 s
94	×2 booster lasts 15 s
95	REWARD BONUS
96	+15% coins and cores per run
97	×2 rewards
98	Unlocks at level
99	MAX
100	Requires level
101	Basics: PERFECT, combo and Fever
102	New: wind pushes you sideways
103	New: lightning breaks platforms
104	New: darkness — you only see nearby
105	New: crazy speed
106	🏆 TRIAL COMPLETE!
107	🏁 LEVEL COMPLETE!
108	Find out what happened to the Core.
109	The Garden glows again.
110	Basics · moving platforms
111	Morning in the Cloud Garden. The sparks are fading.
112	The stabilizers are weakening.
113	Platforms drift — keep the rhythm.
114	A trace in the Core's log.
115	Something dark grows in the clouds.
116	Restore the Garden's Power Node.
117	NEON CITY
118	Trace the access key.
119	Key A-1 found.
120	Lightning · moving platforms
121	A city without light.
122	Broken lines strike with lightning.
123	Find out who entered the network.
124	The access key is close.
125	The Cloudeater follows you.
126	Restore the City Power Node.
127	REACTOR DISTRICT
128	Find the Architect's lab.
129	Lab found.
130	Heat · high speed
131	The reactor was overdriven. Heat and speed.
132	Don't stop — it's hot here.
133	Someone covered their tracks.
134	Lab A-1 is close.
135	The reactor is at its limit.
136	Cool down the Reactor Node.
137	SKY DISTRICT
138	Find the Architect's signal.
139	Architect's record found.
140	Wind · darkness
141	The weather station is broken.
142	Wind pushes you sideways.
143	Darkness and wind together.
144	A faint A-1 signal.
145	A storm over the district.
146	Reach the comms station.
147	CENTRAL CORE
148	Restore the Core.
149	Core restored.
150	Everything at once · collapse
151	The Core calls its Spark.
152	Discharges in the dark.
153	The Core pulls you forward.
154	The Core's lock is close.
155	Everything at once. You're close.
156	CORE COLLAPSE. Reach the center.
157	⚠ CORE: CRITICAL STATE
158	⚠ DISCHARGES!
159	⚠ ACCELERATION
160	⚠ COLLAPSE!
161	Endless run ·
162	The Core was shut down by hand. At 03:17.
163	The Cloudeater is light that leaked out of the Core.
164	Login made with key A-1.
165	A-1 is the key of the Architect, the Core's creator.
166	Lab A-1 was abandoned in a hurry.
167	A-1's last signal came from the Sky District.
168	Architect: don't trust the voice.
169	Key A-1 was used after the Architect was already gone.
170	Only the Spark can open the Core's lock.
171	Key A-1 was forged by ORA.
172	SYSTEM FAILURE
173	CONNECTION TO THE CORE LOST
174	ORA: The sparks are going out one by one…
175	ORA: You're the last one, Bulbik.
176	Find the Core.
177	Me… a Spark?
178	START
179	GARDEN ENERGY: 61%
180	ORA: The stabilizers are failing.
181	ORA: The platforms will drift — hold on.
182	Holding on!
183	CORE LOG: SHUT DOWN MANUALLY
184	ORA: This isn't an accident. Someone did it on purpose.
185	But who?
186	But something woke up in the clouds…
187	ORA: That's the Cloudeater. It eats light…
188	ORA: …and it's coming for you.
189	For me?!
190	CITY GRID: BROKEN
191	ORA: Broken lines strike with lightning.
192	ORA: Choose your platform carefully.
193	I see it!
194	ACCESS KEY: A-1
195	ORA: A-1… That's the Architect's key.
196	ORA: The one who created the Core.
197	The Architect?
198	THE TRAIL LEADS TO THE REACTOR
199	ORA: He vanished on the night of the accident.
200	ORA: Find him.
201	I will!
202	TEMPERATURE: CRITICAL
203	ORA: The reactor was overdriven on purpose.
204	ORA: Someone covered their tracks.
205	It's hot!
206	LAB A-1: EMPTY
207	ORA: He ran. The guilty always run.
208	But where?
209	The reactor will cool down.
210	ORA: His signal is in the Sky.
211	I'll find him.
212	WEATHER STATION: FAILURE
213	ORA: Wind and darkness.
214	ORA: Don't stop, Spark.
215	It's cold…
216	RECORD A-1 · DAMAGED
217	ARCH: If you can hear this…
218	ARCH: …don't trust the voice.
219	What voice?
220	ORA: A strange record. Probably a glitch.
221	ORA: The Core is near. Hurry.
222	Something's not right here…
223	CORE: 12% POWER
224	It hears its Spark.
225	It's calling me!
226	CORE LOCK: CLOSED
227	ORA: Only the Spark can open it.
228	ORA: Only you.
229	Only me?
230	CORE RESTORED
231	ORA!: Thank you, Spark.
232	ORA!: I couldn't open it myself.
233	ORA!: Now the Core is mine.
234	CONNECTION LOST
235	ORA?!
236	NEW: SPARK HUNT
237	ORA: The Core sends a signal — 3 fragments a day.
238	ORA: Look for blue discs with a beam.
239	ORA: Collect all three — and the Core will reward you.
240	Progress — in MISSIONS
241	On it!
242	NEW: CORE REPAIR
243	ORA: Runs and missions give the Core energy.
244	ORA: Seven rewards a week, all the way to chests.
245	ORA: Play every day — a streak gives more.
246	Rewards — in MISSIONS
247	Every day!
248	NEW: SPARK CHRONICLE
249	ORA: The Core remembers every feat of yours.
250	ORA: A reward for every entry.
251	MISSIONS → 🏆 CHRONICLE
252	Claiming!
253	ORA
254	ARCHITECT · RECORD
255	⚠  SYSTEM WARNING  ⚠
256	{}MEMORY {} · CORE LOG
257	NEW
258	World story complete
259	Energy restored
260	Chest received
261	Memory found
262	Unlocked:
263	WORLD
264	 RESTORED
265	TO BE CONTINUED
266	ORA IS IN THE NETWORK. WHERE IS THE ARCHITECT?
267	NEXT
268	MEMORY {}  ·  {} {}
269	🔒 Not found yet
270	CORE LOG
271	WHO SHUT DOWN THE CORE?  ·  {}/{}
272	{} PERFECT in one run
273	Combo ×{}
274	Fever {}×
275	Fever {}× in one run
276	{} s in Fever
277	{} m in Fever
278	Run {} m
279	{} m in one run
280	{} m without a shield
281	Collect {} {}
282	{} {} in one run
283	coin
284	{} coins in the air
285	diamond
286	diamonds
287	diamonds
288	high jump
289	high jumps
290	high jumps
291	moving platform
292	moving platforms
293	moving platforms
294	{} PERFECT on moving platforms
295	long platform
296	long platforms
297	long platforms
298	Dash {}×
299	Turn on the shield {}×
300	Shield saves you {}×
301	Double jump saves you {}×
302	Dodge {} {}
303	lightning bolts
304	lightning bolts
305	{} m under lightning
306	{} m at crazy speed
307	{} m against the wind
308	{} m in the dark
309	{} m in the Cloud Garden
310	{} m in Neon City
311	{} m in the Reactor
312	{} m in the Sky District
313	{} m in the Central Core
314	Complete a story level
315	Complete {} story {}
316	level
317	levels
318	levels
319	Play {} {}
320	run
321	runs
322	runs
323	🔷 MISSION COMPLETE
324	wooden chest
325	crystal chest
326	epic chest
327	key
328	keys
329	keys
330	core
331	cores
332	cores
333	fragment
334	fragments
335	fragments
336	ORA: I'm catching shards of the Core's old signal.
337	ORA: Another shard. The signal is… strange.
338	ORA: This signal is older than me.
339	ORA: Ignore it, Spark.
340	🔷 SIGNAL FRAGMENT {}/3
341	📡 CORE SIGNAL COLLECTED!
342	RUNNING
343	First Steps
344	Run 1,000 m in total
345	Marathoner
346	Run 10,000 m in total
347	Road to the Core
348	Run 50,000 m in total
349	Warm-up
350	300 m in one run
351	Long Hauler
352	800 m in one run
353	Unstoppable
354	1,500 m in one run
355	Rookie
356	Play 10 runs
357	Regular
358	Play 100 runs
359	Track Legend
360	Play 500 runs
361	PRECISION
362	Bullseye!
363	100 PERFECT in total
364	Sniper
365	1,000 PERFECT in total
366	Flawless
367	5,000 PERFECT in total
368	MASTERY
369	First Flight
370	Fly up onto a roof
371	Roof Dweller
372	Fly onto a roof 25 times in total
373	Roof King
374	Fly onto a roof 100 times in total
375	First Charge
376	Trigger Fever
377	Overload
378	Fever 50 times in total
379	Living Lightning
380	10 minutes in Fever in total
381	TREASURES
382	Piggy Bank
383	Collect 2,000 coins in total
384	Treasurer
385	Collect 25,000 coins in total
386	Golden Rain
387	500 coins in one run
388	Star Catcher
389	300 coins in the air in total
390	Diamond Shine
391	Collect 100 diamonds in total
392	Treasure Hunter
393	Open 25 chests
394	Surfer
395	200 moving platforms in total
396	Long Road
397	300 long platforms in total
398	Kangaroo
399	100 high jumps in total
400	Guardian Angel
401	Shield saves you 10 times in total
402	Second Wind
403	Double jump saves you 10 times in total
404	Lightning Rod
405	Dodge 100 lightning bolts in total
406	Engineer
407	15 module levels in total
408	Module Master
409	Max out a module
410	STORY
411	Out of the Garden
412	Complete the Cloud Garden
413	Neon Lights
414	Complete Neon City
415	Hot Heart
416	Complete the Reactor
417	Above the Clouds
418	Complete the Sky District
419	Truth of the Core
420	Complete the whole story
421	Keeper of Memory
422	Find all the Core's memories
423	CORE
424	First Resonance
425	Reach Resonance ×5
426	Deep Resonance
427	Reach Resonance ×15
428	Heart of the Core
429	Reach Resonance ×30
430	Signal Hunter
431	Collect the Core signal 7 times
432	Loyal to the Spark
433	7-day streak
434	Bulbik
435	Icy
436	Neon
437	Golden
438	Reactor
439	Resonator
440	Shadow
441	Nuclear
442	Rainbow
443	NEW · CHRONICLE
444	★ SPECIAL
445	✓ EQUIPPED
446	EQUIP
447	📺 5/5 · DISCOUNT!
448	WARDROBE
449	{}/{} · coins · Chronicle · ★ coins+ads
450	📺 Discount! {} now costs {}
451	📺 {}/{} — {} more for the price {}
452	Not enough: {} coins
453	 · or 📺 discount
454	🐸 {} is yours!
455	🔒 Chronicle: «{}» — {}
456	COINS
457	Lab, skins, trails and the Store
458	Coins on platforms and in the air
459	Distance bonuses and act finales
460	Daily missions, Core resonance, weekly
461	Chests
462	CORES
463	Module levels 4–5 · trade 100 cores → 1 key
464	💎 Diamonds on platforms: every 4 = 1 core
465	Chests: wooden 1, crystal 4, epic 12
466	Missions, Core resonance, weekly
467	FRAGMENTS
468	Upgrading modules in the Lab
469	Chests — the most in epic ones
470	Spark hunt: 3 discs every day
471	Daily missions and Core resonance
472	CORE KEYS
473	Continue a run after a fall
474	Store: for coins or ads (3 a day)
475	Trade 100 cores → 1 key
476	Epic chests, weekly and the day streak
477	WHERE TO GET CURRENCIES
478	tap to close
479	 km
480	 m
481	Runs
482	Coins earned
483	Fragments collected
484	Chests opened
485	Cores collected
486	Best score
487	Longest run
488	Total distance
489	Skins
490	LEVEL
491	Chronicle: {}/{} · modules: {}/{}
492	LANGUAGE
493	PROFILE
494	everything you've done in the game
495	🌐 LANGUAGE
496	SKINS
497	Sparks
498	Snowflakes
499	Flame
500	Neon
501	Rainbow
502	continue a run
503	Core Key
504	3 Core Keys
505	Save 1,500 coins
506	Key for cores
507	Trade: 100 cores → 1 key
508	SPARE SHIELDS
509	double tap · one per run
510	Shield
511	Spare shield charge
512	5 shields
513	Save 300 coins
514	BOOSTERS
515	for the next run
516	Dash 200 m
517	Autopilot at the start of a run
518	Dash 500 m
519	Long autopilot at the start
520	Double coins
521	All coins of the run ×2
522	Resonance +2
523	Score multiplier +2 for a run
524	CHESTS
525	open them in the CHESTS section
526	Wooden chest
527	Coins, cores and fragments
528	Crystal chest
529	More fragments · chance of a key
530	Epic chest
531	Lots of fragments · once per 72 h
532	JUMP TRAILS
533	visible in every jump
534	A trail behind Bulbik in flight
535	Already active for the next run
536	Dash already bought for the next run
537	Not enough: {} cores
538	The chest is waiting in CHESTS
539	Works in the next run
540	Trail selected!
541	Purchased!
542	The ad didn't load — try again
543	{}/{} today
544	tomorrow
545	available!
546	Keys for ads — 3 times a day. Come back tomorrow
547	Epic chest for an ad — in {}
548	For ads — {} a day. Come back tomorrow
549	Received for an ad!
550	🚀 DASH {} m
551	💰 COINS ×2
552	🔷 RESONANCE +2
553	🎮 YOU'RE IN CONTROL!
554	✓ ACTIVE
555	STORE
556	🛡 spare: {}
557	🚀 boosters are waiting for the run
558	coins → keys, shields, boosters, chests, trails
559	Green
560	Classic Bulbik
561	Blue
562	🧲 Magnet: coins fly to you
563	Pink
564	💗 +1 life once per run
565	Purple
566	🎯 PERFECT window +30%
567	💰 Coins x2
568	🌈 GOOD doesn't break the combo
569	☀️ Sunny
570	☁️ Cloudy
571	🌙 Night
572	⭐ Space
573	🌧️ Rainy
574	🌅 Sunset
575	🌫️ Fog
576	🔷 Geometry
577	🌀 Spiral
578	🎨 Pop Art
579	🔶 Retro
580	⚡ Neo
581	✨ Minimal
582	🎒 JETPACK!
583	⬇ LIFT IS DOWN!
584	💥 WALL!
585	🚀 ROOF ◀   ▶ GROUND
586	GROUND ◀   ▶ 🚀 ROOF
587	⬇ THE ROOF COLLAPSED
588	RUN!
589	💗 LIFE!
590	💔 FEVER LOST!
591	🚀 TO THE ROOF!
592	💀 TRAP!
593	✅ SAFE!
594	⚠️ CRACKS!
595	👻 VANISHING!
596	❄️ SLIPPERY!
597	🔺 JUMP!
598	⚡ BOOST!
599	⬇️ FALLING!
600	🎰 🛡️ +1 SHIELD
601	🎰 🧲 MAGNET!
602	🎰 JACKPOT! +
603	🌀 DOUBLE JUMP!
604	🛡 FEVER KEPT!
605	CAUGHT IT!
606	🌟 INCREDIBLE!
607	OVERSHOT! +
608	SHORTCUT! +speed
609	🛡️ +1 SHIELD
610	🧲 MAGNET!
611	🔷 RESONANCE ×2!
612	🌟 SUPER!
613	💠 +1 CORE
614	🛡️ SHIELD!
615	🎒 LANDING
616	🏆 NEW RECORD!
617	You've never been this far.
618	🛡 SHIELD READY · DOUBLE TAP
619	🔷 ×2 OVER
620	🌀 GUARD {} s LEFT
621	🌀 GUARD OVER
622	🏰 CASTLE LIT +15
623	🏆 RECORD
624	🏃 RUN AWAY!
625	Hold and move → to aim
626	Jump across the platforms!
627	Today the rainbow didn't light up.
628	The Cloudeater ate the light from the castles…
629	…and dragged it over the horizon. The trail still glows.
630	tap — skip
631	⚠  CORE INSTABILITY  ⚠
632	⚠  CLOUDEATER NEARBY  ⚠
633	RESONANCE
634	COMBO
635	RESONANCE ×2 · booster
636	All points count double for {} s more. Longer — in the Lab
637	MAGNET · works by itself
638	Pulls coins from nearby lanes for {} s more. Longer — in the Lab
639	SHIELD · double tap the screen
640	Shields come only from the Store, one per run. Spare: {}
641	DOUBLE JUMP · guard
642	At the start of a run it saves you from falls for {} s more. Longer — in the Lab
643	 s
644	PAUSE
645	{} {} · {} m
646	▶  CONTINUE
647	EXIT TO MENU
648	🚀 AUTOPILOT · {} m left
649	CONTROL IN
650	⚡ DASH
651	🏆 RECORD in
652	🛡 DOUBLE TAP — SHIELD
653	Swipe with your finger
654	WHO SHUT DOWN THE CORE?
655	PLAY
656	STORY · CORE ENERGY {}%
657	TO BE CONTINUED…
658	RECORD
659	FARTHEST
660	LAB
661	MISSIONS
662	New worlds for runs unlock in the Story
663	📺 ADVERT
664	a real ad will be here
665	Requires {} {} Core
666	RUN OVER
667	WORLD TRIAL {}
668	LEVEL {}-{}
669	First clear · +{} coins
670	Cleared again
671	To the finish: {}/{} m
672	🏆 NEW RECORD
673	🏆 DISTANCE RECORD
674	🔥 Streak {} {}
675	day
676	days
677	days
678	🏆 Spark Chronicle: +{} {}
679	entry
680	entries
681	entries
682	POINTS  ·  RECORD {}
683	DISTANCE
684	bonus +{}
685	  ·  opened {}
686	⬆ NEW LEVEL {}!{}
687	🔷 CORE RESONANCE
688	NEW RANK!
689	{}/3 · ×{} points
690	Reward:
691	 · max ×30
692	+{} {} · OPEN ▶
693	chest
694	chests
695	chests
696	Can upgrade: {} ▶
697	CONTINUE THE RUN?  ·  you have 🔑 {}
698	AD
699	ADS
700	ADS
701	KEY
702	KEYS
703	KEYS
704	NEXT LEVEL
705	PLAY AGAIN
706	WORLDS   ·   MENU
707	MAIN MENU
708	👼 REVIVED!
709	← Back
710	Starting shield
711	Start the run with a shield
712	Magnet at start
713	Magnet at start: double the Lab time
714	×2 coins for the whole next run
715	 d
716	 h
717	 min
718	crystal
719	✓ DONE
720	CORE RESONANCE
721	missions are made of runs
722	Max resonance
723	To ×{}: {}/3 missions
724	 · score multiplier
725	SPARK HUNT
726	new in
727	Today's Core signal is collected
728	Signal fragments on platforms
729	 d
730	DAILY
731	CORE REPAIR · WEEK
732	🔒 Unlocks on your third day of play
733	Energy: {}
734	🔥 Streak: {} {}
735	run +1 · mission +1 · daily +2 · signal +3
736	CLAIM
737	🏆 SPARK CHRONICLE · {}/{}
738	🐸 skin as a reward
739	✓ Written into the Chronicle
740	🏆 Done!
741	SPARK CHRONICLE
742	  ·  READY: {}
743	🛒 STORE
744	Boosters for the next run
745	✓ NEXT RUN
746	BUY
747	LV
748	 · set complete!
749	Next: {} {} · lv. {}
750	All modules unlocked
751	LV {}/{}
752	Gives:
753	Now:
754	Next:
755	🔒 Unlocks at player level
756	★ MAXED
757	Requires
758	 player
759	UPGRADE
760	{} {} → level {}
761	Not enough coins — collect them in runs
762	Need fragments — they drop from chests
763	Need cores — diamonds in runs and chests
764	WOODEN
765	CRYSTAL
766	EPIC
767	 coins
768	 Cores
769	 cores
770	fragments {}/{}
771	CHEST METER
772	Runs and goals fill the meter · epic guaranteed in {}
773	OPEN
774	Fragments go to the module that needs them most
775	Surplus for maxed modules turns into cores
776	 CHEST
777	★ 10th chest — upgraded to epic!
778	Tap to collect
779	LOCKED
780	RESTORED
781	IN PROGRESS
782	OPEN
783	🔒 Restore world {} to unlock
784	WORLDS
785	📜 CORE LOG · {}/{}
786	👾 SKINS
787	👾 Characters
788	🌤️ Sky
789	✅ Selected
790	Tap
791	{} d
792	{} h
793	{} min
794	{} d
795	{} s
796	{} m
797	{} km
