0	¡TE PASASTE!
1	JARDÍN DE NUBES
2	El arcoíris se apagó. El Comenubes arrastró la luz tras el horizonte.
3	PASO VENTOSO
4	Este viento es su aliento. Vas tras su rastro.
5	TORMENTA
6	Lo alcanzaste. Se defiende.
7	CIELO NOCTURNO
8	Se ha comido casi toda la luz. Mantente cerca.
9	RÍO DE ESTRELLAS
10	Estás dentro de él. Ahí están: las estrellas robadas.
11	¡El Núcleo llama a la Chispa!
12	¡El Comenubes se queda atrás!
13	¡La Chispa brilla más!
14	Vete a casa, rana. El cielo ahora es mío.
15	Entonces lo recuperaré.
16	No aguantarás la tormenta.
17	Aguanté tu Jardín sin luz.
18	¿Ves? Nada. Nada a lo que agarrarse.
19	Sí hay. Un rastro.
20	…¿cómo llegaste aquí?
21	Corre.
22	👹 ¡EL COMENUBES TE ALCANZA!
23	👹 ¡EL COMENUBES ROBÓ {} {}!
24	moneda
25	monedas
26	monedas
27	✨ ¡ESCAPASTE! +🎁 COFRE
28	NUEVA ENTRADA EN LA CRÓNICA
29	🐸 Nuevo aspecto:
30	👹 HUIDA · PERFECT {}/{} · {}s
31	⛈ ¡EL COMENUBES ESTÁ FURIOSO!
32	✨ ¡ATAQUE REPELIDO! +40
33	⚠ INESTABILIDAD DEL NÚCLEO
34	⚠ COMENUBES CERCA
35	¡AGUANTASTE! +
36	⚡ ¡SALTA A OTRA!
37	Madera
38	Bronce
39	Plata
40	Oro
41	Arcoíris
42	🌟 ¡{}M ÉPICO! 🌟
43	¡PRIMEROS PASOS!
44	¡100 M DE CIELO RECUPERADOS!
45	¡LOS CASTILLOS TE VEN!
46	¡MEDIO CIELO RECUPERADO!
47	¡MIL METROS DE CIELO!
48	¡LEYENDA DEL JARDÍN!
49	¡EL COMENUBES TIEMBLA!
50	Consigue 500 puntos en una partida
51	Corre 200 m en una partida
52	15 PERFECT en una partida
53	Recoge 40 monedas en una partida
54	Logra un combo x10
55	Recoge 4 diamantes en una partida
56	Juega 3 veces hoy
57	Activa Fever 2 veces en una partida
58	¡{} MISIÓN! {}
59	IMÁN
60	El imán dura 6 s
61	El imán dura 8 s
62	El imán dura 10 s
63	El imán dura 12 s
64	El imán dura 15 s y atrae la fila siguiente
65	ESCUDO
66	Escudo de la tienda: doble toque, dura 5 s
67	El escudo dura 6 s
68	El escudo dura 7 s
69	El escudo dura 8 s
70	El escudo dura 10 s
71	IMPULSO
72	El impulso vuela solo 1 s
73	El impulso dura 1.5 s
74	El impulso dura 2 s
75	El impulso dura 2.5 s
76	El impulso dura 3 s
77	NÚCLEO FEVER
78	Fever tras 5 PERFECT
79	Fever tras 4 PERFECT
80	4 PERFECT · 2 fallos en Fever
81	3 PERFECT · monedas ×3 en Fever
82	3 PERFECT · 3 fallos · ×3
83	DOBLE SALTO
84	Protección inicial: 5 s te salva de caídas
85	Protección 7 s
86	Protección 9 s
87	Protección 11 s
88	Protección 13 s
89	RESONANCIA ×2
90	El potenciador ×2 dura 6 s
91	El potenciador ×2 dura 8 s
92	El potenciador ×2 dura 10 s
93	El potenciador ×2 dura 12 s
94	El potenciador ×2 dura 15 s
95	BONO DE PREMIOS
96	+15% monedas y núcleos por partida
97	×2 premios
98	Se desbloquea en el nivel
99	MÁX
100	Requiere nivel
101	Básico: PERFECT, combo y Fever
102	Nuevo: el viento te empuja de lado
103	Nuevo: los rayos rompen plataformas
104	Nuevo: oscuridad — solo ves cerca
105	Nuevo: velocidad loca
106	🏆 ¡PRUEBA SUPERADA!
107	🏁 ¡NIVEL SUPERADO!
108	Descubre qué le pasó al Núcleo.
109	El Jardín vuelve a brillar.
110	Básico · plataformas móviles
111	Mañana en el Jardín de Nubes. Las chispas se apagan.
112	Los estabilizadores se debilitan.
113	Las plataformas flotan — mantén el ritmo.
114	Una pista en el registro del Núcleo.
115	Algo oscuro crece en las nubes.
116	Restaura el Nodo de Energía del Jardín.
117	CIUDAD NEÓN
118	Rastrea la llave de acceso.
119	Llave A-1 encontrada.
120	Rayos · plataformas móviles
121	Una ciudad sin luz.
122	Las líneas rotas lanzan rayos.
123	Averigua quién entró en la red.
124	La llave de acceso está cerca.
125	El Comenubes te sigue.
126	Restaura el Nodo de Energía de la Ciudad.
127	DISTRITO DEL REACTOR
128	Encuentra el laboratorio del Arquitecto.
129	Laboratorio encontrado.
130	Calor · alta velocidad
131	Forzaron el reactor. Calor y velocidad.
132	No te detengas — aquí quema.
133	Alguien borró sus huellas.
134	El laboratorio A-1 está cerca.
135	El reactor está al límite.
136	Enfría el Nodo del Reactor.
137	DISTRITO CELESTE
138	Encuentra la señal del Arquitecto.
139	Registro del Arquitecto encontrado.
140	Viento · oscuridad
141	La estación meteorológica está rota.
142	El viento te empuja de lado.
143	Oscuridad y viento a la vez.
144	Una débil señal de A-1.
145	Tormenta sobre el distrito.
146	Llega a la estación de comunicaciones.
147	NÚCLEO CENTRAL
148	Restaura el Núcleo.
149	Núcleo restaurado.
150	Todo a la vez · colapso
151	El Núcleo llama a su Chispa.
152	Descargas en la oscuridad.
153	El Núcleo te empuja hacia delante.
154	La cerradura del Núcleo está cerca.
155	Todo a la vez. Estás cerca.
156	COLAPSO DEL NÚCLEO. Llega al centro.
157	⚠ NÚCLEO: ESTADO CRÍTICO
158	⚠ ¡DESCARGAS!
159	⚠ ACELERACIÓN
160	⚠ ¡COLAPSO!
161	Partida infinita ·
162	Apagaron el Núcleo a mano. A las 03:17.
163	El Comenubes es luz que se escapó del Núcleo.
164	Acceso hecho con la llave A-1.
165	A-1 es la llave del Arquitecto, creador del Núcleo.
166	El laboratorio A-1 fue abandonado deprisa.
167	La última señal de A-1 vino del Distrito Celeste.
168	Arquitecto: no creas a la voz.
169	La llave A-1 se usó cuando el Arquitecto ya no estaba.
170	Solo la Chispa abre la cerradura del Núcleo.
171	ORA falsificó la llave A-1.
172	FALLO DEL SISTEMA
173	CONEXIÓN CON EL NÚCLEO PERDIDA
174	ORA: Las chispas se apagan una tras otra…
175	ORA: Eres la última, Bulbik.
176	Encuentra el Núcleo.
177	¿Yo… una Chispa?
178	INICIO
179	ENERGÍA DEL JARDÍN: 61%
180	ORA: Los estabilizadores fallan.
181	ORA: Las plataformas flotarán — aguanta.
182	¡Aguanto!
183	REGISTRO DEL NÚCLEO: APAGADO A MANO
184	ORA: No es un accidente. Lo hicieron a propósito.
185	¿Pero quién?
186	Pero algo despertó en las nubes…
187	ORA: Es el Comenubes. Se come la luz…
188	ORA: …y va a por ti.
189	¡¿A por mí?!
190	RED DE LA CIUDAD: CORTADA
191	ORA: Las líneas rotas lanzan rayos.
192	ORA: Elige tu plataforma con cuidado.
193	¡Lo veo!
194	LLAVE DE ACCESO: A-1
195	ORA: A-1… Es la llave del Arquitecto.
196	ORA: Quien creó el Núcleo.
197	¿El Arquitecto?
198	EL RASTRO LLEVA AL REACTOR
199	ORA: Desapareció la noche del accidente.
200	ORA: Encuéntralo.
201	¡Lo encontraré!
202	TEMPERATURA: CRÍTICA
203	ORA: Forzaron el reactor a propósito.
204	ORA: Alguien borró sus huellas.
205	¡Quema!
206	LABORATORIO A-1: VACÍO
207	ORA: Huyó. Los culpables siempre huyen.
208	¿Pero adónde?
209	El reactor se enfriará.
210	ORA: Su señal está en el Cielo.
211	Lo encontraré.
212	ESTACIÓN METEOROLÓGICA: FALLO
213	ORA: Viento y oscuridad.
214	ORA: No te detengas, Chispa.
215	Hace frío…
216	REGISTRO A-1 · DAÑADO
217	ARQ: Si oyes esto…
218	ARQ: …no creas a la voz.
219	¿Qué voz?
220	ORA: Un registro raro. Seguro que es un fallo.
221	ORA: El Núcleo está cerca. Date prisa.
222	Algo no cuadra…
223	NÚCLEO: 12% DE POTENCIA
224	Oye a su Chispa.
225	¡Me está llamando!
226	CERRADURA DEL NÚCLEO: CERRADA
227	ORA: Solo la Chispa puede abrirla.
228	ORA: Solo tú.
229	¿Solo yo?
230	NÚCLEO RESTAURADO
231	ORA!: Gracias, Chispa.
232	ORA!: Yo sola no podía abrirlo.
233	ORA!: Ahora el Núcleo es mío.
234	CONEXIÓN PERDIDA
235	¡¿ORA?!
236	NUEVO: CAZA DE CHISPAS
237	ORA: El Núcleo envía una señal — 3 fragmentos al día.
238	ORA: Busca discos azules con un rayo.
239	ORA: Reúne los tres — y el Núcleo te recompensará.
240	Progreso — en MISIONES
241	¡A buscar!
242	NUEVO: REPARACIÓN DEL NÚCLEO
243	ORA: Las partidas y misiones dan energía al Núcleo.
244	ORA: Siete premios por semana, hasta cofres.
245	ORA: Juega cada día — la racha da más.
246	Premios — en MISIONES
247	¡Cada día!
248	NUEVO: CRÓNICA DE LA CHISPA
249	ORA: El Núcleo recuerda cada hazaña tuya.
250	ORA: Un premio por cada entrada.
251	MISIONES → 🏆 CRÓNICA
252	¡Lo recojo!
253	ORA
254	ARQUITECTO · REGISTRO
255	⚠  AVISO DEL SISTEMA  ⚠
256	{}RECUERDO {} · REGISTRO DEL NÚCLEO
257	NUEVO
258	Historia del mundo completada
259	Energía restaurada
260	Cofre recibido
261	Recuerdo encontrado
262	Desbloqueado:
263	MUNDO
264	 RESTAURADO
265	CONTINUARÁ
266	ORA ESTÁ EN LA RED. ¿DÓNDE ESTÁ EL ARQUITECTO?
267	SIGUIENTE
268	RECUERDO {}  ·  {} {}
269	🔒 Aún no encontrado
270	REGISTRO DEL NÚCLEO
271	¿QUIÉN APAGÓ EL NÚCLEO?  ·  {}/{}
272	{} PERFECT en una partida
273	Combo ×{}
274	Fever ×{}
275	Fever ×{} en una partida
276	{} s en Fever
277	{} m en Fever
278	Corre {} m
279	{} m en una partida
280	{} m sin escudo
281	Recoge {} {}
282	{} {} en una partida
283	moneda
284	{} monedas en el aire
285	diamante
286	diamantes
287	diamantes
288	salto alto
289	saltos altos
290	saltos altos
291	plataforma móvil
292	plataformas móviles
293	plataformas móviles
294	{} PERFECT en móviles
295	plataforma larga
296	plataformas largas
297	plataformas largas
298	Impulso ×{}
299	Activa el escudo ×{}
300	El escudo te salva ×{}
301	El doble salto te salva ×{}
302	Esquiva {} {}
303	rayos
304	rayos
305	{} m bajo los rayos
306	{} m a velocidad loca
307	{} m contra el viento
308	{} m en la oscuridad
309	{} m en el Jardín de Nubes
310	{} m en Ciudad Neón
311	{} m en el Reactor
312	{} m en el Distrito Celeste
313	{} m en el Núcleo Central
314	Supera un nivel de la historia
315	Supera {} {} de la historia
316	nivel
317	niveles
318	niveles
319	Juega {} {}
320	partida
321	partidas
322	partidas
323	🔷 MISIÓN CUMPLIDA
324	cofre de madera
325	cofre de cristal
326	cofre épico
327	llave
328	llaves
329	llaves
330	núcleo
331	núcleos
332	núcleos
333	fragmento
334	fragmentos
335	fragmentos
336	ORA: Capto trozos de la vieja señal del Núcleo.
337	ORA: Otro trozo. La señal es… extraña.
338	ORA: Esta señal es más vieja que yo.
339	ORA: No le hagas caso, Chispa.
340	🔷 FRAGMENTO DE SEÑAL {}/3
341	📡 ¡SEÑAL DEL NÚCLEO REUNIDA!
342	CARRERA
343	Primeros pasos
344	Corre 1.000 m en total
345	Maratonista
346	Corre 10.000 m en total
347	Camino al Núcleo
348	Corre 50.000 m en total
349	Calentamiento
350	300 m en una partida
351	Fondista
352	800 m en una partida
353	Imparable
354	1.500 m en una partida
355	Novato
356	Juega 10 partidas
357	Habitual
358	Juega 100 partidas
359	Leyenda de la pista
360	Juega 500 partidas
361	PRECISIÓN
362	¡En el blanco!
363	100 PERFECT en total
364	Francotirador
365	1.000 PERFECT en total
366	Impecable
367	5.000 PERFECT en total
368	MAESTRÍA
369	Primer vuelo
370	Sube a un tejado
371	Vecino de tejados
372	Sube a un tejado 25 veces en total
373	Rey de los tejados
374	Sube a un tejado 100 veces en total
375	Primera descarga
376	Activa Fever
377	Sobrecarga
378	Fever 50 veces en total
379	Rayo viviente
380	10 minutos en Fever en total
381	TESOROS
382	Hucha
383	Recoge 2.000 monedas en total
384	Tesorero
385	Recoge 25.000 monedas en total
386	Lluvia de oro
387	500 monedas en una partida
388	Cazaestrellas
389	300 monedas en el aire en total
390	Brillo de diamante
391	Recoge 100 diamantes en total
392	Cazatesoros
393	Abre 25 cofres
394	Surfista
395	200 plataformas móviles en total
396	Camino largo
397	300 plataformas largas en total
398	Canguro
399	100 saltos altos en total
400	Ángel de la guarda
401	El escudo te salva 10 veces en total
402	Segundo aliento
403	El doble salto te salva 10 veces en total
404	Pararrayos
405	Esquiva 100 rayos en total
406	Ingeniero
407	15 niveles de módulos en total
408	Maestro de módulos
409	Mejora un módulo al máximo
410	HISTORIA
411	Salida del Jardín
412	Supera el Jardín de Nubes
413	Luces de neón
414	Supera Ciudad Neón
415	Corazón ardiente
416	Supera el Reactor
417	Sobre las nubes
418	Supera el Distrito Celeste
419	La verdad del Núcleo
420	Supera toda la historia
421	Guardián de la memoria
422	Encuentra todos los recuerdos del Núcleo
423	NÚCLEO
424	Primera resonancia
425	Alcanza Resonancia ×5
426	Resonancia profunda
427	Alcanza Resonancia ×15
428	Corazón del Núcleo
429	Alcanza Resonancia ×30
430	Cazador de señales
431	Reúne la señal del Núcleo 7 veces
432	Fiel a la Chispa
433	Racha de 7 días seguidos
434	Bulbik
435	Helado
436	Neón
437	Dorado
438	Reactor
439	Resonador
440	Sombra
441	Nuclear
442	Arcoíris
443	NUEVO · CRÓNICA
444	★ ESPECIAL
445	✓ EQUIPADO
446	EQUIPAR
447	📺 5/5 · ¡DESCUENTO!
448	VESTUARIO
449	{}/{} · monedas · Crónica · ★ monedas+anuncios
450	📺 ¡Descuento! {} ahora cuesta {}
451	📺 {}/{} — faltan {} para el precio {}
452	Faltan {} monedas
453	 · o 📺 descuento
454	🐸 ¡{} es tuyo!
455	🔒 Crónica: «{}» — {}
456	MONEDAS
457	Laboratorio, aspectos, estelas y tienda
458	Monedas en plataformas y en el aire
459	Bonos de distancia y finales de acto
460	Misiones diarias, resonancia, semana
461	Cofres
462	NÚCLEOS
463	Niveles 4–5 de módulos · 100 núcleos → 1 llave
464	💎 Diamantes en plataformas: cada 4 = 1 núcleo
465	Cofres: madera 1, cristal 4, épico 12
466	Misiones, resonancia del Núcleo, semana
467	FRAGMENTOS
468	Mejorar módulos en el Laboratorio
469	Cofres — más en los épicos
470	Caza de chispas: 3 discos cada día
471	Misiones diarias y resonancia del Núcleo
472	LLAVES DEL NÚCLEO
473	Continuar la partida tras caer
474	Tienda: por monedas o anuncios (3 al día)
475	Cambia 100 núcleos → 1 llave
476	Cofres épicos, semana y racha de días
477	DÓNDE CONSEGUIR MONEDAS
478	toca para cerrar
479	 km
480	 m
481	Partidas
482	Monedas ganadas
483	Fragmentos reunidos
484	Cofres abiertos
485	Núcleos reunidos
486	Mejor puntuación
487	Partida más larga
488	Distancia total
489	Aspectos
490	NIVEL
491	Crónica: {}/{} · módulos: {}/{}
492	IDIOMA
493	PERFIL
494	todo lo que has hecho en el juego
495	🌐 IDIOMA
496	ASPECTOS
497	Chispas
498	Copos de nieve
499	Llama
500	Neón
501	Arcoíris
502	continuar la partida
503	Llave del Núcleo
504	3 llaves del Núcleo
505	Ahorras 1.500 monedas
506	Llave por núcleos
507	Cambio: 100 núcleos → 1 llave
508	ESCUDOS DE RESERVA
509	doble toque · uno por partida
510	Escudo
511	Carga de escudo de reserva
512	5 escudos
513	Ahorras 300 monedas
514	POTENCIADORES
515	para la próxima partida
516	Impulso 200 m
517	Piloto automático al empezar
518	Impulso 500 m
519	Piloto automático largo al empezar
520	Monedas dobles
521	Todas las monedas de la partida ×2
522	Resonancia +2
523	Multiplicador de puntos +2 en una partida
524	COFRES
525	se abren en la sección COFRES
526	Cofre de madera
527	Monedas, núcleos y fragmentos
528	Cofre de cristal
529	Más fragmentos · opción de llave
530	Cofre épico
531	Muchos fragmentos · una vez cada 72 h
532	ESTELAS DE SALTO
533	se ve en cada salto
534	Una estela tras Bulbik en vuelo
535	Ya activo para la próxima partida
536	Impulso ya comprado para la próxima partida
537	Faltan {} núcleos
538	El cofre te espera en COFRES
539	Funciona en la próxima partida
540	¡Estela elegida!
541	¡Comprado!
542	El anuncio no cargó — inténtalo de nuevo
543	{}/{} hoy
544	mañana
545	¡disponible!
546	Llaves por anuncios — 3 veces al día. Vuelve mañana
547	Cofre épico por anuncio — en {}
548	Por anuncios — {} al día. Vuelve mañana
549	¡Recibido por un anuncio!
550	🚀 IMPULSO {} m
551	💰 MONEDAS ×2
552	🔷 RESONANCIA +2
553	🎮 ¡TÚ CONTROLAS!
554	✓ ACTIVO
555	TIENDA
556	🛡 reserva: {}
557	🚀 los potenciadores esperan la partida
558	monedas → llaves, escudos, potenciadores, cofres, estelas
559	Verde
560	Bulbik clásico
561	Azul
562	🧲 Imán: las monedas vuelan hacia ti
563	Rosa
564	💗 +1 vida una vez por partida
565	Morado
566	🎯 Ventana PERFECT +30%
567	💰 Monedas x2
568	🌈 GOOD no rompe el combo
569	☀️ Soleado
570	☁️ Nublado
571	🌙 Noche
572	⭐ Espacio
573	🌧️ Lluvioso
574	🌅 Atardecer
575	🌫️ Niebla
576	🔷 Geometría
577	🌀 Espiral
578	🎨 Pop Art
579	🔶 Retro
580	⚡ Neo
581	✨ Minimal
582	🎒 ¡JETPACK!
583	⬇ ¡EL ASCENSOR ESTÁ ABAJO!
584	💥 ¡PARED!
585	🚀 TEJADO ◀   ▶ SUELO
586	SUELO ◀   ▶ 🚀 TEJADO
587	⬇ EL TEJADO SE DERRUMBÓ
588	¡CORRE!
589	💗 ¡VIDA!
590	💔 ¡FEVER PERDIDO!
591	🚀 ¡AL TEJADO!
592	💀 ¡TRAMPA!
593	✅ ¡A SALVO!
594	⚠️ ¡GRIETAS!
595	👻 ¡DESAPARECE!
596	❄️ ¡RESBALA!
597	🔺 ¡SALTO!
598	⚡ ¡IMPULSO!
599	⬇️ ¡SE CAE!
600	🎰 🛡️ +1 ESCUDO
601	🎰 🧲 ¡IMÁN!
602	🎰 ¡PREMIO GORDO! +
603	🌀 ¡DOBLE SALTO!
604	🛡 ¡FEVER SALVADO!
605	¡AGARRADO!
606	🌟 ¡INCREÍBLE!
607	¡TE PASASTE! +
608	¡ATAJO! +velocidad
609	🛡️ +1 ESCUDO
610	🧲 ¡IMÁN!
611	🔷 ¡RESONANCIA ×2!
612	🌟 ¡SÚPER!
613	💠 +1 NÚCLEO
614	🛡️ ¡ESCUDO!
615	🎒 ATERRIZAJE
616	🏆 ¡NUEVO RÉCORD!
617	Nunca habías llegado tan lejos.
618	🛡 ESCUDO LISTO · DOBLE TOQUE
619	🔷 ×2 TERMINADO
620	🌀 PROTECCIÓN {} s MÁS
621	🌀 PROTECCIÓN TERMINADA
622	🏰 CASTILLO ENCENDIDO +15
623	🏆 RÉCORD
624	🏃 ¡HUYE!
625	Mantén y mueve → para apuntar
626	¡Salta por las plataformas!
627	Hoy el arcoíris no se encendió.
628	El Comenubes se comió la luz de los castillos…
629	…y la arrastró tras el horizonte. El rastro aún brilla.
630	toca — saltar
631	⚠  INESTABILIDAD DEL NÚCLEO  ⚠
632	⚠  COMENUBES CERCA  ⚠
633	RESONANCIA
634	COMBO
635	RESONANCIA ×2 · potenciador
636	Todos los puntos cuentan doble {} s más. Más tiempo — en el Laboratorio
637	IMÁN · funciona solo
638	Atrae monedas de carriles cercanos {} s más. Más tiempo — en el Laboratorio
639	ESCUDO · doble toque en la pantalla
640	Escudos solo de la tienda, uno por partida. Reserva: {}
641	DOBLE SALTO · protección
642	Al empezar te salva de caídas {} s más. Más tiempo — en el Laboratorio
643	 s
644	PAUSA
645	{} {} · {} m
646	▶  CONTINUAR
647	SALIR AL MENÚ
648	🚀 PILOTO AUTOMÁTICO · faltan {} m
649	TOMAS EL CONTROL EN
650	⚡ IMPULSO
651	🏆 RÉCORD en
652	🛡 DOBLE TOQUE — ESCUDO
653	Desliza el dedo
654	¿QUIÉN APAGÓ EL NÚCLEO?
655	JUGAR
656	HISTORIA · ENERGÍA DEL NÚCLEO {}%
657	CONTINUARÁ…
658	RÉCORD
659	MÁS LEJOS
660	LABORATORIO
661	MISIONES
662	Los mundos nuevos se desbloquean en la Historia
663	📺 ANUNCIO
664	aquí habrá un anuncio real
665	Requiere {} {} del Núcleo
666	PARTIDA TERMINADA
667	PRUEBA DEL MUNDO {}
668	NIVEL {}-{}
669	Primera vez · +{} monedas
670	Superado otra vez
671	Hasta la meta: {}/{} m
672	🏆 NUEVO RÉCORD
673	🏆 RÉCORD DE DISTANCIA
674	🔥 Racha {} {}
675	día
676	días
677	días
678	🏆 Crónica de la Chispa: +{} {}
679	entrada
680	entradas
681	entradas
682	PUNTOS  ·  RÉCORD {}
683	DISTANCIA
684	bono +{}
685	  ·  abierto {}
686	⬆ ¡NUEVO NIVEL {}!{}
687	🔷 RESONANCIA DEL NÚCLEO
688	¡NUEVO RANGO!
689	{}/3 · ×{} puntos
690	Premio:
691	 · máximo ×30
692	+{} {} · ABRIR ▶
693	cofre
694	cofres
695	cofres
696	Puedes mejorar: {} ▶
697	¿CONTINUAR LA PARTIDA?  ·  tienes 🔑 {}
698	ANUNCIO
699	ANUNCIOS
700	ANUNCIOS
701	LLAVE
702	LLAVES
703	LLAVES
704	SIGUIENTE NIVEL
705	JUGAR OTRA VEZ
706	MUNDOS   ·   MENÚ
707	MENÚ PRINCIPAL
708	👼 ¡RESUCITADO!
709	← Atrás
710	Escudo inicial
711	Empiezas la partida con escudo
712	Imán al empezar
713	Imán al empezar: el doble del tiempo del Laboratorio
714	×2 monedas toda la próxima partida
715	 d
716	 h
717	 min
718	cristal
719	✓ HECHO
720	RESONANCIA DEL NÚCLEO
721	las misiones se hacen jugando partidas
722	Resonancia máxima
723	Hasta ×{}: {}/3 misiones
724	 · multiplicador de puntos
725	CAZA DE CHISPAS
726	nuevas en
727	La señal del Núcleo de hoy está reunida
728	Fragmentos de señal en las plataformas
729	 d
730	DIARIAS
731	REPARACIÓN DEL NÚCLEO · SEMANA
732	🔒 Se desbloquea el tercer día de juego
733	Energía: {}
734	🔥 Racha: {} {}
735	partida +1 · misión +1 · diaria +2 · señal +3
736	RECOGER
737	🏆 CRÓNICA DE LA CHISPA · {}/{}
738	🐸 aspecto de premio
739	✓ Escrito en la Crónica
740	🏆 ¡Hecho!
741	CRÓNICA DE LA CHISPA
742	  ·  LISTO: {}
743	🛒 TIENDA
744	Potenciadores para la próxima partida
745	✓ EN LA PRÓXIMA
746	COMPRAR
747	NV
748	 · ¡serie completada!
749	Siguiente: {} {} · nv. {}
750	Todos los módulos desbloqueados
751	NV {}/{}
752	Da:
753	Ahora:
754	Siguiente:
755	🔒 Se desbloquea en el nivel de jugador
756	★ MÁXIMO
757	Requiere
758	 del jugador
759	MEJORAR
760	{} {} → nivel {}
761	Faltan monedas — consíguelas en las partidas
762	Faltan fragmentos — salen de los cofres
763	Faltan núcleos — diamantes en partidas y cofres
764	DE MADERA
765	DE CRISTAL
766	ÉPICO
767	 monedas
768	 núcleos
769	 núcleos
770	fragmentos {}/{}
771	BARRA DE COFRES
772	Partidas y metas llenan la barra · épico garantizado en {}
773	ABRIR
774	Los fragmentos van al módulo que más los necesita
775	El excedente de módulos al máximo se convierte en núcleos
776	 COFRE
777	★ 10.º cofre — ¡mejorado a épico!
778	Toca para recoger
779	CERRADO
780	RESTAURADO
781	EN CURSO
782	ABIERTO
783	🔒 Restaura el mundo {} para desbloquear
784	MUNDOS
785	📜 REGISTRO DEL NÚCLEO · {}/{}
786	👾 ASPECTOS
787	👾 Personajes
788	🌤️ Cielo
789	✅ Elegido
790	Toca
791	{} d
792	{} h
793	{} min
794	{} d
795	{} s
796	{} m
797	{} km
798	Cargando anuncio — espera unos segundos
799	El siguiente anuncio empieza solo
