0	TROP LOIN !
1	JARDIN DES NUAGES
2	L'arc-en-ciel s'est éteint. Le Mange-Nuages a traîné la lumière derrière l'horizon.
3	COL VENTEUX
4	Ce vent, c'est son souffle. Tu es sur sa piste.
5	ORAGE
6	Tu l'as rattrapé. Il se défend.
7	CIEL NOCTURNE
8	Il a mangé presque toute la lumière. Reste près.
9	FLEUVE D'ÉTOILES
10	Tu es en lui. Les voilà — les étoiles volées.
11	Le Noyau appelle l'Étincelle !
12	Le Mange-Nuages est distancé !
13	L'Étincelle brille plus fort !
14	Rentre chez toi, grenouille. Le ciel est à moi.
15	Alors je le reprendrai.
16	Tu ne tiendras pas dans l'orage.
17	J'ai tenu ton Jardin sans lumière.
18	Tu vois ? Rien. Rien à quoi s'accrocher.
19	Si. Une piste.
20	…comment es-tu entré ici ?
21	Cours.
22	👹 LE MANGE-NUAGES TE RATTRAPE !
23	👹 LE MANGE-NUAGES A VOLÉ {} {} !
24	pièce
25	pièces
26	pièces
27	✨ ÉCHAPPÉ ! +🎁 COFFRE
28	NOUVELLE ENTRÉE DE LA CHRONIQUE
29	🐸 Nouveau skin :
30	👹 FUITE · PERFECT {}/{} · {}s
31	⛈ LE MANGE-NUAGES EST FURIEUX !
32	✨ ATTAQUE REPOUSSÉE ! +40
33	⚠ NOYAU INSTABLE
34	⚠ MANGE-NUAGES PROCHE
35	TENU BON ! +
36	⚡ SAUTE SUR UNE AUTRE !
37	Bois
38	Bronze
39	Argent
40	Or
41	Arc-en-ciel
42	🌟 {}M ÉPIQUE ! 🌟
43	PREMIERS PAS !
44	100 M DE CIEL REPRIS !
45	LES CHÂTEAUX TE VOIENT !
46	LA MOITIÉ DU CIEL REPRISE !
47	MILLE MÈTRES DE CIEL !
48	LÉGENDE DU JARDIN !
49	LE MANGE-NUAGES TREMBLE !
50	Fais 500 points en une course
51	Cours 200 m en une course
52	15 PERFECT en une course
53	Ramasse 40 pièces en une course
54	Atteins un combo x10
55	Ramasse 4 diamants en une course
56	Joue 3 fois aujourd'hui
57	Active Fever 2 fois en une course
58	{} MISSION ! {}
59	AIMANT
60	L'aimant dure 6 s
61	L'aimant dure 8 s
62	L'aimant dure 10 s
63	L'aimant dure 12 s
64	L'aimant dure 15 s et attire la rangée suivante
65	BOUCLIER
66	Bouclier de la boutique : double tap, dure 5 s
67	Le bouclier dure 6 s
68	Le bouclier dure 7 s
69	Le bouclier dure 8 s
70	Le bouclier dure 10 s
71	ÉLAN
72	L'élan vole seul pendant 1 s
73	L'élan dure 1.5 s
74	L'élan dure 2 s
75	L'élan dure 2.5 s
76	L'élan dure 3 s
77	NOYAU FEVER
78	Fever après 5 PERFECT
79	Fever après 4 PERFECT
80	4 PERFECT · 2 ratés en Fever
81	3 PERFECT · pièces ×3 en Fever
82	3 PERFECT · 3 ratés · ×3
83	DOUBLE SAUT
84	Protection de départ : 5 s contre les chutes
85	Protection 7 s
86	Protection 9 s
87	Protection 11 s
88	Protection 13 s
89	RÉSONANCE ×2
90	Le bonus ×2 sur les plateformes dure 6 s
91	Le bonus ×2 dure 8 s
92	Le bonus ×2 dure 10 s
93	Le bonus ×2 dure 12 s
94	Le bonus ×2 dure 15 s
95	BONUS DE RÉCOMPENSES
96	+15 % de pièces et de noyaux par course
97	×2 récompenses
98	Débloqué au niveau
99	MAX
100	Niveau requis
101	Bases : PERFECT, combo et Fever
102	Nouveau : le vent pousse sur le côté
103	Nouveau : la foudre brise les plateformes
104	Nouveau : obscurité — on ne voit que de près
105	Nouveau : vitesse folle
106	🏆 ÉPREUVE RÉUSSIE !
107	🏁 NIVEAU RÉUSSI !
108	Découvre ce qui est arrivé au Noyau.
109	Le Jardin brille de nouveau.
110	Bases · plateformes mobiles
111	Matin au Jardin des Nuages. Les étincelles s'éteignent.
112	Les stabilisateurs faiblissent.
113	Les plateformes dérivent — garde le rythme.
114	Une trace dans le journal du Noyau.
115	Quelque chose de sombre grandit dans les nuages.
116	Restaure le Nœud d'énergie du Jardin.
117	VILLE NÉON
118	Remonte la clé d'accès.
119	Clé A-1 trouvée.
120	Foudre · plateformes mobiles
121	Une ville sans lumière.
122	Les lignes coupées lancent des éclairs.
123	Découvre qui est entré dans le réseau.
124	La clé d'accès est proche.
125	Le Mange-Nuages te suit.
126	Restaure le Nœud d'énergie de la Ville.
127	QUARTIER DU RÉACTEUR
128	Trouve le labo de l'Architecte.
129	Labo trouvé.
130	Chaleur · grande vitesse
131	On a emballé le réacteur. Chaleur et vitesse.
132	Ne t'arrête pas — ça brûle ici.
133	Quelqu'un a effacé ses traces.
134	Le labo A-1 est proche.
135	Le réacteur est à bout.
136	Refroidis le Nœud du Réacteur.
137	QUARTIER CÉLESTE
138	Trouve le signal de l'Architecte.
139	Enregistrement de l'Architecte trouvé.
140	Vent · obscurité
141	La station météo est cassée.
142	Le vent pousse sur le côté.
143	L'obscurité et le vent ensemble.
144	Un faible signal d'A-1.
145	Tempête sur le quartier.
146	Atteins la station de liaison.
147	NOYAU CENTRAL
148	Restaure le Noyau.
149	Noyau restauré.
150	Tout à la fois · effondrement
151	Le Noyau appelle son Étincelle.
152	Décharges dans le noir.
153	Le Noyau t'attire en avant.
154	La serrure du Noyau est proche.
155	Tout à la fois. Tu es proche.
156	EFFONDREMENT DU NOYAU. Atteins le centre.
157	⚠ NOYAU : ÉTAT CRITIQUE
158	⚠ DÉCHARGES !
159	⚠ ACCÉLÉRATION
160	⚠ EFFONDREMENT !
161	Course infinie ·
162	Le Noyau a été coupé à la main. À 03:17.
163	Le Mange-Nuages est la lumière échappée du Noyau.
164	Connexion faite avec la clé A-1.
165	A-1 est la clé de l'Architecte, créateur du Noyau.
166	Le labo A-1 a été abandonné en hâte.
167	Le dernier signal d'A-1 venait du Quartier Céleste.
168	Architecte : ne crois pas la voix.
169	La clé A-1 a servi alors que l'Architecte n'était plus là.
170	Seule l'Étincelle ouvre la serrure du Noyau.
171	ORA a falsifié la clé A-1.
172	PANNE DU SYSTÈME
173	CONNEXION AU NOYAU PERDUE
174	ORA : Les étincelles s'éteignent une à une…
175	ORA : Tu es la dernière, Bulbik.
176	Trouve le Noyau.
177	Moi… une Étincelle ?
178	DÉPART
179	ÉNERGIE DU JARDIN : 61%
180	ORA : Les stabilisateurs lâchent.
181	ORA : Les plateformes vont dériver — accroche-toi.
182	Je tiens !
183	JOURNAL DU NOYAU : COUPÉ À LA MAIN
184	ORA : Ce n'est pas un accident. C'était voulu.
185	Mais qui ?
186	Mais quelque chose s'est réveillé dans les nuages…
187	ORA : C'est le Mange-Nuages. Il mange la lumière…
188	ORA : …et il en a après toi.
189	Après moi ?!
190	RÉSEAU DE LA VILLE : COUPÉ
191	ORA : Les lignes coupées lancent des éclairs.
192	ORA : Choisis ta plateforme avec soin.
193	Je vois !
194	CLÉ D'ACCÈS : A-1
195	ORA : A-1… C'est la clé de l'Architecte.
196	ORA : Celui qui a créé le Noyau.
197	L'Architecte ?
198	LA PISTE MÈNE AU RÉACTEUR
199	ORA : Il a disparu la nuit de l'accident.
200	ORA : Trouve-le.
201	Je le trouverai !
202	TEMPÉRATURE : CRITIQUE
203	ORA : On a emballé le réacteur exprès.
204	ORA : Quelqu'un a effacé ses traces.
205	Ça brûle !
206	LABO A-1 : VIDE
207	ORA : Il a fui. Les coupables fuient toujours.
208	Mais où ?
209	Le réacteur va refroidir.
210	ORA : Son signal est dans le Ciel.
211	Je le trouverai.
212	STATION MÉTÉO : PANNE
213	ORA : Le vent et l'obscurité.
214	ORA : Ne t'arrête pas, Étincelle.
215	Il fait froid…
216	ENREGISTREMENT A-1 · ENDOMMAGÉ
217	ARCH : Si tu entends ceci…
218	ARCH : …ne crois pas la voix.
219	Quelle voix ?
220	ORA : Enregistrement étrange. Sûrement un bug.
221	ORA : Le Noyau est proche. Dépêche-toi.
222	Quelque chose cloche…
223	NOYAU : 12% DE PUISSANCE
224	Il entend son Étincelle.
225	Il m'appelle !
226	SERRURE DU NOYAU : FERMÉE
227	ORA : Seule l'Étincelle peut l'ouvrir.
228	ORA : Toi seul.
229	Moi seul ?
230	NOYAU RESTAURÉ
231	ORA! : Merci, Étincelle.
232	ORA! : Seule, je ne pouvais pas l'ouvrir.
233	ORA! : Maintenant le Noyau est à moi.
234	CONNEXION PERDUE
235	ORA ?!
236	NOUVEAU : CHASSE AUX ÉTINCELLES
237	ORA : Le Noyau envoie un signal — 3 fragments par jour.
238	ORA : Cherche des disques bleus avec un rayon.
239	ORA : Ramasse les trois — et le Noyau te récompensera.
240	Progression — dans MISSIONS
241	Je cherche !
242	NOUVEAU : RÉPARATION DU NOYAU
243	ORA : Les courses et missions donnent de l'énergie au Noyau.
244	ORA : Sept récompenses par semaine, jusqu'aux coffres.
245	ORA : Joue chaque jour — la série rapporte plus.
246	Récompenses — dans MISSIONS
247	Chaque jour !
248	NOUVEAU : CHRONIQUE DE L'ÉTINCELLE
249	ORA : Le Noyau se souvient de chacun de tes exploits.
250	ORA : Une récompense pour chaque entrée.
251	MISSIONS → 🏆 CHRONIQUE
252	Je prends !
253	ORA
254	ARCHITECTE · ENREGISTREMENT
255	⚠  ALERTE SYSTÈME  ⚠
256	{}SOUVENIR {} · JOURNAL DU NOYAU
257	NOUVEAU
258	Histoire du monde terminée
259	Énergie restaurée
260	Coffre reçu
261	Souvenir trouvé
262	Débloqué :
263	MONDE
264	 RESTAURÉ
265	À SUIVRE
266	ORA EST DANS LE RÉSEAU. OÙ EST L'ARCHITECTE ?
267	SUITE
268	SOUVENIR {}  ·  {} {}
269	🔒 Pas encore trouvé
270	JOURNAL DU NOYAU
271	QUI A COUPÉ LE NOYAU ?  ·  {}/{}
272	{} PERFECT en une course
273	Combo ×{}
274	Fever ×{}
275	Fever ×{} en une course
276	{} s en Fever
277	{} m en Fever
278	Cours {} m
279	{} m en une course
280	{} m sans bouclier
281	Ramasse {} {}
282	{} {} en une course
283	pièce
284	{} pièces en l'air
285	diamant
286	diamants
287	diamants
288	grand saut
289	grands sauts
290	grands sauts
291	plateforme mobile
292	plateformes mobiles
293	plateformes mobiles
294	{} PERFECT sur mobiles
295	longue plateforme
296	longues plateformes
297	longues plateformes
298	Élan ×{}
299	Active le bouclier ×{}
300	Le bouclier te sauve ×{}
301	Le double saut te sauve ×{}
302	Esquive {} {}
303	éclairs
304	éclairs
305	{} m sous les éclairs
306	{} m à vitesse folle
307	{} m contre le vent
308	{} m dans le noir
309	{} m au Jardin des Nuages
310	{} m en Ville Néon
311	{} m au Réacteur
312	{} m au Quartier Céleste
313	{} m au Noyau Central
314	Termine un niveau de l'histoire
315	Termine {} {} de l'histoire
316	niveau
317	niveaux
318	niveaux
319	Joue {} {}
320	course
321	courses
322	courses
323	🔷 MISSION ACCOMPLIE
324	coffre en bois
325	coffre de cristal
326	coffre épique
327	clé
328	clés
329	clés
330	noyau
331	noyaux
332	noyaux
333	fragment
334	fragments
335	fragments
336	ORA : Je capte des bribes du vieux signal du Noyau.
337	ORA : Encore une bribe. Le signal est… étrange.
338	ORA : Ce signal est plus vieux que moi.
339	ORA : N'y fais pas attention, Étincelle.
340	🔷 FRAGMENT DE SIGNAL {}/3
341	📡 SIGNAL DU NOYAU RASSEMBLÉ !
342	COURSE
343	Premiers pas
344	Cours 1 000 m au total
345	Marathonien
346	Cours 10 000 m au total
347	Route du Noyau
348	Cours 50 000 m au total
349	Échauffement
350	300 m en une course
351	Coureur de fond
352	800 m en une course
353	Inarrêtable
354	1 500 m en une course
355	Débutant
356	Joue 10 courses
357	Habitué
358	Joue 100 courses
359	Légende de la piste
360	Joue 500 courses
361	PRÉCISION
362	Dans le mille !
363	100 PERFECT au total
364	Tireur d'élite
365	1 000 PERFECT au total
366	Impeccable
367	5 000 PERFECT au total
368	MAÎTRISE
369	Premier vol
370	Monte sur un toit
371	Habitant des toits
372	Monte sur un toit 25 fois au total
373	Roi des toits
374	Monte sur un toit 100 fois au total
375	Première décharge
376	Active Fever
377	Surcharge
378	Fever 50 fois au total
379	Éclair vivant
380	10 minutes en Fever au total
381	TRÉSORS
382	Tirelire
383	Ramasse 2 000 pièces au total
384	Trésorier
385	Ramasse 25 000 pièces au total
386	Pluie d'or
387	500 pièces en une course
388	Attrape-étoiles
389	300 pièces en l'air au total
390	Éclat de diamant
391	Ramasse 100 diamants au total
392	Chasseur de trésors
393	Ouvre 25 coffres
394	Surfeur
395	200 plateformes mobiles au total
396	Longue route
397	300 longues plateformes au total
398	Kangourou
399	100 grands sauts au total
400	Ange gardien
401	Le bouclier te sauve 10 fois au total
402	Second souffle
403	Le double saut te sauve 10 fois au total
404	Paratonnerre
405	Esquive 100 éclairs au total
406	Ingénieur
407	15 niveaux de modules au total
408	Maître des modules
409	Monte un module au maximum
410	HISTOIRE
411	Sortie du Jardin
412	Termine le Jardin des Nuages
413	Lumières néon
414	Termine la Ville Néon
415	Cœur brûlant
416	Termine le Réacteur
417	Au-dessus des nuages
418	Termine le Quartier Céleste
419	La vérité du Noyau
420	Termine toute l'histoire
421	Gardien de la mémoire
422	Trouve tous les souvenirs du Noyau
423	NOYAU
424	Première résonance
425	Atteins Résonance ×5
426	Résonance profonde
427	Atteins Résonance ×15
428	Cœur du Noyau
429	Atteins Résonance ×30
430	Chasseur de signal
431	Rassemble le signal du Noyau 7 fois
432	Fidèle à l'Étincelle
433	Série de 7 jours d'affilée
434	Bulbik
435	Glacé
436	Néon
437	Doré
438	Réacteur
439	Résonateur
440	Ombre
441	Nucléaire
442	Arc-en-ciel
443	NOUVEAU · CHRONIQUE
444	★ SPÉCIAL
445	✓ ÉQUIPÉ
446	ÉQUIPER
447	📺 5/5 · RÉDUCTION !
448	GARDE-ROBE
449	{}/{} · pièces · Chronique · ★ pièces+pubs
450	📺 Réduction ! {} coûte maintenant {}
451	📺 {}/{} — encore {} pour le prix {}
452	Il manque {} pièces
453	 · ou 📺 réduction
454	🐸 {} est à toi !
455	🔒 Chronique : «{}» — {}
456	PIÈCES
457	Labo, skins, traînées et boutique
458	Pièces sur les plateformes et en l'air
459	Bonus de distance et finales d'acte
460	Missions du jour, résonance, semaine
461	Coffres
462	NOYAUX
463	Niveaux 4–5 des modules · 100 noyaux → 1 clé
464	💎 Diamants sur les plateformes : 4 = 1 noyau
465	Coffres : bois 1, cristal 4, épique 12
466	Missions, résonance du Noyau, semaine
467	FRAGMENTS
468	Améliorer les modules au Labo
469	Coffres — le plus dans les épiques
470	Chasse aux étincelles : 3 disques par jour
471	Missions du jour et résonance du Noyau
472	CLÉS DU NOYAU
473	Continuer une course après une chute
474	Boutique : pièces ou pubs (3 par jour)
475	Échange 100 noyaux → 1 clé
476	Coffres épiques, semaine et série de jours
477	OÙ TROUVER LES MONNAIES
478	touche pour fermer
479	 km
480	 m
481	Courses
482	Pièces gagnées
483	Fragments récoltés
484	Coffres ouverts
485	Noyaux récoltés
486	Meilleur score
487	Plus longue course
488	Distance totale
489	Skins
490	NIVEAU
491	Chronique : {}/{} · modules : {}/{}
492	LANGUE
493	PROFIL
494	tout ce que tu as fait dans le jeu
495	🌐 LANGUE
496	SKINS
497	Étincelles
498	Flocons
499	Flamme
500	Néon
501	Arc-en-ciel
502	continuer la course
503	Clé du Noyau
504	3 clés du Noyau
505	1 500 pièces d'économie
506	Clé contre noyaux
507	Échange : 100 noyaux → 1 clé
508	BOUCLIERS EN RÉSERVE
509	double tap · un par course
510	Bouclier
511	Charge de bouclier en réserve
512	5 boucliers
513	300 pièces d'économie
514	BOOSTERS
515	pour la prochaine course
516	Élan 200 m
517	Pilote auto au départ
518	Élan 500 m
519	Long pilote auto au départ
520	Pièces doubles
521	Toutes les pièces de la course ×2
522	Résonance +2
523	Multiplicateur de points +2 pour une course
524	COFFRES
525	s'ouvrent dans la section COFFRES
526	Coffre en bois
527	Pièces, noyaux et fragments
528	Coffre de cristal
529	Plus de fragments · chance de clé
530	Coffre épique
531	Plein de fragments · une fois par 72 h
532	TRAÎNÉES DE SAUT
533	visible à chaque saut
534	Une traînée derrière Bulbik en vol
535	Déjà actif pour la prochaine course
536	Élan déjà acheté pour la prochaine course
537	Il manque {} noyaux
538	Le coffre t'attend dans COFFRES
539	Agit à la prochaine course
540	Traînée choisie !
541	Acheté !
542	La pub n'a pas chargé — réessaie
543	{}/{} aujourd'hui
544	demain
545	disponible !
546	Clés contre pub — 3 fois par jour. Reviens demain
547	Coffre épique contre pub — dans {}
548	Contre pub — {} par jour. Reviens demain
549	Reçu grâce à une pub !
550	🚀 ÉLAN {} m
551	💰 PIÈCES ×2
552	🔷 RÉSONANCE +2
553	🎮 À TOI DE JOUER !
554	✓ ACTIF
555	BOUTIQUE
556	🛡 réserve : {}
557	🚀 les boosters attendent la course
558	pièces → clés, boucliers, boosters, coffres, traînées
559	Vert
560	Bulbik classique
561	Bleu
562	🧲 Aimant : les pièces volent vers toi
563	Rose
564	💗 +1 vie une fois par course
565	Violet
566	🎯 Fenêtre PERFECT +30%
567	💰 Pièces x2
568	🌈 GOOD ne casse pas le combo
569	☀️ Ensoleillé
570	☁️ Nuageux
571	🌙 Nuit
572	⭐ Espace
573	🌧️ Pluvieux
574	🌅 Coucher de soleil
575	🌫️ Brouillard
576	🔷 Géométrie
577	🌀 Spirale
578	🎨 Pop art
579	🔶 Rétro
580	⚡ Néo
581	✨ Minimal
582	🎒 JETPACK !
583	⬇ L'ASCENSEUR EST EN BAS !
584	💥 MUR !
585	🚀 TOIT ◀   ▶ SOL
586	SOL ◀   ▶ 🚀 TOIT
587	⬇ LE TOIT S'EST EFFONDRÉ
588	COURS !
589	💗 VIE !
590	💔 FEVER PERDU !
591	🚀 SUR LE TOIT !
592	💀 PIÈGE !
593	✅ SÛR !
594	⚠️ FISSURES !
595	👻 DISPARAÎT !
596	❄️ GLISSANT !
597	🔺 SAUT !
598	⚡ BOOST !
599	⬇️ TOMBE !
600	🎰 🛡️ +1 BOUCLIER
601	🎰 🧲 AIMANT !
602	🎰 JACKPOT ! +
603	🌀 DOUBLE SAUT !
604	🛡 FEVER GARDÉ !
605	RATTRAPÉ !
606	🌟 INCROYABLE !
607	TROP LOIN ! +
608	RACCOURCI ! +vitesse
609	🛡️ +1 BOUCLIER
610	🧲 AIMANT !
611	🔷 RÉSONANCE ×2 !
612	🌟 SUPER !
613	💠 +1 NOYAU
614	🛡️ BOUCLIER !
615	🎒 ATTERRISSAGE
616	🏆 NOUVEAU RECORD !
617	Tu n'étais jamais allé si loin.
618	🛡 BOUCLIER PRÊT · DOUBLE TAP
619	🔷 ×2 TERMINÉ
620	🌀 PROTECTION ENCORE {} s
621	🌀 PROTECTION TERMINÉE
622	🏰 CHÂTEAU ALLUMÉ +15
623	🏆 RECORD
624	🏃 FUIS !
625	Maintiens et bouge → pour viser
626	Saute de plateforme en plateforme !
627	Aujourd'hui l'arc-en-ciel ne s'est pas allumé.
628	Le Mange-Nuages a mangé la lumière des châteaux…
629	…et l'a traînée derrière l'horizon. La piste brille encore.
630	touche — passer
631	⚠  NOYAU INSTABLE  ⚠
632	⚠  MANGE-NUAGES PROCHE  ⚠
633	RÉSONANCE
634	COMBO
635	RÉSONANCE ×2 · booster
636	Tous les points comptent double encore {} s. Plus long — au Labo
637	AIMANT · agit tout seul
638	Attire les pièces des voies voisines encore {} s. Plus long — au Labo
639	BOUCLIER · double tap sur l'écran
640	Boucliers seulement en boutique, un par course. Réserve : {}
641	DOUBLE SAUT · protection
642	Au départ, il te sauve des chutes encore {} s. Plus long — au Labo
643	 s
644	PAUSE
645	{} {} · {} m
646	▶  CONTINUER
647	RETOUR AU MENU
648	🚀 PILOTE AUTO · encore {} m
649	CONTRÔLE DANS
650	⚡ ÉLAN
651	🏆 RECORD en
652	🛡 DOUBLE TAP — BOUCLIER
653	Glisse le doigt
654	QUI A COUPÉ LE NOYAU ?
655	JOUER
656	HISTOIRE · ÉNERGIE DU NOYAU {}%
657	À SUIVRE…
658	RECORD
659	LE PLUS LOIN
660	LABO
661	MISSIONS
662	Les nouveaux mondes s'ouvrent dans l'Histoire
663	📺 PUB
664	une vraie pub ira ici
665	Nécessite {} {} du Noyau
666	COURSE TERMINÉE
667	ÉPREUVE DU MONDE {}
668	NIVEAU {}-{}
669	Première fois · +{} pièces
670	Réussi à nouveau
671	Jusqu'à l'arrivée : {}/{} m
672	🏆 NOUVEAU RECORD
673	🏆 RECORD DE DISTANCE
674	🔥 Série {} {}
675	jour
676	jours
677	jours
678	🏆 Chronique de l'Étincelle : +{} {}
679	entrée
680	entrées
681	entrées
682	POINTS  ·  RECORD {}
683	DISTANCE
684	bonus +{}
685	  ·  ouvert {}
686	⬆ NOUVEAU NIVEAU {} !{}
687	🔷 RÉSONANCE DU NOYAU
688	NOUVEAU RANG !
689	{}/3 · ×{} points
690	Récompense :
691	 · maximum ×30
692	+{} {} · OUVRIR ▶
693	coffre
694	coffres
695	coffres
696	Améliorable : {} ▶
697	CONTINUER LA COURSE ?  ·  tu as 🔑 {}
698	PUB
699	PUBS
700	PUBS
701	CLÉ
702	CLÉS
703	CLÉS
704	NIVEAU SUIVANT
705	REJOUER
706	MONDES   ·   MENU
707	MENU PRINCIPAL
708	👼 RESSUSCITÉ !
709	← Retour
710	Bouclier de départ
711	Commence la course avec un bouclier
712	Aimant au départ
713	Aimant au départ : deux fois le temps du Labo
714	×2 pièces toute la prochaine course
715	 j
716	 h
717	 min
718	cristal
719	✓ FAIT
720	RÉSONANCE DU NOYAU
721	les missions se font en courses
722	Résonance maximale
723	Jusqu'à ×{} : {}/3 missions
724	 · multiplicateur de points
725	CHASSE AUX ÉTINCELLES
726	nouvelles dans
727	Le signal du Noyau du jour est rassemblé
728	Fragments de signal sur les plateformes
729	 j
730	DU JOUR
731	RÉPARATION DU NOYAU · SEMAINE
732	🔒 Se débloque au troisième jour de jeu
733	Énergie : {}
734	🔥 Série : {} {}
735	course +1 · mission +1 · du jour +2 · signal +3
736	RÉCUPÉRER
737	🏆 CHRONIQUE DE L'ÉTINCELLE · {}/{}
738	🐸 skin en récompense
739	✓ Inscrit dans la Chronique
740	🏆 Fait !
741	CHRONIQUE DE L'ÉTINCELLE
742	  ·  PRÊT : {}
743	🛒 BOUTIQUE
744	Boosters pour la prochaine course
745	✓ À LA PROCHAINE
746	ACHETER
747	NIV
748	 · série terminée !
749	Suivant : {} {} · niv. {}
750	Tous les modules débloqués
751	NIV {}/{}
752	Donne :
753	Maintenant :
754	Ensuite :
755	🔒 Se débloque au niveau de joueur
756	★ MAXIMUM
757	Nécessite
758	 du joueur
759	AMÉLIORER
760	{} {} → niveau {}
761	Pas assez de pièces — ramasse-les en course
762	Il faut des fragments — ils tombent des coffres
763	Il faut des noyaux — diamants en course et coffres
764	EN BOIS
765	DE CRISTAL
766	ÉPIQUE
767	 pièces
768	 noyaux
769	 noyaux
770	fragments {}/{}
771	JAUGE DE COFFRE
772	Courses et objectifs remplissent la jauge · épique garanti dans {}
773	OUVRIR
774	Les fragments vont au module qui en a le plus besoin
775	Le surplus des modules au max devient des noyaux
776	 COFFRE
777	★ 10e coffre — passé en épique !
778	Touche pour récupérer
779	FERMÉ
780	RESTAURÉ
781	EN COURS
782	OUVERT
783	🔒 Restaure le monde {} pour débloquer
784	MONDES
785	📜 JOURNAL DU NOYAU · {}/{}
786	👾 SKINS
787	👾 Personnages
788	🌤️ Ciel
789	✅ Choisi
790	Touche
791	{} j
792	{} h
793	{} min
794	{} j
795	{} s
796	{} m
797	{} km
798	Chargement de la pub — patiente quelques secondes
799	La pub suivante démarre toute seule
