0	बहुत दूर!
1	बादलों का बाग़
2	इंद्रधनुष बुझ गया। बादल-भक्षक रोशनी को क्षितिज के पार खींच ले गया।
3	हवादार दर्रा
4	यह हवा उसकी साँस है। तुम उसके निशान पर हो।
5	तूफ़ान
6	तुमने उसे पकड़ लिया। वह पलटवार कर रहा है।
7	रात का आसमान
8	उसने लगभग सारी रोशनी खा ली है। पास रहो।
9	तारों की धारा
10	तुम उसके अंदर हो। वो रहे — चुराए हुए तारे।
11	कोर चिंगारी को बुला रहा है!
12	बादल-भक्षक पीछे छूट रहा है!
13	चिंगारी और चमक रही है!
14	घर जाओ, मेंढक। आसमान अब मेरा है।
15	तो मैं उसे वापस ले लूँगा।
16	तुम तूफ़ान नहीं झेल पाओगे।
17	मैंने तुम्हारा बाग़ बिना रोशनी के झेला है।
18	देखा? कुछ नहीं। पकड़ने को कुछ नहीं।
19	है। एक निशान।
20	…तुम यहाँ कैसे आए?
21	भागो।
22	👹 बादल-भक्षक पास आ रहा है!
23	👹 बादल-भक्षक ने {} {} चुरा लिए!
24	सिक्का
25	सिक्के
26	सिक्के
27	✨ बच निकले! +🎁 संदूक
28	नई गाथा प्रविष्टि
29	🐸 नई स्किन:
30	👹 भागना · PERFECT {}/{} · {}से
31	⛈ बादल-भक्षक गुस्से में है!
32	✨ हमला रोका! +40
33	⚠ कोर अस्थिर
34	⚠ बादल-भक्षक पास है
35	टिके रहे! +
36	⚡ दूसरे पर कूदो!
37	लकड़ी
38	कांस्य
39	चाँदी
40	सोना
41	इंद्रधनुष
42	🌟 {}M ज़बरदस्त! 🌟
43	पहले कदम!
44	100 M आसमान वापस!
45	महल तुम्हें देख रहे हैं!
46	आधा आसमान वापस!
47	हज़ार मीटर आसमान!
48	बाग़ की किंवदंती!
49	बादल-भक्षक काँप रहा है!
50	एक दौड़ में 500 अंक लाओ
51	एक दौड़ में 200 m दौड़ो
52	एक दौड़ में 15 PERFECT
53	एक दौड़ में 40 सिक्के जमा करो
54	x10 कॉम्बो बनाओ
55	एक दौड़ में 4 हीरे जमा करो
56	आज 3 बार खेलो
57	एक दौड़ में 2 बार Fever चालू करो
58	{} मिशन! {}
59	चुंबक
60	चुंबक 6 से. चलता है
61	चुंबक 8 से. चलता है
62	चुंबक 10 से. चलता है
63	चुंबक 12 से. चलता है
64	चुंबक 15 से. चलता है और अगली पंक्ति भी खींचता है
65	ढाल
66	दुकान की ढाल: डबल टैप, 5 से. चलती है
67	ढाल 6 से. चलती है
68	ढाल 7 से. चलती है
69	ढाल 8 से. चलती है
70	ढाल 10 से. चलती है
71	झपट
72	झपट 1 से. खुद उड़ती है
73	झपट 1.5 से. चलती है
74	झपट 2 से. चलती है
75	झपट 2.5 से. चलती है
76	झपट 3 से. चलती है
77	FEVER कोर
78	5 PERFECT के बाद Fever
79	4 PERFECT के बाद Fever
80	4 PERFECT · Fever में 2 चूक
81	3 PERFECT · Fever में सिक्के ×3
82	3 PERFECT · 3 चूक · ×3
83	डबल जंप
84	शुरुआती सुरक्षा: 5 से. गिरने से बचाती है
85	सुरक्षा 7 से.
86	सुरक्षा 9 से.
87	सुरक्षा 11 से.
88	सुरक्षा 13 से.
89	अनुनाद ×2
90	प्लेटफ़ॉर्म पर ×2 बूस्टर 6 से. चलता है
91	×2 बूस्टर 8 से. चलता है
92	×2 बूस्टर 10 से. चलता है
93	×2 बूस्टर 12 से. चलता है
94	×2 बूस्टर 15 से. चलता है
95	इनाम बोनस
96	हर दौड़ में +15% सिक्के और कोर
97	×2 इनाम
98	खुलता है स्तर
99	अधिकतम
100	ज़रूरी स्तर
101	बुनियाद: PERFECT, कॉम्बो और Fever
102	नया: हवा बगल में धकेलती है
103	नया: बिजली प्लेटफ़ॉर्म तोड़ती है
104	नया: अँधेरा — सिर्फ़ पास दिखता है
105	नया: पागल रफ़्तार
106	🏆 परीक्षा पास!
107	🏁 स्तर पूरा!
108	पता लगाओ कोर के साथ क्या हुआ।
109	बाग़ फिर से चमक उठा।
110	बुनियाद · चलते प्लेटफ़ॉर्म
111	बादलों के बाग़ में सुबह। चिंगारियाँ बुझ रही हैं।
112	स्टेबलाइज़र कमज़ोर पड़ रहे हैं।
113	प्लेटफ़ॉर्म तैर रहे हैं — लय बनाए रखो।
114	कोर के लॉग में एक सुराग।
115	बादलों में कुछ अँधेरा पनप रहा है।
116	बाग़ का ऊर्जा नोड ठीक करो।
117	नियॉन शहर
118	एक्सेस चाबी का पता लगाओ।
119	चाबी A-1 मिली।
120	बिजली · चलते प्लेटफ़ॉर्म
121	बिना रोशनी का शहर।
122	टूटी तारें बिजली फेंकती हैं।
123	पता लगाओ नेटवर्क में कौन घुसा।
124	एक्सेस चाबी पास है।
125	बादल-भक्षक पीछा कर रहा है।
126	शहर का ऊर्जा नोड ठीक करो।
127	रिएक्टर इलाका
128	आर्किटेक्ट की लैब ढूँढो।
129	लैब मिल गई।
130	गर्मी · तेज़ रफ़्तार
131	रिएक्टर को भगाया गया। गर्मी और रफ़्तार।
132	रुको मत — यहाँ गर्मी है।
133	किसी ने निशान मिटाए।
134	लैब A-1 पास है।
135	रिएक्टर अपनी हद पर है।
136	रिएक्टर नोड ठंडा करो।
137	आसमानी इलाका
138	आर्किटेक्ट का सिग्नल ढूँढो।
139	आर्किटेक्ट की रिकॉर्डिंग मिली।
140	हवा · अँधेरा
141	मौसम स्टेशन टूटा है।
142	हवा बगल में धकेलती है।
143	अँधेरा और हवा एक साथ।
144	A-1 का कमज़ोर सिग्नल।
145	इलाके पर तूफ़ान।
146	संचार स्टेशन तक पहुँचो।
147	केंद्रीय कोर
148	कोर ठीक करो।
149	कोर ठीक हो गया।
150	सब एक साथ · ढहना
151	कोर अपनी चिंगारी को बुला रहा है।
152	अँधेरे में डिस्चार्ज।
153	कोर तुम्हें आगे खींच रहा है।
154	कोर का ताला पास है।
155	सब एक साथ। तुम पास हो।
156	कोर ढह रहा है। बीच तक पहुँचो।
157	⚠ कोर: गंभीर स्थिति
158	⚠ डिस्चार्ज!
159	⚠ तेज़ी
160	⚠ ढहना!
161	अंतहीन दौड़ ·
162	कोर को हाथ से बंद किया गया। 03:17 पर।
163	बादल-भक्षक वह रोशनी है जो कोर से रिस गई।
164	लॉगिन चाबी A-1 से हुआ।
165	A-1 आर्किटेक्ट की चाबी है, कोर के निर्माता की।
166	लैब A-1 जल्दबाज़ी में छोड़ी गई।
167	A-1 का आख़िरी सिग्नल आसमानी इलाके से आया।
168	आर्किटेक्ट: उस आवाज़ पर भरोसा मत करना।
169	चाबी A-1 तब चली जब आर्किटेक्ट जा चुका था।
170	कोर का ताला सिर्फ़ चिंगारी खोलती है।
171	चाबी A-1 को ORA ने नकली बनाया।
172	सिस्टम ख़राबी
173	कोर से संपर्क टूटा
174	ORA: चिंगारियाँ एक-एक करके बुझ रही हैं…
175	ORA: तुम आख़िरी हो, बुलबिक।
176	कोर ढूँढो।
177	मैं… चिंगारी?
178	शुरू
179	बाग़ की ऊर्जा: 61%
180	ORA: स्टेबलाइज़र बुझ रहे हैं।
181	ORA: प्लेटफ़ॉर्म तैरेंगे — पकड़कर रखो।
182	पकड़ लिया!
183	कोर लॉग: हाथ से बंद
184	ORA: यह दुर्घटना नहीं है। यह जानबूझकर किया गया।
185	पर किसने?
186	पर बादलों में कुछ जाग गया…
187	ORA: वह बादल-भक्षक है। वह रोशनी खाता है…
188	ORA: …और तुम्हारे पीछे आ रहा है।
189	मेरे पीछे?!
190	शहर का ग्रिड: टूटा
191	ORA: टूटी तारें बिजली फेंकती हैं।
192	ORA: प्लेटफ़ॉर्म ध्यान से चुनो।
193	दिख गया!
194	एक्सेस चाबी: A-1
195	ORA: A-1… यह आर्किटेक्ट की चाबी है।
196	ORA: जिसने कोर बनाया।
197	आर्किटेक्ट?
198	निशान रिएक्टर तक जाता है
199	ORA: वह हादसे की रात गायब हो गया।
200	ORA: उसे ढूँढो।
201	ढूँढूँगा!
202	तापमान: गंभीर
203	ORA: रिएक्टर को जानबूझकर भगाया गया।
204	ORA: किसी ने निशान मिटाए।
205	गर्मी है!
206	लैब A-1: खाली
207	ORA: वह भाग गया। दोषी हमेशा भागते हैं।
208	पर कहाँ?
209	रिएक्टर ठंडा हो जाएगा।
210	ORA: उसका सिग्नल आसमान में है।
211	मैं उसे ढूँढ लूँगा।
212	मौसम स्टेशन: ख़राबी
213	ORA: हवा और अँधेरा।
214	ORA: रुको मत, चिंगारी।
215	ठंड है…
216	रिकॉर्डिंग A-1 · ख़राब
217	आर्क: अगर तुम यह सुन रहे हो…
218	आर्क: …उस आवाज़ पर भरोसा मत करना।
219	कौन सी आवाज़?
220	ORA: अजीब रिकॉर्डिंग। शायद गड़बड़ी है।
221	ORA: कोर पास है। जल्दी करो।
222	यहाँ कुछ ठीक नहीं है…
223	कोर: 12% शक्ति
224	वह अपनी चिंगारी को सुन रहा है।
225	वह मुझे बुला रहा है!
226	कोर का ताला: बंद
227	ORA: इसे सिर्फ़ चिंगारी खोल सकती है।
228	ORA: सिर्फ़ तुम।
229	सिर्फ़ मैं?
230	कोर ठीक हो गया
231	ORA!: धन्यवाद, चिंगारी।
232	ORA!: मैं इसे अकेले नहीं खोल पाती।
233	ORA!: अब कोर मेरा है।
234	संपर्क टूटा
235	ORA?!
236	नया: चिंगारी शिकार
237	ORA: कोर सिग्नल भेज रहा है — रोज़ 3 टुकड़े।
238	ORA: किरण वाली नीली डिस्क ढूँढो।
239	ORA: तीनों जमा करो — कोर इनाम देगा।
240	प्रगति — मिशन में
241	ढूँढता हूँ!
242	नया: कोर मरम्मत
243	ORA: दौड़ और मिशन कोर को ऊर्जा देते हैं।
244	ORA: हफ़्ते में सात इनाम, संदूक तक।
245	ORA: रोज़ खेलो — लगातार दिन ज़्यादा देते हैं।
246	इनाम — मिशन में
247	रोज़!
248	नया: चिंगारी गाथा
249	ORA: कोर तुम्हारा हर कारनामा याद रखता है।
250	ORA: हर प्रविष्टि पर इनाम।
251	मिशन → 🏆 गाथा
252	ले रहा हूँ!
253	ORA
254	आर्किटेक्ट · रिकॉर्डिंग
255	⚠  सिस्टम चेतावनी  ⚠
256	{}याद {} · कोर लॉग
257	नई
258	दुनिया की कहानी पूरी
259	ऊर्जा बहाल
260	संदूक मिला
261	याद मिली
262	खुला:
263	दुनिया
264	 बहाल
265	जारी रहेगा
266	ORA नेटवर्क में है। आर्किटेक्ट कहाँ है?
267	आगे
268	याद {}  ·  {} {}
269	🔒 अभी नहीं मिली
270	कोर लॉग
271	कोर किसने बंद किया?  ·  {}/{}
272	एक दौड़ में {} PERFECT
273	कॉम्बो ×{}
274	Fever ×{}
275	एक दौड़ में Fever ×{}
276	Fever में {} से.
277	Fever में {} m
278	{} m दौड़ो
279	एक दौड़ में {} m
280	बिना ढाल {} m
281	{} {} जमा करो
282	एक दौड़ में {} {}
283	सिक्का
284	हवा में {} सिक्के
285	हीरा
286	हीरे
287	हीरे
288	ऊँची छलाँग
289	ऊँची छलाँगें
290	ऊँची छलाँगें
291	चलता प्लेटफ़ॉर्म
292	चलते प्लेटफ़ॉर्म
293	चलते प्लेटफ़ॉर्म
294	चलते प्लेटफ़ॉर्म पर {} PERFECT
295	लंबा प्लेटफ़ॉर्म
296	लंबे प्लेटफ़ॉर्म
297	लंबे प्लेटफ़ॉर्म
298	झपट ×{}
299	ढाल ×{} चालू करो
300	ढाल ×{} बचाती है
301	डबल जंप ×{} बचाता है
302	{} {} से बचो
303	बिजलियाँ
304	बिजलियाँ
305	बिजली के नीचे {} m
306	पागल रफ़्तार में {} m
307	हवा के ख़िलाफ़ {} m
308	अँधेरे में {} m
309	बादलों के बाग़ में {} m
310	नियॉन शहर में {} m
311	रिएक्टर में {} m
312	आसमानी इलाके में {} m
313	केंद्रीय कोर में {} m
314	कहानी का एक स्तर पूरा करो
315	कहानी के {} {} पूरे करो
316	स्तर
317	स्तर
318	स्तर
319	{} {} खेलो
320	दौड़
321	दौड़ें
322	दौड़ें
323	🔷 मिशन पूरा
324	लकड़ी का संदूक
325	क्रिस्टल संदूक
326	महा संदूक
327	चाबी
328	चाबियाँ
329	चाबियाँ
330	कोर
331	कोर
332	कोर
333	टुकड़ा
334	टुकड़े
335	टुकड़े
336	ORA: मैं कोर के पुराने सिग्नल के टुकड़े पकड़ रही हूँ।
337	ORA: एक और टुकड़ा। सिग्नल… अजीब है।
338	ORA: यह सिग्नल मुझसे पुराना है।
339	ORA: उस पर ध्यान मत दो, चिंगारी।
340	🔷 सिग्नल टुकड़ा {}/3
341	📡 कोर सिग्नल जमा हुआ!
342	दौड़
343	पहले कदम
344	कुल 1,000 m दौड़ो
345	मैराथन धावक
346	कुल 10,000 m दौड़ो
347	कोर की राह
348	कुल 50,000 m दौड़ो
349	वार्म-अप
350	एक दौड़ में 300 m
351	लंबी दूरी का धावक
352	एक दौड़ में 800 m
353	अजेय
354	एक दौड़ में 1,500 m
355	नौसिखिया
356	10 दौड़ें खेलो
357	नियमित खिलाड़ी
358	100 दौड़ें खेलो
359	ट्रैक की किंवदंती
360	500 दौड़ें खेलो
361	सटीकता
362	निशाने पर!
363	कुल 100 PERFECT
364	स्नाइपर
365	कुल 1,000 PERFECT
366	बेदाग़
367	कुल 5,000 PERFECT
368	महारत
369	पहली उड़ान
370	छत पर उड़ो
371	छत का निवासी
372	कुल 25 बार छत पर उड़ो
373	छतों का राजा
374	कुल 100 बार छत पर उड़ो
375	पहला डिस्चार्ज
376	Fever चालू करो
377	ओवरलोड
378	कुल 50 बार Fever
379	जीवित बिजली
380	कुल 10 मिनट Fever में
381	ख़ज़ाने
382	गुल्लक
383	कुल 2,000 सिक्के जमा करो
384	ख़ज़ांची
385	कुल 25,000 सिक्के जमा करो
386	सोने की बारिश
387	एक दौड़ में 500 सिक्के
388	तारा पकड़ने वाला
389	कुल 300 सिक्के हवा में
390	हीरे की चमक
391	कुल 100 हीरे जमा करो
392	ख़ज़ाना खोजी
393	25 संदूक खोलो
394	सर्फ़र
395	कुल 200 चलते प्लेटफ़ॉर्म
396	लंबी राह
397	कुल 300 लंबे प्लेटफ़ॉर्म
398	कंगारू
399	कुल 100 ऊँची छलाँगें
400	रक्षक देवदूत
401	ढाल कुल 10 बार बचाती है
402	दूसरी साँस
403	डबल जंप कुल 10 बार बचाता है
404	तड़ित-चालक
405	कुल 100 बिजलियों से बचो
406	इंजीनियर
407	कुल 15 मॉड्यूल स्तर
408	मॉड्यूल मास्टर
409	एक मॉड्यूल अधिकतम तक बढ़ाओ
410	कहानी
411	बाग़ से बाहर
412	बादलों का बाग़ पूरा करो
413	नियॉन रोशनी
414	नियॉन शहर पूरा करो
415	गर्म दिल
416	रिएक्टर पूरा करो
417	बादलों के ऊपर
418	आसमानी इलाका पूरा करो
419	कोर का सच
420	पूरी कहानी पूरी करो
421	यादों का रक्षक
422	कोर की सारी यादें ढूँढो
423	कोर
424	पहला अनुनाद
425	अनुनाद ×5 तक पहुँचो
426	गहरा अनुनाद
427	अनुनाद ×15 तक पहुँचो
428	कोर का दिल
429	अनुनाद ×30 तक पहुँचो
430	सिग्नल शिकारी
431	कोर सिग्नल 7 बार जमा करो
432	चिंगारी के प्रति वफ़ादार
433	लगातार 7 दिन
434	बुलबिक
435	बर्फ़ीला
436	नियॉन
437	सुनहरा
438	रिएक्टर
439	रेज़ोनेटर
440	छाया
441	परमाणु
442	इंद्रधनुषी
443	नया · गाथा
444	★ ख़ास
445	✓ पहना हुआ
446	पहनो
447	📺 5/5 · छूट!
448	अलमारी
449	{}/{} · सिक्के · गाथा · ★ सिक्के+विज्ञापन
450	📺 छूट! {} अब {} में
451	📺 {}/{} — {} और, फिर कीमत {}
452	{} सिक्के कम हैं
453	 · या 📺 छूट
454	🐸 {} अब तुम्हारा है!
455	🔒 गाथा: «{}» — {}
456	सिक्के
457	लैब, स्किन, निशान और दुकान
458	प्लेटफ़ॉर्म पर और हवा में सिक्के
459	दूरी बोनस और अंक के फ़िनाले
460	रोज़ के मिशन, अनुनाद, हफ़्ता
461	संदूक
462	कोर
463	मॉड्यूल स्तर 4–5 · 100 कोर → 1 चाबी
464	💎 प्लेटफ़ॉर्म पर हीरे: हर 4 = 1 कोर
465	संदूक: लकड़ी 1, क्रिस्टल 4, महा 12
466	मिशन, कोर अनुनाद, हफ़्ता
467	टुकड़े
468	लैब में मॉड्यूल सुधारना
469	संदूक — सबसे ज़्यादा महा संदूक में
470	चिंगारी शिकार: रोज़ 3 डिस्क
471	रोज़ के मिशन और कोर अनुनाद
472	कोर चाबियाँ
473	गिरने के बाद दौड़ जारी रखो
474	दुकान: सिक्कों या विज्ञापन से (दिन में 3)
475	100 कोर → 1 चाबी बदलो
476	महा संदूक, हफ़्ता और लगातार दिन
477	मुद्रा कहाँ से मिलती है
478	बंद करने के लिए टैप करो
479	 km
480	 m
481	दौड़ें
482	कमाए सिक्के
483	जमा टुकड़े
484	खोले संदूक
485	जमा कोर
486	सबसे अच्छा स्कोर
487	सबसे लंबी दौड़
488	कुल दूरी
489	स्किन
490	स्तर
491	गाथा: {}/{} · मॉड्यूल: {}/{}
492	भाषा
493	प्रोफ़ाइल
494	खेल में तुमने जो कुछ किया
495	🌐 भाषा
496	स्किन
497	चिंगारियाँ
498	हिमकण
499	लौ
500	नियॉन
501	इंद्रधनुष
502	दौड़ जारी रखो
503	कोर चाबी
504	3 कोर चाबियाँ
505	1,500 सिक्के बचाओ
506	कोर से चाबी
507	बदलो: 100 कोर → 1 चाबी
508	अतिरिक्त ढालें
509	डबल टैप · हर दौड़ में एक
510	ढाल
511	अतिरिक्त ढाल चार्ज
512	5 ढालें
513	300 सिक्के बचाओ
514	बूस्टर
515	अगली दौड़ के लिए
516	झपट 200 m
517	दौड़ की शुरुआत में ऑटोपायलट
518	झपट 500 m
519	शुरुआत में लंबा ऑटोपायलट
520	दोगुने सिक्के
521	दौड़ के सारे सिक्के ×2
522	अनुनाद +2
523	एक दौड़ के लिए अंक गुणक +2
524	संदूक
525	संदूक भाग में खुलते हैं
526	लकड़ी का संदूक
527	सिक्के, कोर और टुकड़े
528	क्रिस्टल संदूक
529	ज़्यादा टुकड़े · चाबी का मौका
530	महा संदूक
531	ढेर सारे टुकड़े · 72 घंटे में एक बार
532	छलाँग के निशान
533	हर छलाँग में दिखता है
534	उड़ते बुलबिक के पीछे निशान
535	अगली दौड़ के लिए पहले से चालू
536	झपट अगली दौड़ के लिए पहले ही ख़रीदी
537	{} कोर कम हैं
538	संदूक भाग में संदूक इंतज़ार कर रहा है
539	अगली दौड़ में चलेगा
540	निशान चुना!
541	ख़रीद लिया!
542	विज्ञापन लोड नहीं हुआ — फिर कोशिश करो
543	आज {}/{}
544	कल
545	उपलब्ध!
546	विज्ञापन से चाबी — दिन में 3 बार। कल आओ
547	विज्ञापन से महा संदूक — {} बाद
548	विज्ञापन से — दिन में {}। कल आओ
549	विज्ञापन से मिला!
550	🚀 झपट {} m
551	💰 सिक्के ×2
552	🔷 अनुनाद +2
553	🎮 अब तुम चलाओ!
554	✓ चालू
555	दुकान
556	🛡 अतिरिक्त: {}
557	🚀 बूस्टर दौड़ का इंतज़ार कर रहे हैं
558	सिक्के → चाबियाँ, ढालें, बूस्टर, संदूक, निशान
559	हरा
560	क्लासिक बुलबिक
561	नीला
562	🧲 चुंबक: सिक्के तुम्हारी ओर उड़ते हैं
563	गुलाबी
564	💗 हर दौड़ में एक बार +1 जान
565	बैंगनी
566	🎯 PERFECT खिड़की +30%
567	💰 सिक्के x2
568	🌈 GOOD से कॉम्बो नहीं टूटता
569	☀️ धूप
570	☁️ बादल
571	🌙 रात
572	⭐ अंतरिक्ष
573	🌧️ बारिश
574	🌅 सूर्यास्त
575	🌫️ कोहरा
576	🔷 ज्यामिति
577	🌀 सर्पिल
578	🎨 पॉप आर्ट
579	🔶 रेट्रो
580	⚡ नियो
581	✨ मिनिमल
582	🎒 जेटपैक!
583	⬇ लिफ़्ट नीचे है!
584	💥 दीवार!
585	🚀 छत ◀   ▶ ज़मीन
586	ज़मीन ◀   ▶ 🚀 छत
587	⬇ छत गिर गई
588	भागो!
589	💗 जान!
590	💔 FEVER गया!
591	🚀 छत पर!
592	💀 जाल!
593	✅ सुरक्षित!
594	⚠️ दरारें!
595	👻 गायब!
596	❄️ फिसलन!
597	🔺 छलाँग!
598	⚡ बूस्ट!
599	⬇️ गिर रहा है!
600	🎰 🛡️ +1 ढाल
601	🎰 🧲 चुंबक!
602	🎰 जैकपॉट! +
603	🌀 डबल जंप!
604	🛡 FEVER बचा!
605	पकड़ लिया!
606	🌟 अविश्वसनीय!
607	बहुत दूर! +
608	शॉर्टकट! +रफ़्तार
609	🛡️ +1 ढाल
610	🧲 चुंबक!
611	🔷 अनुनाद ×2!
612	🌟 सुपर!
613	💠 +1 कोर
614	🛡️ ढाल!
615	🎒 उतरना
616	🏆 नया रिकॉर्ड!
617	तुम इतनी दूर पहले कभी नहीं आए।
618	🛡 ढाल तैयार · डबल टैप
619	🔷 ×2 ख़त्म
620	🌀 सुरक्षा {} से. बाकी
621	🌀 सुरक्षा ख़त्म
622	🏰 महल जगमगाया +15
623	🏆 रिकॉर्ड
624	🏃 भागो!
625	पकड़ो और खिसकाओ → निशाना लगाने को
626	प्लेटफ़ॉर्म पर कूदो!
627	आज इंद्रधनुष नहीं जला।
628	बादल-भक्षक महलों की रोशनी खा गया…
629	…और उसे क्षितिज के पार खींच ले गया। निशान अब भी चमक रहा है।
630	टैप — छोड़ो
631	⚠  कोर अस्थिर  ⚠
632	⚠  बादल-भक्षक पास है  ⚠
633	अनुनाद
634	कॉम्बो
635	अनुनाद ×2 · बूस्टर
636	अगले {} से. तक सारे अंक दोगुने। और लंबा — लैब में
637	चुंबक · खुद काम करता है
638	अगले {} से. तक बगल की लेन से सिक्के खींचता है। और लंबा — लैब में
639	ढाल · स्क्रीन पर डबल टैप
640	ढालें सिर्फ़ दुकान से, हर दौड़ में एक। अतिरिक्त: {}
641	डबल जंप · सुरक्षा
642	शुरुआत में अगले {} से. तक गिरने से बचाता है। और लंबा — लैब में
643	 से.
644	विराम
645	{} {} · {} m
646	▶  जारी रखो
647	मेनू पर जाओ
648	🚀 ऑटोपायलट · {} m बाकी
649	नियंत्रण में
650	⚡ झपट
651	🏆 रिकॉर्ड में
652	🛡 डबल टैप — ढाल
653	उँगली से खिसकाओ
654	कोर किसने बंद किया?
655	खेलो
656	कहानी · कोर ऊर्जा {}%
657	जारी रहेगा…
658	रिकॉर्ड
659	सबसे दूर
660	लैब
661	मिशन
662	दौड़ की नई दुनियाएँ कहानी में खुलती हैं
663	📺 विज्ञापन
664	यहाँ असली विज्ञापन होगा
665	कोर के {} {} ज़रूरी
666	दौड़ ख़त्म
667	दुनिया की परीक्षा {}
668	स्तर {}-{}
669	पहली बार · +{} सिक्के
670	फिर पूरा किया
671	फ़िनिश तक: {}/{} m
672	🏆 नया रिकॉर्ड
673	🏆 दूरी का रिकॉर्ड
674	🔥 लगातार {} {}
675	दिन
676	दिन
677	दिन
678	🏆 चिंगारी गाथा: +{} {}
679	प्रविष्टि
680	प्रविष्टियाँ
681	प्रविष्टियाँ
682	अंक  ·  रिकॉर्ड {}
683	दूरी
684	बोनस +{}
685	  ·  खुला {}
686	⬆ नया स्तर {}!{}
687	🔷 कोर अनुनाद
688	नई रैंक!
689	{}/3 · ×{} अंक
690	इनाम:
691	 · अधिकतम ×30
692	+{} {} · खोलो ▶
693	संदूक
694	संदूक
695	संदूक
696	सुधार सकते हो: {} ▶
697	दौड़ जारी रखें?  ·  तुम्हारे पास 🔑 {}
698	विज्ञापन
699	विज्ञापन
700	विज्ञापन
701	चाबी
702	चाबियाँ
703	चाबियाँ
704	अगला स्तर
705	फिर खेलो
706	दुनियाएँ   ·   मेनू
707	मुख्य मेनू
708	👼 फिर ज़िंदा!
709	← वापस
710	शुरुआती ढाल
711	ढाल के साथ दौड़ शुरू करो
712	शुरुआत में चुंबक
713	शुरुआत में चुंबक: लैब के समय का दोगुना
714	अगली पूरी दौड़ में ×2 सिक्के
715	 दिन
716	 घं.
717	 मि.
718	क्रिस्टल
719	✓ हो गया
720	कोर अनुनाद
721	मिशन दौड़ों से बनते हैं
722	अधिकतम अनुनाद
723	×{} तक: {}/3 मिशन
724	 · अंक गुणक
725	चिंगारी शिकार
726	नए आएँगे
727	आज का कोर सिग्नल जमा हो गया
728	प्लेटफ़ॉर्म पर सिग्नल के टुकड़े
729	 दिन
730	रोज़ाना
731	कोर मरम्मत · हफ़्ता
732	🔒 खेल के तीसरे दिन खुलेगा
733	ऊर्जा: {}
734	🔥 लगातार: {} {}
735	दौड़ +1 · मिशन +1 · रोज़ाना +2 · सिग्नल +3
736	लो
737	🏆 चिंगारी गाथा · {}/{}
738	🐸 इनाम में स्किन
739	✓ गाथा में दर्ज
740	🏆 हो गया!
741	चिंगारी गाथा
742	  ·  तैयार: {}
743	🛒 दुकान
744	अगली दौड़ के बूस्टर
745	✓ अगली में
746	ख़रीदो
747	स्तर
748	 · सेट पूरा!
749	अगला: {} {} · स्तर {}
750	सारे मॉड्यूल खुले
751	स्तर {}/{}
752	देता है:
753	अभी:
754	अगला:
755	🔒 खिलाड़ी स्तर पर खुलेगा
756	★ अधिकतम
757	ज़रूरी
758	 खिलाड़ी
759	सुधारो
760	{} {} → स्तर {}
761	सिक्के कम हैं — दौड़ में जमा करो
762	टुकड़े चाहिए — संदूक से मिलते हैं
763	कोर चाहिए — दौड़ में हीरे और संदूक
764	लकड़ी
765	क्रिस्टल
766	महा
767	 सिक्के
768	 कोर
769	 कोर
770	टुकड़े {}/{}
771	संदूक पट्टी
772	दौड़ और लक्ष्य पट्टी भरते हैं · {} बाद महा संदूक पक्का
773	खोलो
774	टुकड़े उस मॉड्यूल को जाते हैं जिसे सबसे ज़्यादा चाहिए
775	अधिकतम मॉड्यूल का अतिरिक्त कोर बन जाता है
776	 संदूक
777	★ 10वाँ संदूक — महा संदूक बना!
778	लेने के लिए टैप करो
779	बंद
780	बहाल
781	जारी
782	खुला
783	🔒 खोलने के लिए दुनिया {} बहाल करो
784	दुनियाएँ
785	📜 कोर लॉग · {}/{}
786	👾 स्किन
787	👾 किरदार
788	🌤️ आसमान
789	✅ चुना
790	टैप
791	{} दिन
792	{} घं.
793	{} मि.
794	{} दिन
795	{} से.
796	{} m
797	{} km
798	विज्ञापन लोड हो रहा है — कुछ सेकंड रुकें
799	अगला विज्ञापन अपने आप शुरू होगा
