0	KEJAUHAN!
1	TAMAN AWAN
2	Pelangi padam. Pemakan Awan menyeret cahaya ke balik cakrawala.
3	CELAH BERANGIN
4	Angin ini napasnya. Kamu di jejaknya.
5	BADAI
6	Kamu menyusulnya. Dia melawan.
7	LANGIT MALAM
8	Dia sudah memakan hampir semua cahaya. Tetap dekat.
9	ARUS BINTANG
10	Kamu di dalam dirinya. Itu dia — bintang-bintang curian.
11	Inti memanggil Percikan!
12	Pemakan Awan tertinggal!
13	Percikan bersinar makin terang!
14	Pulanglah, katak. Langit sekarang milikku.
15	Kalau begitu akan kuambil kembali.
16	Kamu tak akan tahan badai.
17	Aku bertahan di Tamanmu tanpa cahaya.
18	Lihat? Tidak ada apa-apa. Tak ada pegangan.
19	Ada. Sebuah jejak.
20	…bagaimana kamu masuk ke sini?
21	Lari.
22	👹 PEMAKAN AWAN MENGEJAR!
23	👹 PEMAKAN AWAN MENCURI {} {}!
24	koin
25	koin
26	koin
27	✨ LOLOS! +🎁 PETI
28	CATATAN KRONIK BARU
29	🐸 Skin baru:
30	👹 KABUR · PERFECT {}/{} · {}d
31	⛈ PEMAKAN AWAN MENGAMUK!
32	✨ SERANGAN DITANGKIS! +40
33	⚠ INTI TIDAK STABIL
34	⚠ PEMAKAN AWAN DEKAT
35	BERTAHAN! +
36	⚡ LOMPAT KE YANG LAIN!
37	Kayu
38	Perunggu
39	Perak
40	Emas
41	Pelangi
42	🌟 {}M EPIK! 🌟
43	LANGKAH PERTAMA!
44	100 M LANGIT KEMBALI!
45	KASTIL MELIHATMU!
46	SETENGAH LANGIT KEMBALI!
47	SERIBU METER LANGIT!
48	LEGENDA TAMAN!
49	PEMAKAN AWAN GEMETAR!
50	Raih 500 poin dalam satu lari
51	Lari 200 m dalam satu lari
52	15 PERFECT dalam satu lari
53	Kumpulkan 40 koin dalam satu lari
54	Capai kombo x10
55	Kumpulkan 4 berlian dalam satu lari
56	Main 3 kali hari ini
57	Aktifkan Fever 2 kali dalam satu lari
58	{} MISI! {}
59	MAGNET
60	Magnet bertahan 6 d
61	Magnet bertahan 8 d
62	Magnet bertahan 10 d
63	Magnet bertahan 12 d
64	Magnet bertahan 15 d dan menarik baris berikutnya
65	PERISAI
66	Perisai dari toko: ketuk dua kali, 5 d
67	Perisai bertahan 6 d
68	Perisai bertahan 7 d
69	Perisai bertahan 8 d
70	Perisai bertahan 10 d
71	LESAT
72	Lesat terbang sendiri 1 d
73	Lesat bertahan 1.5 d
74	Lesat bertahan 2 d
75	Lesat bertahan 2.5 d
76	Lesat bertahan 3 d
77	INTI FEVER
78	Fever setelah 5 PERFECT
79	Fever setelah 4 PERFECT
80	4 PERFECT · 2 meleset saat Fever
81	3 PERFECT · koin ×3 saat Fever
82	3 PERFECT · 3 meleset · ×3
83	LOMPAT GANDA
84	Pelindung awal: 5 d menyelamatkan dari jatuh
85	Pelindung 7 d
86	Pelindung 9 d
87	Pelindung 11 d
88	Pelindung 13 d
89	RESONANSI ×2
90	Penguat ×2 di platform bertahan 6 d
91	Penguat ×2 bertahan 8 d
92	Penguat ×2 bertahan 10 d
93	Penguat ×2 bertahan 12 d
94	Penguat ×2 bertahan 15 d
95	BONUS HADIAH
96	+15% koin dan inti per lari
97	×2 hadiah
98	Terbuka di level
99	MAKS
100	Butuh level
101	Dasar: PERFECT, kombo, dan Fever
102	Baru: angin mendorong ke samping
103	Baru: petir menghancurkan platform
104	Baru: gelap — hanya terlihat yang dekat
105	Baru: kecepatan gila
106	🏆 UJIAN LULUS!
107	🏁 LEVEL SELESAI!
108	Cari tahu apa yang terjadi pada Inti.
109	Taman bersinar lagi.
110	Dasar · platform bergerak
111	Pagi di Taman Awan. Percikan meredup.
112	Stabilisator melemah.
113	Platform melayang — jaga ritme.
114	Jejak di log Inti.
115	Sesuatu yang gelap tumbuh di awan.
116	Pulihkan Simpul Energi Taman.
117	KOTA NEON
118	Lacak kunci akses.
119	Kunci A-1 ditemukan.
120	Petir · platform bergerak
121	Kota tanpa cahaya.
122	Kabel putus menyambar petir.
123	Cari tahu siapa yang masuk ke jaringan.
124	Kunci akses sudah dekat.
125	Pemakan Awan mengikutimu.
126	Pulihkan Simpul Energi Kota.
127	DISTRIK REAKTOR
128	Temukan lab Sang Arsitek.
129	Lab ditemukan.
130	Panas · kecepatan tinggi
131	Reaktor dipacu. Panas dan cepat.
132	Jangan berhenti — di sini panas.
133	Seseorang menghapus jejak.
134	Lab A-1 sudah dekat.
135	Reaktor di batasnya.
136	Dinginkan Simpul Reaktor.
137	DISTRIK LANGIT
138	Temukan sinyal Sang Arsitek.
139	Rekaman Sang Arsitek ditemukan.
140	Angin · gelap
141	Stasiun cuaca rusak.
142	Angin mendorong ke samping.
143	Gelap dan angin sekaligus.
144	Sinyal lemah A-1.
145	Badai di atas distrik.
146	Capai stasiun komunikasi.
147	INTI PUSAT
148	Pulihkan Inti.
149	Inti pulih.
150	Semua sekaligus · runtuh
151	Inti memanggil Percikannya.
152	Lecutan di kegelapan.
153	Inti menarikmu maju.
154	Kunci Inti sudah dekat.
155	Semua sekaligus. Kamu sudah dekat.
156	INTI RUNTUH. Capai pusatnya.
157	⚠ INTI: KRITIS
158	⚠ LECUTAN!
159	⚠ PERCEPATAN
160	⚠ RUNTUH!
161	Lari tanpa akhir ·
162	Inti dimatikan secara manual. Pukul 03:17.
163	Pemakan Awan adalah cahaya yang bocor dari Inti.
164	Masuk dengan kunci A-1.
165	A-1 adalah kunci Sang Arsitek, pencipta Inti.
166	Lab A-1 ditinggalkan terburu-buru.
167	Sinyal terakhir A-1 datang dari Distrik Langit.
168	Arsitek: jangan percaya suara itu.
169	Kunci A-1 dipakai saat Sang Arsitek sudah tiada.
170	Hanya Percikan yang membuka kunci Inti.
171	ORA memalsukan kunci A-1.
172	SISTEM GAGAL
173	KONEKSI KE INTI HILANG
174	ORA: Percikan padam satu per satu…
175	ORA: Kamu yang terakhir, Bulbik.
176	Temukan Inti.
177	Aku… Percikan?
178	MULAI
179	ENERGI TAMAN: 61%
180	ORA: Stabilisator mati.
181	ORA: Platform akan melayang — bertahanlah.
182	Bertahan!
183	LOG INTI: DIMATIKAN MANUAL
184	ORA: Ini bukan kecelakaan. Ini disengaja.
185	Tapi siapa?
186	Tapi sesuatu bangun di awan…
187	ORA: Itu Pemakan Awan. Dia memakan cahaya…
188	ORA: …dan dia mengejarmu.
189	Aku?!
190	JARINGAN KOTA: PUTUS
191	ORA: Kabel putus menyambar petir.
192	ORA: Pilih platform dengan cermat.
193	Kelihatan!
194	KUNCI AKSES: A-1
195	ORA: A-1… Itu kunci Sang Arsitek.
196	ORA: Dia yang menciptakan Inti.
197	Sang Arsitek?
198	JEJAK MENUJU REAKTOR
199	ORA: Dia lenyap pada malam kecelakaan.
200	ORA: Temukan dia.
201	Akan kutemukan!
202	SUHU: KRITIS
203	ORA: Reaktor sengaja dipacu.
204	ORA: Seseorang menghapus jejak.
205	Panas!
206	LAB A-1: KOSONG
207	ORA: Dia kabur. Yang bersalah selalu kabur.
208	Tapi ke mana?
209	Reaktor akan dingin.
210	ORA: Sinyalnya ada di Langit.
211	Aku akan menemukannya.
212	STASIUN CUACA: GANGGUAN
213	ORA: Angin dan gelap.
214	ORA: Jangan berhenti, Percikan.
215	Dingin…
216	REKAMAN A-1 · RUSAK
217	ARS: Kalau kamu mendengar ini…
218	ARS: …jangan percaya suara itu.
219	Suara apa?
220	ORA: Rekaman aneh. Mungkin galat.
221	ORA: Inti sudah dekat. Cepat.
222	Ada yang tidak beres…
223	INTI: DAYA 12%
224	Ia mendengar Percikannya.
225	Ia memanggilku!
226	KUNCI INTI: TERTUTUP
227	ORA: Hanya Percikan yang bisa membukanya.
228	ORA: Hanya kamu.
229	Hanya aku?
230	INTI PULIH
231	ORA!: Terima kasih, Percikan.
232	ORA!: Aku tak bisa membukanya sendiri.
233	ORA!: Sekarang Inti milikku.
234	KONEKSI HILANG
235	ORA?!
236	BARU: BERBURU PERCIKAN
237	ORA: Inti mengirim sinyal — 3 pecahan sehari.
238	ORA: Cari cakram biru bersinar.
239	ORA: Kumpulkan ketiganya — Inti akan memberi hadiah.
240	Progres — di MISI
241	Mencari!
242	BARU: PERBAIKAN INTI
243	ORA: Lari dan misi memberi Inti energi.
244	ORA: Tujuh hadiah seminggu, hingga peti.
245	ORA: Main tiap hari — beruntun memberi lebih.
246	Hadiah — di MISI
247	Tiap hari!
248	BARU: KRONIK PERCIKAN
249	ORA: Inti mengingat setiap prestasimu.
250	ORA: Hadiah untuk tiap catatan.
251	MISI → 🏆 KRONIK
252	Ambil!
253	ORA
254	ARSITEK · REKAMAN
255	⚠  PERINGATAN SISTEM  ⚠
256	{}KENANGAN {} · LOG INTI
257	BARU
258	Kisah dunia selesai
259	Energi pulih
260	Peti diterima
261	Kenangan ditemukan
262	Terbuka:
263	DUNIA
264	 PULIH
265	BERSAMBUNG
266	ORA DI JARINGAN. DI MANA SANG ARSITEK?
267	LANJUT
268	KENANGAN {}  ·  {} {}
269	🔒 Belum ditemukan
270	LOG INTI
271	SIAPA YANG MEMATIKAN INTI?  ·  {}/{}
272	{} PERFECT dalam satu lari
273	Kombo ×{}
274	Fever {} kali
275	Fever {} kali dalam satu lari
276	{} d saat Fever
277	{} m saat Fever
278	Lari {} m
279	{} m dalam satu lari
280	{} m tanpa perisai
281	Kumpulkan {} {}
282	{} {} dalam satu lari
283	koin
284	{} koin di udara
285	berlian
286	berlian
287	berlian
288	lompatan tinggi
289	lompatan tinggi
290	lompatan tinggi
291	platform bergerak
292	platform bergerak
293	platform bergerak
294	{} PERFECT di platform bergerak
295	platform panjang
296	platform panjang
297	platform panjang
298	Lesat {} kali
299	Nyalakan perisai {} kali
300	Perisai menyelamatkan {} kali
301	Lompat ganda menyelamatkan {} kali
302	Hindari {} {}
303	petir
304	petir
305	{} m di bawah petir
306	{} m dengan kecepatan gila
307	{} m melawan angin
308	{} m dalam gelap
309	{} m di Taman Awan
310	{} m di Kota Neon
311	{} m di Reaktor
312	{} m di Distrik Langit
313	{} m di Inti Pusat
314	Selesaikan level cerita
315	Selesaikan {} {} cerita
316	level
317	level
318	level
319	Main {} {}
320	lari
321	lari
322	lari
323	🔷 MISI SELESAI
324	peti kayu
325	peti kristal
326	peti epik
327	kunci
328	kunci
329	kunci
330	inti
331	inti
332	inti
333	pecahan
334	pecahan
335	pecahan
336	ORA: Aku menangkap serpihan sinyal lama Inti.
337	ORA: Serpihan lagi. Sinyalnya… aneh.
338	ORA: Sinyal ini lebih tua dariku.
339	ORA: Abaikan saja, Percikan.
340	🔷 PECAHAN SINYAL {}/3
341	📡 SINYAL INTI TERKUMPUL!
342	LARI
343	Langkah Pertama
344	Lari total 1.000 m
345	Pelari Maraton
346	Lari total 10.000 m
347	Jalan ke Inti
348	Lari total 50.000 m
349	Pemanasan
350	300 m dalam satu lari
351	Pelari Jauh
352	800 m dalam satu lari
353	Tak Terhentikan
354	1.500 m dalam satu lari
355	Pemula
356	Main 10 lari
357	Pelanggan Tetap
358	Main 100 lari
359	Legenda Lintasan
360	Main 500 lari
361	PRESISI
362	Tepat sasaran!
363	Total 100 PERFECT
364	Penembak Jitu
365	Total 1.000 PERFECT
366	Tanpa Cela
367	Total 5.000 PERFECT
368	KEAHLIAN
369	Terbang Pertama
370	Terbang ke atap
371	Penghuni Atap
372	Terbang ke atap total 25 kali
373	Raja Atap
374	Terbang ke atap total 100 kali
375	Lecutan Pertama
376	Aktifkan Fever
377	Kelebihan Muatan
378	Fever total 50 kali
379	Petir Hidup
380	Total 10 menit dalam Fever
381	HARTA
382	Celengan
383	Kumpulkan total 2.000 koin
384	Bendahara
385	Kumpulkan total 25.000 koin
386	Hujan Emas
387	500 koin dalam satu lari
388	Penangkap Bintang
389	Total 300 koin di udara
390	Kilau Berlian
391	Kumpulkan total 100 berlian
392	Pemburu Harta
393	Buka 25 peti
394	Peselancar
395	Total 200 platform bergerak
396	Jalan Panjang
397	Total 300 platform panjang
398	Kanguru
399	Total 100 lompatan tinggi
400	Malaikat Pelindung
401	Perisai menyelamatkan total 10 kali
402	Napas Kedua
403	Lompat ganda menyelamatkan total 10 kali
404	Penangkal Petir
405	Hindari total 100 petir
406	Insinyur
407	Total 15 level modul
408	Ahli Modul
409	Tingkatkan satu modul hingga maksimal
410	CERITA
411	Keluar dari Taman
412	Selesaikan Taman Awan
413	Lampu Neon
414	Selesaikan Kota Neon
415	Hati Panas
416	Selesaikan Reaktor
417	Di Atas Awan
418	Selesaikan Distrik Langit
419	Kebenaran Inti
420	Selesaikan seluruh cerita
421	Penjaga Kenangan
422	Temukan semua kenangan Inti
423	INTI
424	Resonansi Pertama
425	Capai Resonansi ×5
426	Resonansi Dalam
427	Capai Resonansi ×15
428	Jantung Inti
429	Capai Resonansi ×30
430	Pemburu Sinyal
431	Kumpulkan sinyal Inti 7 kali
432	Setia pada Percikan
433	7 hari beruntun
434	Bulbik
435	Es
436	Neon
437	Emas
438	Reaktor
439	Resonator
440	Bayangan
441	Nuklir
442	Pelangi
443	BARU · KRONIK
444	★ ISTIMEWA
445	✓ DIPAKAI
446	PAKAI
447	📺 5/5 · DISKON!
448	LEMARI
449	{}/{} · koin · Kronik · ★ koin+iklan
450	📺 Diskon! {} sekarang {}
451	📺 {}/{} — {} lagi untuk harga {}
452	Kurang {} koin
453	 · atau 📺 diskon
454	🐸 {} milikmu!
455	🔒 Kronik: «{}» — {}
456	KOIN
457	Lab, skin, jejak, dan toko
458	Koin di platform dan di udara
459	Bonus jarak dan final babak
460	Misi harian, resonansi, mingguan
461	Peti
462	INTI
463	Level modul 4–5 · tukar 100 inti → 1 kunci
464	💎 Berlian di platform: tiap 4 = 1 inti
465	Peti: kayu 1, kristal 4, epik 12
466	Misi, resonansi Inti, mingguan
467	PECAHAN
468	Meningkatkan modul di Lab
469	Peti — paling banyak di peti epik
470	Berburu percikan: 3 cakram tiap hari
471	Misi harian dan resonansi Inti
472	KUNCI INTI
473	Lanjutkan lari setelah jatuh
474	Toko: dengan koin atau iklan (3 sehari)
475	Tukar 100 inti → 1 kunci
476	Peti epik, mingguan, dan hari beruntun
477	DARI MANA MATA UANG DIDAPAT
478	ketuk untuk menutup
479	 km
480	 m
481	Lari
482	Koin didapat
483	Pecahan terkumpul
484	Peti dibuka
485	Inti terkumpul
486	Skor terbaik
487	Lari terjauh
488	Total jarak
489	Skin
490	LEVEL
491	Kronik: {}/{} · modul: {}/{}
492	BAHASA
493	PROFIL
494	semua yang telah kamu lakukan di game
495	🌐 BAHASA
496	SKIN
497	Percikan
498	Kepingan salju
499	Api
500	Neon
501	Pelangi
502	lanjutkan lari
503	Kunci Inti
504	3 Kunci Inti
505	Hemat 1.500 koin
506	Kunci untuk inti
507	Tukar: 100 inti → 1 kunci
508	PERISAI CADANGAN
509	ketuk dua kali · satu per lari
510	Perisai
511	Muatan perisai cadangan
512	5 perisai
513	Hemat 300 koin
514	PENGUAT
515	untuk lari berikutnya
516	Lesat 200 m
517	Autopilot di awal lari
518	Lesat 500 m
519	Autopilot panjang di awal
520	Koin ganda
521	Semua koin lari ×2
522	Resonansi +2
523	Pengali poin +2 untuk satu lari
524	PETI
525	dibuka di bagian PETI
526	Peti kayu
527	Koin, inti, dan pecahan
528	Peti kristal
529	Lebih banyak pecahan · peluang kunci
530	Peti epik
531	Banyak pecahan · sekali tiap 72 jam
532	JEJAK LOMPATAN
533	terlihat di setiap lompatan
534	Jejak di belakang Bulbik saat terbang
535	Sudah aktif untuk lari berikutnya
536	Lesat sudah dibeli untuk lari berikutnya
537	Kurang {} inti
538	Peti menunggu di PETI
539	Berlaku di lari berikutnya
540	Jejak dipilih!
541	Dibeli!
542	Iklan tidak dimuat — coba lagi
543	{}/{} hari ini
544	besok
545	tersedia!
546	Kunci lewat iklan — 3 kali sehari. Kembali besok
547	Peti epik lewat iklan — dalam {}
548	Lewat iklan — {} sehari. Kembali besok
549	Didapat lewat iklan!
550	🚀 LESAT {} m
551	💰 KOIN ×2
552	🔷 RESONANSI +2
553	🎮 KAMU YANG KENDALIKAN!
554	✓ AKTIF
555	TOKO
556	🛡 cadangan: {}
557	🚀 penguat menunggu lari
558	koin → kunci, perisai, penguat, peti, jejak
559	Hijau
560	Bulbik klasik
561	Biru
562	🧲 Magnet: koin terbang ke arahmu
563	Merah muda
564	💗 +1 nyawa sekali per lari
565	Ungu
566	🎯 Jendela PERFECT +30%
567	💰 Koin x2
568	🌈 GOOD tidak memutus kombo
569	☀️ Cerah
570	☁️ Berawan
571	🌙 Malam
572	⭐ Angkasa
573	🌧️ Hujan
574	🌅 Senja
575	🌫️ Kabut
576	🔷 Geometri
577	🌀 Spiral
578	🎨 Pop Art
579	🔶 Retro
580	⚡ Neo
581	✨ Minimal
582	🎒 JETPACK!
583	⬇ LIFT DI BAWAH!
584	💥 DINDING!
585	🚀 ATAP ◀   ▶ TANAH
586	TANAH ◀   ▶ 🚀 ATAP
587	⬇ ATAP RUNTUH
588	LARI!
589	💗 NYAWA!
590	💔 FEVER HILANG!
591	🚀 KE ATAP!
592	💀 JEBAKAN!
593	✅ AMAN!
594	⚠️ RETAK!
595	👻 MENGHILANG!
596	❄️ LICIN!
597	🔺 LOMPAT!
598	⚡ DORONG!
599	⬇️ JATUH!
600	🎰 🛡️ +1 PERISAI
601	🎰 🧲 MAGNET!
602	🎰 JACKPOT! +
603	🌀 LOMPAT GANDA!
604	🛡 FEVER TERJAGA!
605	TERTANGKAP!
606	🌟 LUAR BIASA!
607	KEJAUHAN! +
608	JALAN PINTAS! +kecepatan
609	🛡️ +1 PERISAI
610	🧲 MAGNET!
611	🔷 RESONANSI ×2!
612	🌟 SUPER!
613	💠 +1 INTI
614	🛡️ PERISAI!
615	🎒 MENDARAT
616	🏆 REKOR BARU!
617	Kamu belum pernah sejauh ini.
618	🛡 PERISAI SIAP · KETUK DUA KALI
619	🔷 ×2 SELESAI
620	🌀 PELINDUNG {} d LAGI
621	🌀 PELINDUNG SELESAI
622	🏰 KASTIL MENYALA +15
623	🏆 REKOR
624	🏃 KABUR!
625	Tahan dan geser → untuk membidik
626	Lompat di atas platform!
627	Hari ini pelangi tidak menyala.
628	Pemakan Awan memakan cahaya kastil…
629	…dan menyeretnya ke balik cakrawala. Jejaknya masih berpendar.
630	ketuk — lewati
631	⚠  INTI TIDAK STABIL  ⚠
632	⚠  PEMAKAN AWAN DEKAT  ⚠
633	RESONANSI
634	KOMBO
635	RESONANSI ×2 · penguat
636	Semua poin dihitung ganda {} d lagi. Lebih lama — di Lab
637	MAGNET · bekerja sendiri
638	Menarik koin dari jalur sebelah {} d lagi. Lebih lama — di Lab
639	PERISAI · ketuk layar dua kali
640	Perisai hanya dari toko, satu per lari. Cadangan: {}
641	LOMPAT GANDA · pelindung
642	Di awal lari menyelamatkan dari jatuh {} d lagi. Lebih lama — di Lab
643	 d
644	JEDA
645	{} {} · {} m
646	▶  LANJUT
647	KE MENU
648	🚀 AUTOPILOT · {} m lagi
649	KENDALI DALAM
650	⚡ LESAT
651	🏆 REKOR dalam
652	🛡 KETUK DUA KALI — PERISAI
653	Geser dengan jari
654	SIAPA YANG MEMATIKAN INTI?
655	MAIN
656	CERITA · ENERGI INTI {}%
657	BERSAMBUNG…
658	REKOR
659	TERJAUH
660	LAB
661	MISI
662	Dunia baru untuk lari terbuka di Cerita
663	📺 IKLAN
664	di sini akan ada iklan sungguhan
665	Butuh {} {} Inti
666	LARI SELESAI
667	UJIAN DUNIA {}
668	LEVEL {}-{}
669	Pertama kali · +{} koin
670	Selesai lagi
671	Ke garis akhir: {}/{} m
672	🏆 REKOR BARU
673	🏆 REKOR JARAK
674	🔥 Beruntun {} {}
675	hari
676	hari
677	hari
678	🏆 Kronik Percikan: +{} {}
679	catatan
680	catatan
681	catatan
682	POIN  ·  REKOR {}
683	JARAK
684	bonus +{}
685	  ·  terbuka {}
686	⬆ LEVEL BARU {}!{}
687	🔷 RESONANSI INTI
688	PANGKAT BARU!
689	{}/3 · ×{} poin
690	Hadiah:
691	 · maksimal ×30
692	+{} {} · BUKA ▶
693	peti
694	peti
695	peti
696	Bisa ditingkatkan: {} ▶
697	LANJUTKAN LARI?  ·  kamu punya 🔑 {}
698	IKLAN
699	IKLAN
700	IKLAN
701	KUNCI
702	KUNCI
703	KUNCI
704	LEVEL BERIKUTNYA
705	MAIN LAGI
706	DUNIA   ·   MENU
707	MENU UTAMA
708	👼 HIDUP LAGI!
709	← Kembali
710	Perisai awal
711	Mulai lari dengan perisai
712	Magnet di awal
713	Magnet di awal: dua kali waktu Lab
714	×2 koin sepanjang lari berikutnya
715	 h
716	 j
717	 mnt
718	kristal
719	✓ SELESAI
720	RESONANSI INTI
721	misi terdiri dari lari
722	Resonansi maksimal
723	Menuju ×{}: {}/3 misi
724	 · pengali poin
725	BERBURU PERCIKAN
726	baru dalam
727	Sinyal Inti hari ini terkumpul
728	Pecahan sinyal di platform
729	 h
730	HARIAN
731	PERBAIKAN INTI · MINGGU
732	🔒 Terbuka di hari ketiga bermain
733	Energi: {}
734	🔥 Beruntun: {} {}
735	lari +1 · misi +1 · harian +2 · sinyal +3
736	AMBIL
737	🏆 KRONIK PERCIKAN · {}/{}
738	🐸 hadiah skin
739	✓ Tercatat di Kronik
740	🏆 Selesai!
741	KRONIK PERCIKAN
742	  ·  SIAP: {}
743	🛒 TOKO
744	Penguat untuk lari berikutnya
745	✓ DI LARI BERIKUTNYA
746	BELI
747	LV
748	 · set selesai!
749	Berikutnya: {} {} · lv. {}
750	Semua modul terbuka
751	LV {}/{}
752	Memberi:
753	Sekarang:
754	Berikutnya:
755	🔒 Terbuka di level pemain
756	★ MAKSIMAL
757	Butuh
758	 pemain
759	TINGKATKAN
760	{} {} → level {}
761	Koin kurang — kumpulkan saat lari
762	Butuh pecahan — keluar dari peti
763	Butuh inti — berlian saat lari dan peti
764	KAYU
765	KRISTAL
766	EPIK
767	 koin
768	 Inti
769	 inti
770	pecahan {}/{}
771	BILAH PETI
772	Lari dan target mengisi bilah · peti epik dijamin dalam {}
773	BUKA
774	Pecahan masuk ke modul yang paling butuh
775	Kelebihan untuk modul maksimal berubah jadi inti
776	 PETI
777	★ Peti ke-10 — naik jadi epik!
778	Ketuk untuk mengambil
779	TERKUNCI
780	PULIH
781	BERJALAN
782	TERBUKA
783	🔒 Pulihkan dunia {} untuk membuka
784	DUNIA
785	📜 LOG INTI · {}/{}
786	👾 SKIN
787	👾 Karakter
788	🌤️ Langit
789	✅ Dipilih
790	Ketuk
791	{} h
792	{} j
793	{} mnt
794	{} h
795	{} d
796	{} m
797	{} km
798	Iklan sedang dimuat — tunggu beberapa detik
799	Iklan berikutnya mulai sendiri
