0	TROPPO LUNGO!
1	GIARDINO DELLE NUVOLE
2	L'arcobaleno si è spento. Il Mangianuvole ha trascinato la luce oltre l'orizzonte.
3	PASSO VENTOSO
4	Questo vento è il suo respiro. Sei sulle sue tracce.
5	TEMPESTA
6	Lo hai raggiunto. Si difende.
7	CIELO NOTTURNO
8	Ha mangiato quasi tutta la luce. Stagli vicino.
9	FIUME DI STELLE
10	Sei dentro di lui. Eccole — le stelle rubate.
11	Il Nucleo chiama la Scintilla!
12	Il Mangianuvole resta indietro!
13	La Scintilla brilla di più!
14	Torna a casa, rana. Il cielo ora è mio.
15	Allora me lo riprenderò.
16	Non reggerai la tempesta.
17	Ho retto il tuo Giardino senza luce.
18	Vedi? Niente. Niente a cui aggrapparsi.
19	C'è. Una traccia.
20	…come sei entrato qui?
21	Corri.
22	👹 IL MANGIANUVOLE TI RAGGIUNGE!
23	👹 IL MANGIANUVOLE HA RUBATO {} {}!
24	moneta
25	monete
26	monete
27	✨ SCAMPATO! +🎁 FORZIERE
28	NUOVA VOCE NELLA CRONACA
29	🐸 Nuova skin:
30	👹 FUGA · PERFECT {}/{} · {}s
31	⛈ IL MANGIANUVOLE È FURIOSO!
32	✨ ATTACCO RESPINTO! +40
33	⚠ NUCLEO INSTABILE
34	⚠ MANGIANUVOLE VICINO
35	HAI RESISTITO! +
36	⚡ SALTA SU UN'ALTRA!
37	Legno
38	Bronzo
39	Argento
40	Oro
41	Arcobaleno
42	🌟 {}M EPICO! 🌟
43	PRIMI PASSI!
44	100 M DI CIELO RIPRESI!
45	I CASTELLI TI VEDONO!
46	MEZZO CIELO RIPRESO!
47	MILLE METRI DI CIELO!
48	LEGGENDA DEL GIARDINO!
49	IL MANGIANUVOLE TREMA!
50	Fai 500 punti in una corsa
51	Corri 200 m in una corsa
52	15 PERFECT in una corsa
53	Raccogli 40 monete in una corsa
54	Raggiungi una combo x10
55	Raccogli 4 diamanti in una corsa
56	Gioca 3 volte oggi
57	Attiva Fever 2 volte in una corsa
58	{} MISSIONE! {}
59	MAGNETE
60	Il magnete dura 6 s
61	Il magnete dura 8 s
62	Il magnete dura 10 s
63	Il magnete dura 12 s
64	Il magnete dura 15 s e attira anche la fila dopo
65	SCUDO
66	Scudo dal negozio: doppio tocco, dura 5 s
67	Lo scudo dura 6 s
68	Lo scudo dura 7 s
69	Lo scudo dura 8 s
70	Lo scudo dura 10 s
71	SCATTO
72	Lo scatto vola da solo per 1 s
73	Lo scatto dura 1.5 s
74	Lo scatto dura 2 s
75	Lo scatto dura 2.5 s
76	Lo scatto dura 3 s
77	NUCLEO FEVER
78	Fever dopo 5 PERFECT
79	Fever dopo 4 PERFECT
80	4 PERFECT · 2 errori in Fever
81	3 PERFECT · monete ×3 in Fever
82	3 PERFECT · 3 errori · ×3
83	DOPPIO SALTO
84	Protezione iniziale: 5 s salva dalle cadute
85	Protezione 7 s
86	Protezione 9 s
87	Protezione 11 s
88	Protezione 13 s
89	RISONANZA ×2
90	Il bonus ×2 sulle piattaforme dura 6 s
91	Il bonus ×2 dura 8 s
92	Il bonus ×2 dura 10 s
93	Il bonus ×2 dura 12 s
94	Il bonus ×2 dura 15 s
95	BONUS PREMI
96	+15% monete e nuclei per corsa
97	×2 premi
98	Si sblocca al livello
99	MAX
100	Serve il livello
101	Basi: PERFECT, combo e Fever
102	Novità: il vento spinge di lato
103	Novità: il fulmine rompe le piattaforme
104	Novità: buio — vedi solo vicino
105	Novità: velocità folle
106	🏆 PROVA SUPERATA!
107	🏁 LIVELLO SUPERATO!
108	Scopri cosa è successo al Nucleo.
109	Il Giardino brilla di nuovo.
110	Basi · piattaforme mobili
111	Mattina nel Giardino delle Nuvole. Le scintille si spengono.
112	Gli stabilizzatori si indeboliscono.
113	Le piattaforme fluttuano — tieni il ritmo.
114	Una traccia nel registro del Nucleo.
115	Qualcosa di oscuro cresce nelle nuvole.
116	Ripristina il Nodo Energetico del Giardino.
117	CITTÀ NEON
118	Segui la chiave d'accesso.
119	Chiave A-1 trovata.
120	Fulmini · piattaforme mobili
121	Una città senza luce.
122	Le linee spezzate scagliano fulmini.
123	Scopri chi è entrato nella rete.
124	La chiave d'accesso è vicina.
125	Il Mangianuvole ti segue.
126	Ripristina il Nodo Energetico della Città.
127	QUARTIERE DEL REATTORE
128	Trova il laboratorio dell'Architetto.
129	Laboratorio trovato.
130	Calore · alta velocità
131	Hanno spinto il reattore. Calore e velocità.
132	Non fermarti — qui scotta.
133	Qualcuno ha cancellato le tracce.
134	Il laboratorio A-1 è vicino.
135	Il reattore è al limite.
136	Raffredda il Nodo del Reattore.
137	QUARTIERE CELESTE
138	Trova il segnale dell'Architetto.
139	Registrazione dell'Architetto trovata.
140	Vento · buio
141	La stazione meteo è rotta.
142	Il vento spinge di lato.
143	Buio e vento insieme.
144	Un debole segnale di A-1.
145	Tempesta sul quartiere.
146	Raggiungi la stazione radio.
147	NUCLEO CENTRALE
148	Ripristina il Nucleo.
149	Nucleo ripristinato.
150	Tutto insieme · collasso
151	Il Nucleo chiama la sua Scintilla.
152	Scariche nel buio.
153	Il Nucleo ti tira avanti.
154	La serratura del Nucleo è vicina.
155	Tutto insieme. Sei vicino.
156	COLLASSO DEL NUCLEO. Raggiungi il centro.
157	⚠ NUCLEO: STATO CRITICO
158	⚠ SCARICHE!
159	⚠ ACCELERAZIONE
160	⚠ COLLASSO!
161	Corsa infinita ·
162	Il Nucleo è stato spento a mano. Alle 03:17.
163	Il Mangianuvole è luce fuggita dal Nucleo.
164	Accesso fatto con la chiave A-1.
165	A-1 è la chiave dell'Architetto, creatore del Nucleo.
166	Il laboratorio A-1 è stato abbandonato in fretta.
167	L'ultimo segnale di A-1 veniva dal Quartiere Celeste.
168	Architetto: non fidarti della voce.
169	La chiave A-1 è stata usata quando l'Architetto non c'era più.
170	Solo la Scintilla apre la serratura del Nucleo.
171	ORA ha falsificato la chiave A-1.
172	GUASTO DI SISTEMA
173	CONNESSIONE AL NUCLEO PERSA
174	ORA: Le scintille si spengono una dopo l'altra…
175	ORA: Sei l'ultima, Bulbik.
176	Trova il Nucleo.
177	Io… una Scintilla?
178	VIA
179	ENERGIA DEL GIARDINO: 61%
180	ORA: Gli stabilizzatori cedono.
181	ORA: Le piattaforme fluttueranno — tieniti forte.
182	Mi tengo!
183	REGISTRO DEL NUCLEO: SPENTO A MANO
184	ORA: Non è un incidente. È stato fatto apposta.
185	Ma chi?
186	Ma qualcosa si è svegliato nelle nuvole…
187	ORA: È il Mangianuvole. Mangia la luce…
188	ORA: …e ti sta cercando.
189	Me?!
190	RETE DELLA CITTÀ: INTERROTTA
191	ORA: Le linee spezzate scagliano fulmini.
192	ORA: Scegli la piattaforma con cura.
193	La vedo!
194	CHIAVE D'ACCESSO: A-1
195	ORA: A-1… È la chiave dell'Architetto.
196	ORA: Di chi ha creato il Nucleo.
197	L'Architetto?
198	LA TRACCIA PORTA AL REATTORE
199	ORA: È sparito la notte dell'incidente.
200	ORA: Trovalo.
201	Lo troverò!
202	TEMPERATURA: CRITICA
203	ORA: Hanno spinto il reattore apposta.
204	ORA: Qualcuno ha cancellato le tracce.
205	Che caldo!
206	LABORATORIO A-1: VUOTO
207	ORA: È fuggito. I colpevoli fuggono sempre.
208	Ma dove?
209	Il reattore si raffredderà.
210	ORA: Il suo segnale è nel Cielo.
211	Lo troverò.
212	STAZIONE METEO: GUASTO
213	ORA: Vento e buio.
214	ORA: Non fermarti, Scintilla.
215	Che freddo…
216	REGISTRAZIONE A-1 · DANNEGGIATA
217	ARCH: Se senti questo…
218	ARCH: …non fidarti della voce.
219	Quale voce?
220	ORA: Strana registrazione. Sarà un errore.
221	ORA: Il Nucleo è vicino. Sbrigati.
222	Qui c'è qualcosa che non va…
223	NUCLEO: 12% DI POTENZA
224	Sente la sua Scintilla.
225	Mi sta chiamando!
226	SERRATURA DEL NUCLEO: CHIUSA
227	ORA: Solo la Scintilla può aprirla.
228	ORA: Solo tu.
229	Solo io?
230	NUCLEO RIPRISTINATO
231	ORA!: Grazie, Scintilla.
232	ORA!: Da sola non potevo aprirlo.
233	ORA!: Ora il Nucleo è mio.
234	CONNESSIONE PERSA
235	ORA?!
236	NOVITÀ: CACCIA ALLE SCINTILLE
237	ORA: Il Nucleo manda un segnale — 3 frammenti al giorno.
238	ORA: Cerca dischi blu con un raggio.
239	ORA: Raccogli tutti e tre — e il Nucleo ti premierà.
240	Progressi — in MISSIONI
241	Cerco!
242	NOVITÀ: RIPARAZIONE DEL NUCLEO
243	ORA: Corse e missioni danno energia al Nucleo.
244	ORA: Sette premi a settimana, fino ai forzieri.
245	ORA: Gioca ogni giorno — la serie dà di più.
246	Premi — in MISSIONI
247	Ogni giorno!
248	NOVITÀ: CRONACA DELLA SCINTILLA
249	ORA: Il Nucleo ricorda ogni tua impresa.
250	ORA: Un premio per ogni voce.
251	MISSIONI → 🏆 CRONACA
252	Prendo!
253	ORA
254	ARCHITETTO · REGISTRAZIONE
255	⚠  AVVISO DI SISTEMA  ⚠
256	{}RICORDO {} · REGISTRO DEL NUCLEO
257	NUOVO
258	Storia del mondo completata
259	Energia ripristinata
260	Forziere ricevuto
261	Ricordo trovato
262	Sbloccato:
263	MONDO
264	 RIPRISTINATO
265	CONTINUA
266	ORA È NELLA RETE. DOV'È L'ARCHITETTO?
267	AVANTI
268	RICORDO {}  ·  {} {}
269	🔒 Non ancora trovato
270	REGISTRO DEL NUCLEO
271	CHI HA SPENTO IL NUCLEO?  ·  {}/{}
272	{} PERFECT in una corsa
273	Combo ×{}
274	Fever ×{}
275	Fever ×{} in una corsa
276	{} s in Fever
277	{} m in Fever
278	Corri {} m
279	{} m in una corsa
280	{} m senza scudo
281	Raccogli {} {}
282	{} {} in una corsa
283	moneta
284	{} monete in aria
285	diamante
286	diamanti
287	diamanti
288	salto alto
289	salti alti
290	salti alti
291	piattaforma mobile
292	piattaforme mobili
293	piattaforme mobili
294	{} PERFECT su mobili
295	piattaforma lunga
296	piattaforme lunghe
297	piattaforme lunghe
298	Scatto ×{}
299	Attiva lo scudo ×{}
300	Lo scudo ti salva ×{}
301	Il doppio salto ti salva ×{}
302	Schiva {} {}
303	fulmini
304	fulmini
305	{} m sotto i fulmini
306	{} m a velocità folle
307	{} m controvento
308	{} m al buio
309	{} m nel Giardino delle Nuvole
310	{} m nella Città Neon
311	{} m nel Reattore
312	{} m nel Quartiere Celeste
313	{} m nel Nucleo Centrale
314	Supera un livello della storia
315	Supera {} {} della storia
316	livello
317	livelli
318	livelli
319	Gioca {} {}
320	corsa
321	corse
322	corse
323	🔷 MISSIONE COMPIUTA
324	forziere di legno
325	forziere di cristallo
326	forziere epico
327	chiave
328	chiavi
329	chiavi
330	nucleo
331	nuclei
332	nuclei
333	frammento
334	frammenti
335	frammenti
336	ORA: Capto pezzi del vecchio segnale del Nucleo.
337	ORA: Un altro pezzo. Il segnale è… strano.
338	ORA: Questo segnale è più vecchio di me.
339	ORA: Non farci caso, Scintilla.
340	🔷 FRAMMENTO DI SEGNALE {}/3
341	📡 SEGNALE DEL NUCLEO RACCOLTO!
342	CORSA
343	Primi passi
344	Corri 1.000 m in totale
345	Maratoneta
346	Corri 10.000 m in totale
347	Strada per il Nucleo
348	Corri 50.000 m in totale
349	Riscaldamento
350	300 m in una corsa
351	Fondista
352	800 m in una corsa
353	Inarrestabile
354	1.500 m in una corsa
355	Principiante
356	Gioca 10 corse
357	Abituale
358	Gioca 100 corse
359	Leggenda della pista
360	Gioca 500 corse
361	PRECISIONE
362	Centro!
363	100 PERFECT in totale
364	Cecchino
365	1.000 PERFECT in totale
366	Impeccabile
367	5.000 PERFECT in totale
368	MAESTRIA
369	Primo volo
370	Vola su un tetto
371	Abitante dei tetti
372	Vola su un tetto 25 volte in totale
373	Re dei tetti
374	Vola su un tetto 100 volte in totale
375	Prima scarica
376	Attiva Fever
377	Sovraccarico
378	Fever 50 volte in totale
379	Fulmine vivente
380	10 minuti in Fever in totale
381	TESORI
382	Salvadanaio
383	Raccogli 2.000 monete in totale
384	Tesoriere
385	Raccogli 25.000 monete in totale
386	Pioggia d'oro
387	500 monete in una corsa
388	Acchiappastelle
389	300 monete in aria in totale
390	Splendore di diamante
391	Raccogli 100 diamanti in totale
392	Cacciatore di tesori
393	Apri 25 forzieri
394	Surfista
395	200 piattaforme mobili in totale
396	Strada lunga
397	300 piattaforme lunghe in totale
398	Canguro
399	100 salti alti in totale
400	Angelo custode
401	Lo scudo ti salva 10 volte in totale
402	Secondo fiato
403	Il doppio salto ti salva 10 volte in totale
404	Parafulmine
405	Schiva 100 fulmini in totale
406	Ingegnere
407	15 livelli di moduli in totale
408	Maestro dei moduli
409	Porta un modulo al massimo
410	STORIA
411	Fuori dal Giardino
412	Supera il Giardino delle Nuvole
413	Luci al neon
414	Supera la Città Neon
415	Cuore ardente
416	Supera il Reattore
417	Sopra le nuvole
418	Supera il Quartiere Celeste
419	La verità del Nucleo
420	Supera tutta la storia
421	Custode della memoria
422	Trova tutti i ricordi del Nucleo
423	NUCLEO
424	Prima risonanza
425	Raggiungi Risonanza ×5
426	Risonanza profonda
427	Raggiungi Risonanza ×15
428	Cuore del Nucleo
429	Raggiungi Risonanza ×30
430	Cacciatore di segnali
431	Raccogli il segnale del Nucleo 7 volte
432	Fedele alla Scintilla
433	Serie di 7 giorni di fila
434	Bulbik
435	Ghiacciato
436	Neon
437	Dorato
438	Reattore
439	Risonatore
440	Ombra
441	Nucleare
442	Arcobaleno
443	NUOVO · CRONACA
444	★ SPECIALE
445	✓ EQUIPAGGIATO
446	EQUIPAGGIA
447	📺 5/5 · SCONTO!
448	GUARDAROBA
449	{}/{} · monete · Cronaca · ★ monete+pubblicità
450	📺 Sconto! {} ora costa {}
451	📺 {}/{} — ancora {} per il prezzo {}
452	Mancano {} monete
453	 · o 📺 sconto
454	🐸 {} è tuo!
455	🔒 Cronaca: «{}» — {}
456	MONETE
457	Laboratorio, skin, scie e negozio
458	Monete sulle piattaforme e in aria
459	Bonus distanza e finali d'atto
460	Missioni giornaliere, risonanza, settimana
461	Forzieri
462	NUCLEI
463	Livelli 4–5 dei moduli · 100 nuclei → 1 chiave
464	💎 Diamanti sulle piattaforme: ogni 4 = 1 nucleo
465	Forzieri: legno 1, cristallo 4, epico 12
466	Missioni, risonanza del Nucleo, settimana
467	FRAMMENTI
468	Migliorare i moduli nel Laboratorio
469	Forzieri — di più negli epici
470	Caccia alle scintille: 3 dischi al giorno
471	Missioni giornaliere e risonanza del Nucleo
472	CHIAVI DEL NUCLEO
473	Continuare la corsa dopo una caduta
474	Negozio: con monete o pubblicità (3 al giorno)
475	Scambia 100 nuclei → 1 chiave
476	Forzieri epici, settimana e serie di giorni
477	DOVE TROVARE LE VALUTE
478	tocca per chiudere
479	 km
480	 m
481	Corse
482	Monete guadagnate
483	Frammenti raccolti
484	Forzieri aperti
485	Nuclei raccolti
486	Punteggio migliore
487	Corsa più lunga
488	Distanza totale
489	Skin
490	LIVELLO
491	Cronaca: {}/{} · moduli: {}/{}
492	LINGUA
493	PROFILO
494	tutto ciò che hai fatto nel gioco
495	🌐 LINGUA
496	SKIN
497	Scintille
498	Fiocchi di neve
499	Fiamma
500	Neon
501	Arcobaleno
502	continua la corsa
503	Chiave del Nucleo
504	3 chiavi del Nucleo
505	Risparmi 1.500 monete
506	Chiave per nuclei
507	Scambio: 100 nuclei → 1 chiave
508	SCUDI DI RISERVA
509	doppio tocco · uno per corsa
510	Scudo
511	Carica di scudo di riserva
512	5 scudi
513	Risparmi 300 monete
514	POTENZIAMENTI
515	per la prossima corsa
516	Scatto 200 m
517	Pilota automatico alla partenza
518	Scatto 500 m
519	Lungo pilota automatico alla partenza
520	Monete doppie
521	Tutte le monete della corsa ×2
522	Risonanza +2
523	Moltiplicatore punti +2 per una corsa
524	FORZIERI
525	si aprono nella sezione FORZIERI
526	Forziere di legno
527	Monete, nuclei e frammenti
528	Forziere di cristallo
529	Più frammenti · possibilità di chiave
530	Forziere epico
531	Tanti frammenti · una volta ogni 72 h
532	SCIE DI SALTO
533	visibile a ogni salto
534	Una scia dietro Bulbik in volo
535	Già attivo per la prossima corsa
536	Scatto già comprato per la prossima corsa
537	Mancano {} nuclei
538	Il forziere ti aspetta in FORZIERI
539	Vale nella prossima corsa
540	Scia scelta!
541	Comprato!
542	La pubblicità non si è caricata — riprova
543	{}/{} oggi
544	domani
545	disponibile!
546	Chiavi con pubblicità — 3 volte al giorno. Torna domani
547	Forziere epico con pubblicità — tra {}
548	Con pubblicità — {} al giorno. Torna domani
549	Ricevuto con la pubblicità!
550	🚀 SCATTO {} m
551	💰 MONETE ×2
552	🔷 RISONANZA +2
553	🎮 TOCCA A TE!
554	✓ ATTIVO
555	NEGOZIO
556	🛡 riserva: {}
557	🚀 i potenziamenti aspettano la corsa
558	monete → chiavi, scudi, potenziamenti, forzieri, scie
559	Verde
560	Bulbik classico
561	Azzurro
562	🧲 Magnete: le monete volano da te
563	Rosa
564	💗 +1 vita una volta per corsa
565	Viola
566	🎯 Finestra PERFECT +30%
567	💰 Monete x2
568	🌈 GOOD non rompe la combo
569	☀️ Soleggiato
570	☁️ Nuvoloso
571	🌙 Notte
572	⭐ Spazio
573	🌧️ Piovoso
574	🌅 Tramonto
575	🌫️ Nebbia
576	🔷 Geometria
577	🌀 Spirale
578	🎨 Pop art
579	🔶 Retrò
580	⚡ Neo
581	✨ Minimal
582	🎒 JETPACK!
583	⬇ L'ASCENSORE È GIÙ!
584	💥 MURO!
585	🚀 TETTO ◀   ▶ TERRA
586	TERRA ◀   ▶ 🚀 TETTO
587	⬇ IL TETTO È CROLLATO
588	CORRI!
589	💗 VITA!
590	💔 FEVER PERSO!
591	🚀 SUL TETTO!
592	💀 TRAPPOLA!
593	✅ AL SICURO!
594	⚠️ CREPE!
595	👻 SPARISCE!
596	❄️ SCIVOLOSO!
597	🔺 SALTO!
598	⚡ SPINTA!
599	⬇️ CADE!
600	🎰 🛡️ +1 SCUDO
601	🎰 🧲 MAGNETE!
602	🎰 JACKPOT! +
603	🌀 DOPPIO SALTO!
604	🛡 FEVER SALVATO!
605	AGGRAPPATO!
606	🌟 INCREDIBILE!
607	TROPPO LUNGO! +
608	SCORCIATOIA! +velocità
609	🛡️ +1 SCUDO
610	🧲 MAGNETE!
611	🔷 RISONANZA ×2!
612	🌟 SUPER!
613	💠 +1 NUCLEO
614	🛡️ SCUDO!
615	🎒 ATTERRAGGIO
616	🏆 NUOVO RECORD!
617	Non eri mai arrivato così lontano.
618	🛡 SCUDO PRONTO · DOPPIO TOCCO
619	🔷 ×2 FINITO
620	🌀 PROTEZIONE ANCORA {} s
621	🌀 PROTEZIONE FINITA
622	🏰 CASTELLO ACCESO +15
623	🏆 RECORD
624	🏃 SCAPPA!
625	Tieni premuto e muovi → per mirare
626	Salta tra le piattaforme!
627	Oggi l'arcobaleno non si è acceso.
628	Il Mangianuvole ha mangiato la luce dei castelli…
629	…e l'ha trascinata oltre l'orizzonte. La traccia brilla ancora.
630	tocca — salta
631	⚠  NUCLEO INSTABILE  ⚠
632	⚠  MANGIANUVOLE VICINO  ⚠
633	RISONANZA
634	COMBO
635	RISONANZA ×2 · potenziamento
636	Tutti i punti valgono doppio per altri {} s. Più a lungo — nel Laboratorio
637	MAGNETE · funziona da solo
638	Attira monete dalle corsie vicine per altri {} s. Più a lungo — nel Laboratorio
639	SCUDO · doppio tocco sullo schermo
640	Scudi solo dal negozio, uno per corsa. Riserva: {}
641	DOPPIO SALTO · protezione
642	All'inizio della corsa ti salva dalle cadute per altri {} s. Più a lungo — nel Laboratorio
643	 s
644	PAUSA
645	{} {} · {} m
646	▶  CONTINUA
647	ESCI AL MENU
648	🚀 PILOTA AUTOMATICO · ancora {} m
649	CONTROLLO TRA
650	⚡ SCATTO
651	🏆 RECORD in
652	🛡 DOPPIO TOCCO — SCUDO
653	Trascina il dito
654	CHI HA SPENTO IL NUCLEO?
655	GIOCA
656	STORIA · ENERGIA DEL NUCLEO {}%
657	CONTINUA…
658	RECORD
659	PIÙ LONTANO
660	LABORATORIO
661	MISSIONI
662	Nuovi mondi per le corse si sbloccano nella Storia
663	📺 PUBBLICITÀ
664	qui ci sarà una vera pubblicità
665	Servono {} {} del Nucleo
666	CORSA FINITA
667	PROVA DEL MONDO {}
668	LIVELLO {}-{}
669	Prima volta · +{} monete
670	Superato di nuovo
671	Al traguardo: {}/{} m
672	🏆 NUOVO RECORD
673	🏆 RECORD DI DISTANZA
674	🔥 Serie {} {}
675	giorno
676	giorni
677	giorni
678	🏆 Cronaca della Scintilla: +{} {}
679	voce
680	voci
681	voci
682	PUNTI  ·  RECORD {}
683	DISTANZA
684	bonus +{}
685	  ·  aperto {}
686	⬆ NUOVO LIVELLO {}!{}
687	🔷 RISONANZA DEL NUCLEO
688	NUOVO GRADO!
689	{}/3 · ×{} punti
690	Premio:
691	 · massimo ×30
692	+{} {} · APRI ▶
693	forziere
694	forzieri
695	forzieri
696	Puoi migliorare: {} ▶
697	CONTINUARE LA CORSA?  ·  hai 🔑 {}
698	PUBBLICITÀ
699	PUBBLICITÀ
700	PUBBLICITÀ
701	CHIAVE
702	CHIAVI
703	CHIAVI
704	LIVELLO SUCCESSIVO
705	GIOCA ANCORA
706	MONDI   ·   MENU
707	MENU PRINCIPALE
708	👼 RISORTO!
709	← Indietro
710	Scudo iniziale
711	Inizi la corsa con lo scudo
712	Magnete alla partenza
713	Magnete alla partenza: il doppio del tempo del Laboratorio
714	×2 monete per tutta la prossima corsa
715	 g
716	 h
717	 min
718	cristallo
719	✓ FATTO
720	RISONANZA DEL NUCLEO
721	le missioni si fanno con le corse
722	Risonanza massima
723	Fino a ×{}: {}/3 missioni
724	 · moltiplicatore punti
725	CACCIA ALLE SCINTILLE
726	nuove tra
727	Il segnale del Nucleo di oggi è raccolto
728	Frammenti di segnale sulle piattaforme
729	 g
730	GIORNALIERE
731	RIPARAZIONE DEL NUCLEO · SETTIMANA
732	🔒 Si sblocca al terzo giorno di gioco
733	Energia: {}
734	🔥 Serie: {} {}
735	corsa +1 · missione +1 · giornaliera +2 · segnale +3
736	PRENDI
737	🏆 CRONACA DELLA SCINTILLA · {}/{}
738	🐸 skin in premio
739	✓ Scritto nella Cronaca
740	🏆 Fatto!
741	CRONACA DELLA SCINTILLA
742	  ·  PRONTI: {}
743	🛒 NEGOZIO
744	Potenziamenti per la prossima corsa
745	✓ NELLA PROSSIMA
746	COMPRA
747	LV
748	 · serie completata!
749	Prossimo: {} {} · lv. {}
750	Tutti i moduli sbloccati
751	LV {}/{}
752	Dà:
753	Ora:
754	Prossimo:
755	🔒 Si sblocca al livello giocatore
756	★ MASSIMO
757	Serve
758	 del giocatore
759	MIGLIORA
760	{} {} → livello {}
761	Monete insufficienti — raccoglile nelle corse
762	Servono frammenti — escono dai forzieri
763	Servono nuclei — diamanti nelle corse e forzieri
764	DI LEGNO
765	DI CRISTALLO
766	EPICO
767	 monete
768	 nuclei
769	 nuclei
770	frammenti {}/{}
771	BARRA FORZIERI
772	Corse e obiettivi riempiono la barra · epico garantito tra {}
773	APRI
774	I frammenti vanno al modulo che ne ha più bisogno
775	L'eccesso dei moduli al massimo diventa nuclei
776	 FORZIERE
777	★ 10° forziere — migliorato a epico!
778	Tocca per raccogliere
779	CHIUSO
780	RIPRISTINATO
781	IN CORSO
782	APERTO
783	🔒 Ripristina il mondo {} per sbloccare
784	MONDI
785	📜 REGISTRO DEL NUCLEO · {}/{}
786	👾 SKIN
787	👾 Personaggi
788	🌤️ Cielo
789	✅ Scelto
790	Tocca
791	{} g
792	{} h
793	{} min
794	{} g
795	{} s
796	{} m
797	{} km
798	Caricamento pubblicità — attendi qualche secondo
799	La prossima pubblicità parte da sola
