0	とびすぎ！
1	雲の庭
2	虹が消えた。雲喰いが光を地平線の向こうへ引きずっていった。
3	風の峠
4	この風はあいつの息だ。足跡を追っている。
5	嵐
6	追いついた。あいつが反撃してくる。
7	夜空
8	あいつはほとんどの光を食べた。離れないで。
9	星の流れ
10	あいつの中にいる。ほら――盗まれた星たちだ。
11	コアがスパークを呼んでいる！
12	雲喰いが遅れた！
13	スパークがもっと輝く！
14	帰れ、カエル。空はもう私のものだ。
15	なら、取り返す。
16	嵐には耐えられない。
17	光のない庭にも耐えたよ。
18	見えるか？何もない。つかまるものもない。
19	あるよ。足跡が。
20	……どうやってここに入った？
21	走れ。
22	👹 雲喰いが追ってくる！
23	👹 雲喰いが {} {} を盗んだ！
24	コイン
25	コイン
26	コイン
27	✨ 逃げ切った！+🎁 宝箱
28	新しい年代記の記録
29	🐸 新スキン：
30	👹 逃走 · PERFECT {}/{} · {}秒
31	⛈ 雲喰いが暴れている！
32	✨ 攻撃をはね返した！+40
33	⚠ コア不安定
34	⚠ 雲喰いが近い
35	耐えた！+
36	⚡ 別の足場へ跳べ！
37	木
38	ブロンズ
39	シルバー
40	ゴールド
41	レインボー
42	🌟 {}M すごい！🌟
43	はじめの一歩！
44	空を 100 M 取り戻した！
45	城が君を見ている！
46	空の半分を取り戻した！
47	空を千メートル！
48	庭の伝説！
49	雲喰いが震えている！
50	1回で 500 点取る
51	1回で 200 m 走る
52	1回で PERFECT 15 回
53	1回でコイン 40 枚集める
54	コンボ x10 を達成
55	1回でダイヤ 4 個集める
56	今日 3 回プレイ
57	1回で Fever を 2 回発動
58	{} ミッション！{}
59	マグネット
60	マグネット 6 秒
61	マグネット 8 秒
62	マグネット 10 秒
63	マグネット 12 秒
64	マグネット 15 秒、次の列も引き寄せる
65	シールド
66	ショップのシールド：ダブルタップで 5 秒
67	シールド 6 秒
68	シールド 7 秒
69	シールド 8 秒
70	シールド 10 秒
71	ダッシュ
72	ダッシュが 1 秒自動で飛ぶ
73	ダッシュ 1.5 秒
74	ダッシュ 2 秒
75	ダッシュ 2.5 秒
76	ダッシュ 3 秒
77	FEVER コア
78	PERFECT 5 回で Fever
79	PERFECT 4 回で Fever
80	PERFECT 4 回 · Fever 中ミス 2 回まで
81	PERFECT 3 回 · Fever 中コイン ×3
82	PERFECT 3 回 · ミス 3 回 · ×3
83	ダブルジャンプ
84	スタート時の守り：5 秒間落下から守る
85	守り 7 秒
86	守り 9 秒
87	守り 11 秒
88	守り 13 秒
89	レゾナンス ×2
90	足場の ×2 ブースター 6 秒
91	×2 ブースター 8 秒
92	×2 ブースター 10 秒
93	×2 ブースター 12 秒
94	×2 ブースター 15 秒
95	報酬ボーナス
96	1回ごとにコインとコア +15%
97	報酬 ×2
98	解放レベル
99	最大
100	必要レベル
101	基本：PERFECT、コンボ、Fever
102	新要素：風で横に流される
103	新要素：雷が足場を壊す
104	新要素：暗闇――近くしか見えない
105	新要素：猛スピード
106	🏆 試練クリア！
107	🏁 レベルクリア！
108	コアに何が起きたのか調べよう。
109	庭がまた輝いた。
110	基本 · 動く足場
111	雲の庭の朝。スパークが消えていく。
112	安定装置が弱っている。
113	足場が漂う――リズムを保て。
114	コアのログに手がかり。
115	雲の中で何か暗いものが育っている。
116	庭のエネルギーノードを直そう。
117	ネオンシティ
118	アクセスキーを追跡しよう。
119	キー A-1 を発見。
120	雷 · 動く足場
121	光のない街。
122	切れた電線が雷を放つ。
123	ネットワークに入ったのは誰か調べよう。
124	アクセスキーは近い。
125	雲喰いがついてくる。
126	街のエネルギーノードを直そう。
127	リアクター地区
128	建築家のラボを探そう。
129	ラボを発見。
130	熱 · 高速
131	リアクターが暴走させられた。熱とスピード。
132	止まるな――ここは熱い。
133	誰かが痕跡を消した。
134	ラボ A-1 は近い。
135	リアクターは限界だ。
136	リアクターノードを冷やそう。
137	スカイ地区
138	建築家の信号を探そう。
139	建築家の記録を発見。
140	風 · 暗闇
141	気象ステーションが壊れている。
142	風で横に流される。
143	暗闇と風が同時に。
144	かすかな A-1 の信号。
145	地区に嵐が来ている。
146	通信ステーションへ行こう。
147	セントラルコア
148	コアを直そう。
149	コア復旧。
150	すべて同時 · 崩壊
151	コアがスパークを呼んでいる。
152	暗闇の放電。
153	コアが君を前へ引っぱる。
154	コアの錠は近い。
155	すべて同時。あと少し。
156	コア崩壊。中心へ向かえ。
157	⚠ コア：危険な状態
158	⚠ 放電！
159	⚠ 加速
160	⚠ 崩壊！
161	エンドレスラン ·
162	コアは手動で止められた。03:17 に。
163	雲喰いはコアから漏れた光だ。
164	キー A-1 でログイン。
165	A-1 はコアの創造者、建築家のキー。
166	ラボ A-1 は急いで放棄された。
167	A-1 の最後の信号はスカイ地区から。
168	建築家：その声を信じるな。
169	キー A-1 は建築家がいなくなった後に使われた。
170	コアの錠を開けられるのはスパークだけ。
171	キー A-1 は ORA が偽造した。
172	システム障害
173	コアとの通信が途絶
174	ORA：スパークがひとつずつ消えていく……
175	ORA：あなたが最後よ、ブルビック。
176	コアを見つけて。
177	ぼくが……スパーク？
178	スタート
179	庭のエネルギー：61%
180	ORA：安定装置が止まりかけている。
181	ORA：足場が漂うわ――しっかりつかまって。
182	つかまった！
183	コアログ：手動で停止
184	ORA：これは事故じゃない。わざとよ。
185	でも誰が？
186	でも雲の中で何かが目を覚ました……
187	ORA：雲喰いよ。光を食べる……
188	ORA：……そしてあなたを追っている。
189	ぼくを？！
190	街の電力網：断線
191	ORA：切れた電線が雷を放つわ。
192	ORA：足場は慎重に選んで。
193	見えた！
194	アクセスキー：A-1
195	ORA：A-1……建築家のキーね。
196	ORA：コアを作った人よ。
197	建築家？
198	手がかりはリアクターへ
199	ORA：事故の夜に姿を消したの。
200	ORA：彼を見つけて。
201	見つける！
202	温度：危険
203	ORA：リアクターはわざと暴走させられたの。
204	ORA：誰かが痕跡を消したわ。
205	熱い！
206	ラボ A-1：空っぽ
207	ORA：逃げたのよ。犯人はいつも逃げる。
208	でもどこへ？
209	リアクターは冷えるよ。
210	ORA：彼の信号は空にあるわ。
211	見つけてみせる。
212	気象ステーション：障害
213	ORA：風と暗闇。
214	ORA：止まらないで、スパーク。
215	寒い……
216	記録 A-1 · 破損
217	建築家：これを聞いているなら……
218	建築家：……その声を信じるな。
219	どの声？
220	ORA：変な記録ね。たぶんエラーよ。
221	ORA：コアは近いわ。急いで。
222	何かがおかしい……
223	コア：出力 12%
224	スパークの声が聞こえている。
225	ぼくを呼んでる！
226	コアの錠：閉鎖
227	ORA：開けられるのはスパークだけ。
228	ORA：あなただけよ。
229	ぼくだけ？
230	コア復旧
231	ORA!：ありがとう、スパーク。
232	ORA!：私ひとりでは開けられなかった。
233	ORA!：これでコアは私のもの。
234	通信途絶
235	ORA？！
236	新登場：スパークハント
237	ORA：コアが信号を送っている――1日 3 つのかけら。
238	ORA：光の柱が立つ青い円盤を探して。
239	ORA：3つ集めれば――コアがお礼をくれるわ。
240	進み具合は――ミッションで
241	探すよ！
242	新登場：コア修復
243	ORA：ランとミッションがコアにエネルギーをくれる。
244	ORA：週に7つの報酬、宝箱まで。
245	ORA：毎日プレイ――連続日数でもっともらえる。
246	報酬は――ミッションで
247	毎日！
248	新登場：スパーク年代記
249	ORA：コアはあなたの活躍をすべて覚えている。
250	ORA：記録ごとに報酬があるわ。
251	ミッション → 🏆 年代記
252	もらうよ！
253	ORA
254	建築家 · 記録
255	⚠  システム警告  ⚠
256	{}記憶 {} · コアログ
257	新しい
258	ワールドの物語クリア
259	エネルギー回復
260	宝箱を獲得
261	記憶を発見
262	解放：
263	ワールド
264	 復旧
265	つづく
266	ORA はネットワークの中。建築家はどこ？
267	次へ
268	記憶 {}  ·  {} {}
269	🔒 まだ見つかっていない
270	コアログ
271	誰がコアを止めた？  ·  {}/{}
272	1回で PERFECT {} 回
273	コンボ ×{}
274	Fever ×{}
275	1回で Fever ×{}
276	Fever 中 {} 秒
277	Fever 中 {} m
278	{} m 走る
279	1回で {} m
280	シールドなしで {} m
281	{} {} 集める
282	1回で {} {}
283	コイン
284	空中のコイン {} 枚
285	ダイヤ
286	ダイヤ
287	ダイヤ
288	ハイジャンプ
289	ハイジャンプ
290	ハイジャンプ
291	動く足場
292	動く足場
293	動く足場
294	動く足場で PERFECT {} 回
295	長い足場
296	長い足場
297	長い足場
298	ダッシュ ×{}
299	シールドを ×{} 発動
300	シールドが ×{} 救う
301	ダブルジャンプが ×{} 救う
302	{} {} をよける
303	雷
304	雷
305	雷の下で {} m
306	猛スピードで {} m
307	向かい風で {} m
308	暗闇で {} m
309	雲の庭で {} m
310	ネオンシティで {} m
311	リアクターで {} m
312	スカイ地区で {} m
313	セントラルコアで {} m
314	ストーリーのレベルをクリア
315	ストーリーの{} {} をクリア
316	レベル
317	レベル
318	レベル
319	{} {} プレイ
320	回
321	回
322	回
323	🔷 ミッション達成
324	木の宝箱
325	クリスタルの宝箱
326	エピックの宝箱
327	鍵
328	鍵
329	鍵
330	コア
331	コア
332	コア
333	かけら
334	かけら
335	かけら
336	ORA：コアの古い信号の破片を拾っているわ。
337	ORA：また破片。信号が……変ね。
338	ORA：この信号は私より古い。
339	ORA：気にしないで、スパーク。
340	🔷 信号のかけら {}/3
341	📡 コアの信号が集まった！
342	ラン
343	はじめの一歩
344	合計 1,000 m 走る
345	マラソンランナー
346	合計 10,000 m 走る
347	コアへの道
348	合計 50,000 m 走る
349	ウォームアップ
350	1回で 300 m
351	長距離ランナー
352	1回で 800 m
353	止まらない
354	1回で 1,500 m
355	ルーキー
356	10 回プレイ
357	常連
358	100 回プレイ
359	コースの伝説
360	500 回プレイ
361	精度
362	命中！
363	合計 PERFECT 100 回
364	スナイパー
365	合計 PERFECT 1,000 回
366	完璧
367	合計 PERFECT 5,000 回
368	熟練
369	はじめての飛行
370	屋根の上へ飛ぶ
371	屋根の住人
372	合計 25 回屋根へ飛ぶ
373	屋根の王
374	合計 100 回屋根へ飛ぶ
375	はじめての放電
376	Fever を発動
377	オーバーロード
378	合計 Fever 50 回
379	生きた雷
380	合計 10 分 Fever 中
381	お宝
382	貯金箱
383	合計コイン 2,000 枚集める
384	会計係
385	合計コイン 25,000 枚集める
386	黄金の雨
387	1回でコイン 500 枚
388	星つかみ
389	合計で空中のコイン 300 枚
390	ダイヤの輝き
391	合計ダイヤ 100 個集める
392	宝探し
393	宝箱を 25 個開ける
394	サーファー
395	合計 動く足場 200
396	長い道
397	合計 長い足場 300
398	カンガルー
399	合計ハイジャンプ 100 回
400	守護天使
401	シールドが合計 10 回救う
402	第二の息
403	ダブルジャンプが合計 10 回救う
404	避雷針
405	合計 雷を 100 回よける
406	エンジニア
407	モジュールレベル合計 15
408	モジュールマスター
409	モジュールを最大まで強化
410	ストーリー
411	庭を出る
412	雲の庭をクリア
413	ネオンの光
414	ネオンシティをクリア
415	熱い心
416	リアクターをクリア
417	雲の上
418	スカイ地区をクリア
419	コアの真実
420	ストーリーをすべてクリア
421	記憶の番人
422	コアの記憶をすべて見つける
423	コア
424	はじめての共鳴
425	レゾナンス ×5 に到達
426	深い共鳴
427	レゾナンス ×15 に到達
428	コアの心臓
429	レゾナンス ×30 に到達
430	信号ハンター
431	コアの信号を 7 回集める
432	スパークへの忠誠
433	7 日連続
434	ブルビック
435	アイス
436	ネオン
437	ゴールド
438	リアクター
439	レゾネーター
440	シャドウ
441	ニュークリア
442	レインボー
443	新 · 年代記
444	★ 特別
445	✓ 装備中
446	装備
447	📺 5/5 · 割引！
448	ワードローブ
449	{}/{} · コイン · 年代記 · ★ コイン+広告
450	📺 割引！{} が {} に
451	📺 {}/{} — あと {} 回で {} に
452	コインが {} 枚足りない
453	 · または 📺 割引
454	🐸 {} はあなたのもの！
455	🔒 年代記：「{}」— {}
456	コイン
457	ラボ、スキン、軌跡、ショップ
458	足場と空中のコイン
459	距離ボーナスと章のフィナーレ
460	デイリーミッション、共鳴、ウィークリー
461	宝箱
462	コア
463	モジュール Lv 4–5 · コア 100 → 鍵 1
464	💎 足場のダイヤ：4 個 = コア 1
465	宝箱：木 1、クリスタル 4、エピック 12
466	ミッション、コアの共鳴、ウィークリー
467	かけら
468	ラボでモジュールを強化
469	宝箱――エピックに一番多い
470	スパークハント：毎日円盤 3 つ
471	デイリーミッションとコアの共鳴
472	コアの鍵
473	落ちた後もランを続ける
474	ショップ：コインか広告で（1日3回）
475	コア 100 → 鍵 1 と交換
476	エピック宝箱、ウィークリー、連続日数
477	通貨の入手方法
478	タップで閉じる
479	 km
480	 m
481	ラン数
482	獲得コイン
483	集めたかけら
484	開けた宝箱
485	集めたコア
486	ベストスコア
487	最長ラン
488	総距離
489	スキン
490	レベル
491	年代記：{}/{} · モジュール：{}/{}
492	言語
493	プロフィール
494	ゲームでやったことすべて
495	🌐 言語
496	スキン
497	火花
498	雪の結晶
499	炎
500	ネオン
501	レインボー
502	ランを続ける
503	コアの鍵
504	コアの鍵 3 本
505	1,500 コインお得
506	コアと鍵を交換
507	交換：コア 100 → 鍵 1
508	予備のシールド
509	ダブルタップ · 1回に1つ
510	シールド
511	予備シールド
512	シールド 5 個
513	300 コインお得
514	ブースター
515	次のラン用
516	ダッシュ 200 m
517	スタート時オートパイロット
518	ダッシュ 500 m
519	スタート時の長いオートパイロット
520	コイン 2 倍
521	ランのコインすべて ×2
522	レゾナンス +2
523	1回のスコア倍率 +2
524	宝箱
525	宝箱画面で開ける
526	木の宝箱
527	コイン、コア、かけら
528	クリスタルの宝箱
529	かけら多め · 鍵のチャンス
530	エピックの宝箱
531	かけらたくさん · 72 時間に1回
532	ジャンプの軌跡
533	ジャンプごとに見える
534	飛ぶブルビックの後ろの軌跡
535	次のランで有効
536	ダッシュは次のラン用に購入済み
537	コアが {} 足りない
538	宝箱は宝箱画面で待っている
539	次のランで有効
540	軌跡を選択！
541	購入しました！
542	広告を読み込めなかった — もう一度
543	今日 {}/{}
544	明日
545	受け取れる！
546	広告で鍵 — 1日3回。また明日
547	広告でエピック宝箱 — あと {}
548	広告で — 1日 {} 回。また明日
549	広告で獲得！
550	🚀 ダッシュ {} m
551	💰 コイン ×2
552	🔷 レゾナンス +2
553	🎮 操作はあなた！
554	✓ 有効
555	ショップ
556	🛡 予備：{}
557	🚀 ブースターがランを待っている
558	コイン → 鍵、シールド、ブースター、宝箱、軌跡
559	グリーン
560	クラシックなブルビック
561	ブルー
562	🧲 マグネット：コインが飛んでくる
563	ピンク
564	💗 1回につき +1 ライフ
565	パープル
566	🎯 PERFECT 判定 +30%
567	💰 コイン x2
568	🌈 GOOD でもコンボが途切れない
569	☀️ 晴れ
570	☁️ くもり
571	🌙 夜
572	⭐ 宇宙
573	🌧️ 雨
574	🌅 夕焼け
575	🌫️ 霧
576	🔷 ジオメトリ
577	🌀 スパイラル
578	🎨 ポップアート
579	🔶 レトロ
580	⚡ ネオ
581	✨ ミニマル
582	🎒 ジェットパック！
583	⬇ エレベーターは下！
584	💥 壁！
585	🚀 屋根 ◀   ▶ 地面
586	地面 ◀   ▶ 🚀 屋根
587	⬇ 屋根が崩れた
588	走れ！
589	💗 ライフ！
590	💔 FEVER 終了！
591	🚀 屋根へ！
592	💀 ワナ！
593	✅ 安全！
594	⚠️ ひび割れ！
595	👻 消える！
596	❄️ すべる！
597	🔺 ジャンプ！
598	⚡ ブースト！
599	⬇️ 落ちる！
600	🎰 🛡️ +1 シールド
601	🎰 🧲 マグネット！
602	🎰 ジャックポット！+
603	🌀 ダブルジャンプ！
604	🛡 FEVER キープ！
605	つかまった！
606	🌟 信じられない！
607	とびすぎ！+
608	近道！+スピード
609	🛡️ +1 シールド
610	🧲 マグネット！
611	🔷 レゾナンス ×2！
612	🌟 スーパー！
613	💠 +1 コア
614	🛡️ シールド！
615	🎒 着地
616	🏆 新記録！
617	こんなに遠くまで来たのは初めて。
618	🛡 シールド準備OK · ダブルタップ
619	🔷 ×2 終了
620	🌀 守り あと {} 秒
621	🌀 守り終了
622	🏰 城に灯り +15
623	🏆 記録
624	🏃 逃げろ！
625	押したまま動かす → でねらう
626	足場をとび移ろう！
627	今日は虹が灯らなかった。
628	雲喰いが城の光を食べた……
629	……そして地平線の向こうへ引きずっていった。足跡はまだ光っている。
630	タップ — スキップ
631	⚠  コア不安定  ⚠
632	⚠  雲喰いが近い  ⚠
633	レゾナンス
634	コンボ
635	レゾナンス ×2 · ブースター
636	あと {} 秒、すべての得点が 2 倍。もっと長く — ラボで
637	マグネット · 自動で働く
638	あと {} 秒、となりのレーンのコインを引き寄せる。もっと長く — ラボで
639	シールド · 画面をダブルタップ
640	シールドはショップのみ、1回に1つ。予備：{}
641	ダブルジャンプ · 守り
642	スタート時、あと {} 秒落下から守る。もっと長く — ラボで
643	 秒
644	ポーズ
645	{} {} · {} m
646	▶  つづける
647	メニューへ
648	🚀 オートパイロット · あと {} m
649	操作まで
650	⚡ ダッシュ
651	🏆 記録まで
652	🛡 ダブルタップ — シールド
653	指でスワイプ
654	誰がコアを止めた？
655	プレイ
656	ストーリー · コアエネルギー {}%
657	つづく……
658	記録
659	最長
660	ラボ
661	ミッション
662	新しいワールドはストーリーで解放
663	📺 広告
664	ここに本物の広告が出ます
665	コアの {} {} が必要
666	ラン終了
667	ワールドの試練 {}
668	レベル {}-{}
669	初クリア · +{} コイン
670	再クリア
671	ゴールまで：{}/{} m
672	🏆 新記録
673	🏆 距離の記録
674	🔥 連続 {} {}
675	日
676	日
677	日
678	🏆 スパーク年代記：+{} {}
679	件
680	件
681	件
682	ポイント  ·  記録 {}
683	距離
684	ボーナス +{}
685	  ·  解放 {}
686	⬆ 新レベル {}！{}
687	🔷 コアの共鳴
688	新ランク！
689	{}/3 · ×{} ポイント
690	報酬：
691	 · 最大 ×30
692	+{} {} · 開ける ▶
693	宝箱
694	宝箱
695	宝箱
696	強化できる：{} ▶
697	ランを続ける？  ·  🔑 {} 所持
698	広告
699	広告
700	広告
701	鍵
702	鍵
703	鍵
704	次のレベル
705	もう一度
706	ワールド   ·   メニュー
707	メインメニュー
708	👼 復活！
709	← 戻る
710	スタート時シールド
711	シールドを持ってスタート
712	スタート時マグネット
713	スタート時マグネット：ラボの時間の 2 倍
714	次のラン中ずっとコイン ×2
715	 日
716	 時間
717	 分
718	クリスタル
719	✓ 完了
720	コアの共鳴
721	ミッションはランでこなす
722	最大の共鳴
723	×{} まで：ミッション {}/3
724	 · スコア倍率
725	スパークハント
726	更新まで
727	今日のコアの信号は集め終わった
728	足場の上の信号のかけら
729	 日
730	デイリー
731	コア修復 · ウィーク
732	🔒 プレイ 3 日目に解放
733	エネルギー：{}
734	🔥 連続：{} {}
735	ラン +1 · ミッション +1 · デイリー +2 · 信号 +3
736	受け取る
737	🏆 スパーク年代記 · {}/{}
738	🐸 報酬のスキン
739	✓ 年代記に記録
740	🏆 完了！
741	スパーク年代記
742	  ·  受取可：{}
743	🛒 ショップ
744	次のラン用ブースター
745	✓ 次のランで
746	購入
747	Lv
748	 · セット完了！
749	次：{} {} · Lv. {}
750	すべてのモジュール解放
751	Lv {}/{}
752	効果：
753	現在：
754	次：
755	🔒 プレイヤーレベルで解放
756	★ 最大
757	必要
758	 プレイヤー
759	強化
760	{} {} → レベル {}
761	コイン不足 — ランで集めよう
762	かけらが必要 — 宝箱から出る
763	コアが必要 — ランのダイヤと宝箱
764	木
765	クリスタル
766	エピック
767	 コイン
768	 コア
769	 コア
770	かけら {}/{}
771	宝箱ゲージ
772	ランと目標でゲージがたまる · あと {} でエピック確定
773	開ける
774	かけらは一番必要なモジュールへ
775	最大モジュールの余りはコアになる
776	 宝箱
777	★ 10 個目の宝箱 — エピックに格上げ！
778	タップで受け取る
779	未解放
780	復旧
781	進行中
782	解放済み
783	🔒 ワールド {} を直すと解放
784	ワールド
785	📜 コアログ · {}/{}
786	👾 スキン
787	👾 キャラクター
788	🌤️ 空
789	✅ 選択中
790	タップ
791	{} 日
792	{} 時間
793	{} 分
794	{} 日
795	{} 秒
796	{} m
797	{} km
798	広告を読み込み中 — 数秒お待ちください
799	次の広告は自動で始まります
