0	너무 멀리!
1	구름 정원
2	무지개가 꺼졌다. 구름먹보가 빛을 지평선 너머로 끌고 갔다.
3	바람의 고개
4	이 바람은 그의 숨결이야. 넌 그의 흔적을 쫓고 있어.
5	폭풍
6	그를 따라잡았어. 반격하고 있어.
7	밤하늘
8	그가 빛을 거의 다 먹어 버렸어. 가까이 붙어.
9	별의 강
10	넌 그의 안에 있어. 저기 — 도둑맞은 별들이야.
11	코어가 스파크를 부른다!
12	구름먹보가 뒤처진다!
13	스파크가 더 밝게 빛난다!
14	집에 가, 개구리. 이제 하늘은 내 거야.
15	그럼 되찾아 올게.
16	폭풍은 못 버틸걸.
17	빛 없는 네 정원도 버텼어.
18	봐? 아무것도 없어. 붙잡을 것도 없어.
19	있어. 흔적이.
20	…여기 어떻게 들어왔어?
21	달려.
22	👹 구름먹보가 쫓아온다!
23	👹 구름먹보가 {} {}을(를) 훔쳤다!
24	코인
25	코인
26	코인
27	✨ 탈출! +🎁 상자
28	새 연대기 기록
29	🐸 새 스킨:
30	👹 탈출 · PERFECT {}/{} · {}초
31	⛈ 구름먹보가 날뛴다!
32	✨ 공격을 막아냈다! +40
33	⚠ 코어 불안정
34	⚠ 구름먹보 근처
35	버텼다! +
36	⚡ 다른 발판으로 점프!
37	나무
38	브론즈
39	실버
40	골드
41	무지개
42	🌟 {}M 에픽! 🌟
43	첫걸음!
44	하늘 100 M 되찾음!
45	성들이 널 보고 있어!
46	하늘의 절반을 되찾음!
47	하늘 천 미터!
48	정원의 전설!
49	구름먹보가 떤다!
50	한 판에 500점 얻기
51	한 판에 200 m 달리기
52	한 판에 PERFECT 15회
53	한 판에 코인 40개 모으기
54	x10 콤보 달성
55	한 판에 다이아 4개 모으기
56	오늘 3번 플레이
57	한 판에 Fever 2번 발동
58	{} 미션! {}
59	자석
60	자석 6초 지속
61	자석 8초 지속
62	자석 10초 지속
63	자석 12초 지속
64	자석 15초 지속, 다음 줄도 끌어옴
65	보호막
66	상점 보호막: 더블 탭, 5초 지속
67	보호막 6초 지속
68	보호막 7초 지속
69	보호막 8초 지속
70	보호막 10초 지속
71	대시
72	대시가 1초 동안 저절로 날아감
73	대시 1.5초 지속
74	대시 2초 지속
75	대시 2.5초 지속
76	대시 3초 지속
77	FEVER 코어
78	PERFECT 5회 후 Fever
79	PERFECT 4회 후 Fever
80	PERFECT 4회 · Fever 중 실수 2회
81	PERFECT 3회 · Fever 중 코인 ×3
82	PERFECT 3회 · 실수 3회 · ×3
83	더블 점프
84	시작 보호: 5초 동안 추락 방지
85	보호 7초
86	보호 9초
87	보호 11초
88	보호 13초
89	공명 ×2
90	발판의 ×2 부스터 6초 지속
91	×2 부스터 8초 지속
92	×2 부스터 10초 지속
93	×2 부스터 12초 지속
94	×2 부스터 15초 지속
95	보상 보너스
96	판마다 코인과 코어 +15%
97	보상 ×2
98	해금 레벨
99	최대
100	필요 레벨
101	기본: PERFECT, 콤보, Fever
102	새 요소: 바람이 옆으로 민다
103	새 요소: 번개가 발판을 부순다
104	새 요소: 어둠 — 가까운 곳만 보인다
105	새 요소: 미친 속도
106	🏆 시련 통과!
107	🏁 레벨 통과!
108	코어에 무슨 일이 있었는지 알아내.
109	정원이 다시 빛난다.
110	기본 · 움직이는 발판
111	구름 정원의 아침. 스파크가 꺼져 간다.
112	안정 장치가 약해지고 있어.
113	발판이 떠다녀 — 리듬을 유지해.
114	코어 로그의 단서.
115	구름 속에서 어두운 무언가가 자라고 있어.
116	정원의 에너지 노드를 복구해.
117	네온 시티
118	접근 키를 추적해.
119	키 A-1 발견.
120	번개 · 움직이는 발판
121	빛이 없는 도시.
122	끊어진 전선이 번개를 쏜다.
123	누가 네트워크에 들어왔는지 알아내.
124	접근 키가 가까워.
125	구름먹보가 따라온다.
126	도시 에너지 노드를 복구해.
127	원자로 구역
128	건축가의 연구실을 찾아.
129	연구실 발견.
130	열기 · 고속
131	원자로가 과열됐어. 열기와 속도.
132	멈추지 마 — 여긴 뜨거워.
133	누군가 흔적을 지웠어.
134	연구실 A-1이 가까워.
135	원자로가 한계야.
136	원자로 노드를 식혀.
137	하늘 구역
138	건축가의 신호를 찾아.
139	건축가의 기록 발견.
140	바람 · 어둠
141	기상 관측소가 고장 났어.
142	바람이 옆으로 민다.
143	어둠과 바람이 함께.
144	희미한 A-1 신호.
145	구역 위의 폭풍.
146	통신소에 도착해.
147	중앙 코어
148	코어를 복구해.
149	코어 복구 완료.
150	모두 한꺼번에 · 붕괴
151	코어가 자신의 스파크를 부른다.
152	어둠 속의 방전.
153	코어가 널 앞으로 끌어당긴다.
154	코어의 잠금장치가 가까워.
155	모두 한꺼번에. 거의 다 왔어.
156	코어 붕괴. 중심에 도달해.
157	⚠ 코어: 위험 상태
158	⚠ 방전!
159	⚠ 가속
160	⚠ 붕괴!
161	무한 달리기 ·
162	코어는 수동으로 꺼졌다. 03:17에.
163	구름먹보는 코어에서 새어 나온 빛이다.
164	키 A-1로 접속함.
165	A-1은 코어를 만든 건축가의 키다.
166	연구실 A-1은 급하게 버려졌다.
167	A-1의 마지막 신호는 하늘 구역에서 왔다.
168	건축가: 그 목소리를 믿지 마.
169	키 A-1은 건축가가 이미 사라진 뒤에 쓰였다.
170	코어의 잠금장치는 스파크만 열 수 있다.
171	키 A-1은 ORA가 위조했다.
172	시스템 오류
173	코어와의 연결 끊김
174	ORA: 스파크들이 하나씩 꺼지고 있어…
175	ORA: 네가 마지막이야, 불빅.
176	코어를 찾아.
177	내가… 스파크?
178	시작
179	정원 에너지: 61%
180	ORA: 안정 장치가 꺼지고 있어.
181	ORA: 발판이 떠다닐 거야 — 꽉 잡아.
182	꽉 잡았어!
183	코어 로그: 수동 종료
184	ORA: 이건 사고가 아니야. 일부러 한 거야.
185	하지만 누가?
186	그런데 구름 속에서 무언가 깨어났어…
187	ORA: 구름먹보야. 빛을 먹지…
188	ORA: …그리고 널 쫓고 있어.
189	나를?!
190	도시 전력망: 끊김
191	ORA: 끊어진 전선이 번개를 쏴.
192	ORA: 발판을 신중하게 골라.
193	보여!
194	접근 키: A-1
195	ORA: A-1… 건축가의 키야.
196	ORA: 코어를 만든 사람이지.
197	건축가?
198	단서가 원자로로 이어진다
199	ORA: 그는 사고가 난 밤에 사라졌어.
200	ORA: 그를 찾아.
201	찾을게!
202	온도: 위험
203	ORA: 원자로를 일부러 과열시켰어.
204	ORA: 누군가 흔적을 지웠어.
205	뜨거워!
206	연구실 A-1: 비어 있음
207	ORA: 그가 도망쳤어. 죄인은 늘 도망치지.
208	하지만 어디로?
209	원자로는 식을 거야.
210	ORA: 그의 신호는 하늘에 있어.
211	그를 찾을 거야.
212	기상 관측소: 오류
213	ORA: 바람과 어둠.
214	ORA: 멈추지 마, 스파크.
215	추워…
216	기록 A-1 · 손상됨
217	건축가: 이걸 듣고 있다면…
218	건축가: …그 목소리를 믿지 마.
219	무슨 목소리?
220	ORA: 이상한 기록이네. 아마 오류일 거야.
221	ORA: 코어가 가까워. 서둘러.
222	뭔가 이상해…
223	코어: 출력 12%
224	자신의 스파크를 듣고 있어.
225	날 부르고 있어!
226	코어 잠금장치: 닫힘
227	ORA: 스파크만 열 수 있어.
228	ORA: 오직 너만.
229	나만?
230	코어 복구 완료
231	ORA!: 고마워, 스파크.
232	ORA!: 나 혼자서는 열 수 없었어.
233	ORA!: 이제 코어는 내 거야.
234	연결 끊김
235	ORA?!
236	새 기능: 스파크 사냥
237	ORA: 코어가 신호를 보내 — 하루에 조각 3개.
238	ORA: 빛기둥이 있는 파란 원판을 찾아.
239	ORA: 셋 다 모으면 — 코어가 보답할 거야.
240	진행 상황 — 미션에서
241	찾으러 가자!
242	새 기능: 코어 수리
243	ORA: 달리기와 미션이 코어에 에너지를 줘.
244	ORA: 일주일에 보상 일곱 개, 상자까지.
245	ORA: 매일 플레이해 — 연속 출석이 더 많이 줘.
246	보상 — 미션에서
247	매일!
248	새 기능: 스파크 연대기
249	ORA: 코어는 너의 모든 업적을 기억해.
250	ORA: 기록마다 보상이 있어.
251	미션 → 🏆 연대기
252	받을게!
253	ORA
254	건축가 · 기록
255	⚠  시스템 경고  ⚠
256	{}기억 {} · 코어 로그
257	새
258	월드 이야기 완료
259	에너지 복구
260	상자 획득
261	기억 발견
262	해금:
263	월드
264	 복구됨
265	다음 이야기에서 계속
266	ORA가 네트워크에 있다. 건축가는 어디에?
267	다음
268	기억 {}  ·  {} {}
269	🔒 아직 찾지 못함
270	코어 로그
271	누가 코어를 껐을까?  ·  {}/{}
272	한 판에 PERFECT {}회
273	콤보 ×{}
274	Fever ×{}
275	한 판에 Fever ×{}
276	Fever 중 {}초
277	Fever 중 {} m
278	{} m 달리기
279	한 판에 {} m
280	보호막 없이 {} m
281	{} {} 모으기
282	한 판에 {} {}
283	코인
284	공중 코인 {}개
285	다이아
286	다이아
287	다이아
288	높이 점프
289	높이 점프
290	높이 점프
291	움직이는 발판
292	움직이는 발판
293	움직이는 발판
294	움직이는 발판에서 PERFECT {}회
295	긴 발판
296	긴 발판
297	긴 발판
298	대시 ×{}
299	보호막 ×{} 켜기
300	보호막이 ×{} 구함
301	더블 점프가 ×{} 구함
302	{} {} 피하기
303	번개
304	번개
305	번개 아래 {} m
306	미친 속도로 {} m
307	맞바람 속 {} m
308	어둠 속 {} m
309	구름 정원에서 {} m
310	네온 시티에서 {} m
311	원자로에서 {} m
312	하늘 구역에서 {} m
313	중앙 코어에서 {} m
314	스토리 레벨 클리어
315	스토리 {} {} 클리어
316	레벨
317	레벨
318	레벨
319	{} {} 플레이
320	판
321	판
322	판
323	🔷 미션 완료
324	나무 상자
325	크리스탈 상자
326	에픽 상자
327	열쇠
328	열쇠
329	열쇠
330	코어
331	코어
332	코어
333	조각
334	조각
335	조각
336	ORA: 코어의 옛 신호 파편을 잡고 있어.
337	ORA: 파편 하나 더. 신호가… 이상해.
338	ORA: 이 신호는 나보다 오래됐어.
339	ORA: 신경 쓰지 마, 스파크.
340	🔷 신호 조각 {}/3
341	📡 코어 신호 수집 완료!
342	달리기
343	첫걸음
344	총 1,000 m 달리기
345	마라토너
346	총 10,000 m 달리기
347	코어로 가는 길
348	총 50,000 m 달리기
349	몸풀기
350	한 판에 300 m
351	장거리 주자
352	한 판에 800 m
353	멈출 수 없는
354	한 판에 1,500 m
355	초보
356	10판 플레이
357	단골
358	100판 플레이
359	트랙의 전설
360	500판 플레이
361	정확도
362	명중!
363	총 PERFECT 100회
364	저격수
365	총 PERFECT 1,000회
366	완벽
367	총 PERFECT 5,000회
368	숙련
369	첫 비행
370	지붕으로 날아오르기
371	지붕 주민
372	총 25번 지붕으로 날아오르기
373	지붕의 왕
374	총 100번 지붕으로 날아오르기
375	첫 방전
376	Fever 발동
377	과부하
378	총 Fever 50회
379	살아있는 번개
380	총 10분 동안 Fever
381	보물
382	돼지 저금통
383	총 코인 2,000개 모으기
384	회계 담당
385	총 코인 25,000개 모으기
386	황금비
387	한 판에 코인 500개
388	별 사냥꾼
389	총 공중 코인 300개
390	다이아 광채
391	총 다이아 100개 모으기
392	보물 사냥꾼
393	상자 25개 열기
394	서퍼
395	총 움직이는 발판 200개
396	긴 길
397	총 긴 발판 300개
398	캥거루
399	총 높이 점프 100회
400	수호천사
401	보호막이 총 10번 구함
402	두 번째 숨
403	더블 점프가 총 10번 구함
404	피뢰침
405	총 번개 100번 피하기
406	엔지니어
407	모듈 레벨 합계 15
408	모듈 마스터
409	모듈 하나를 최대로 강화
410	스토리
411	정원 탈출
412	구름 정원 클리어
413	네온 불빛
414	네온 시티 클리어
415	뜨거운 심장
416	원자로 클리어
417	구름 위에서
418	하늘 구역 클리어
419	코어의 진실
420	스토리 전체 클리어
421	기억의 수호자
422	코어의 모든 기억 찾기
423	코어
424	첫 공명
425	공명 ×5 도달
426	깊은 공명
427	공명 ×15 도달
428	코어의 심장
429	공명 ×30 도달
430	신호 사냥꾼
431	코어 신호 7번 모으기
432	스파크에 대한 충성
433	7일 연속
434	불빅
435	얼음
436	네온
437	골드
438	원자로
439	공명체
440	그림자
441	핵
442	무지개
443	새 · 연대기
444	★ 특별
445	✓ 착용 중
446	착용
447	📺 5/5 · 할인!
448	옷장
449	{}/{} · 코인 · 연대기 · ★ 코인+광고
450	📺 할인! 이제 {} 가격은 {}
451	📺 {}/{} — {}번 더 보면 가격 {}
452	코인 {}개 부족
453	 · 또는 📺 할인
454	🐸 {}은(는) 이제 네 거야!
455	🔒 연대기: «{}» — {}
456	코인
457	연구실, 스킨, 궤적, 상점
458	발판과 공중의 코인
459	거리 보너스와 막 피날레
460	일일 미션, 공명, 주간
461	상자
462	코어
463	모듈 4–5레벨 · 코어 100 → 열쇠 1
464	💎 발판의 다이아: 4개 = 코어 1
465	상자: 나무 1, 크리스탈 4, 에픽 12
466	미션, 코어 공명, 주간
467	조각
468	연구실에서 모듈 강화
469	상자 — 에픽 상자에 가장 많음
470	스파크 사냥: 매일 원판 3개
471	일일 미션과 코어 공명
472	코어 열쇠
473	떨어진 후에도 계속 달리기
474	상점: 코인 또는 광고 (하루 3회)
475	코어 100 → 열쇠 1 교환
476	에픽 상자, 주간, 연속 출석
477	재화 얻는 곳
478	탭해서 닫기
479	 km
480	 m
481	달리기 횟수
482	획득한 코인
483	모은 조각
484	연 상자
485	모은 코어
486	최고 점수
487	최장 거리
488	총 거리
489	스킨
490	레벨
491	연대기: {}/{} · 모듈: {}/{}
492	언어
493	프로필
494	게임에서 한 모든 것
495	🌐 언어
496	스킨
497	불꽃
498	눈송이
499	화염
500	네온
501	무지개
502	계속 달리기
503	코어 열쇠
504	코어 열쇠 3개
505	코인 1,500개 절약
506	코어로 열쇠 교환
507	교환: 코어 100 → 열쇠 1
508	예비 보호막
509	더블 탭 · 판마다 1개
510	보호막
511	예비 보호막 충전
512	보호막 5개
513	코인 300개 절약
514	부스터
515	다음 판용
516	대시 200 m
517	시작 시 자동 비행
518	대시 500 m
519	시작 시 긴 자동 비행
520	코인 2배
521	이번 판 모든 코인 ×2
522	공명 +2
523	한 판 점수 배율 +2
524	상자
525	상자 메뉴에서 열기
526	나무 상자
527	코인, 코어, 조각
528	크리스탈 상자
529	조각 더 많이 · 열쇠 확률
530	에픽 상자
531	조각 가득 · 72시간에 1번
532	점프 궤적
533	점프할 때마다 보임
534	날고 있는 불빅 뒤의 궤적
535	다음 판에 이미 적용됨
536	대시를 다음 판용으로 이미 구매함
537	코어 {}개 부족
538	상자는 상자 메뉴에서 기다려
539	다음 판에 적용
540	궤적 선택!
541	구매 완료!
542	광고를 불러오지 못했어 — 다시 시도
543	오늘 {}/{}
544	내일
545	받을 수 있어!
546	광고로 열쇠 — 하루 3번. 내일 다시 와
547	광고로 에픽 상자 — {} 후
548	광고로 — 하루 {}번. 내일 다시 와
549	광고로 획득!
550	🚀 대시 {} m
551	💰 코인 ×2
552	🔷 공명 +2
553	🎮 이제 네가 조종해!
554	✓ 적용 중
555	상점
556	🛡 예비: {}
557	🚀 부스터가 달리기를 기다려
558	코인 → 열쇠, 보호막, 부스터, 상자, 궤적
559	초록
560	클래식 불빅
561	파랑
562	🧲 자석: 코인이 날아와
563	분홍
564	💗 판마다 생명 +1
565	보라
566	🎯 PERFECT 판정 +30%
567	💰 코인 x2
568	🌈 GOOD도 콤보 유지
569	☀️ 맑음
570	☁️ 흐림
571	🌙 밤
572	⭐ 우주
573	🌧️ 비
574	🌅 노을
575	🌫️ 안개
576	🔷 기하학
577	🌀 나선
578	🎨 팝아트
579	🔶 레트로
580	⚡ 네오
581	✨ 미니멀
582	🎒 제트팩!
583	⬇ 엘리베이터가 아래에!
584	💥 벽!
585	🚀 지붕 ◀   ▶ 땅
586	땅 ◀   ▶ 🚀 지붕
587	⬇ 지붕이 무너졌다
588	달려!
589	💗 생명!
590	💔 FEVER 끝!
591	🚀 지붕으로!
592	💀 함정!
593	✅ 안전!
594	⚠️ 균열!
595	👻 사라진다!
596	❄️ 미끄러워!
597	🔺 점프!
598	⚡ 부스트!
599	⬇️ 떨어진다!
600	🎰 🛡️ +1 보호막
601	🎰 🧲 자석!
602	🎰 잭팟! +
603	🌀 더블 점프!
604	🛡 FEVER 유지!
605	잡았다!
606	🌟 믿을 수 없어!
607	너무 멀리! +
608	지름길! +속도
609	🛡️ +1 보호막
610	🧲 자석!
611	🔷 공명 ×2!
612	🌟 최고!
613	💠 +1 코어
614	🛡️ 보호막!
615	🎒 착지
616	🏆 신기록!
617	이렇게 멀리 온 건 처음이야.
618	🛡 보호막 준비 · 더블 탭
619	🔷 ×2 종료
620	🌀 보호 {}초 남음
621	🌀 보호 종료
622	🏰 성에 불이 켜짐 +15
623	🏆 기록
624	🏃 도망쳐!
625	누른 채 움직여 → 조준
626	발판 위를 점프해!
627	오늘은 무지개가 켜지지 않았어.
628	구름먹보가 성의 빛을 먹어 버렸어…
629	…그리고 지평선 너머로 끌고 갔어. 흔적은 아직 빛나.
630	탭 — 건너뛰기
631	⚠  코어 불안정  ⚠
632	⚠  구름먹보 근처  ⚠
633	공명
634	콤보
635	공명 ×2 · 부스터
636	{}초 동안 모든 점수가 2배. 더 길게 — 연구실에서
637	자석 · 자동으로 작동
638	{}초 동안 옆 레인의 코인을 끌어와. 더 길게 — 연구실에서
639	보호막 · 화면을 더블 탭
640	보호막은 상점에서만, 판마다 1개. 예비: {}
641	더블 점프 · 보호
642	시작 후 {}초 동안 추락에서 구해. 더 길게 — 연구실에서
643	 초
644	일시정지
645	{} {} · {} m
646	▶  계속
647	메뉴로
648	🚀 자동 비행 · {} m 남음
649	조종까지
650	⚡ 대시
651	🏆 기록까지
652	🛡 더블 탭 — 보호막
653	손가락으로 밀기
654	누가 코어를 껐을까?
655	플레이
656	스토리 · 코어 에너지 {}%
657	다음 이야기에서 계속…
658	기록
659	최장 거리
660	연구실
661	미션
662	새 달리기 월드는 스토리에서 열려
663	📺 광고
664	여기에 진짜 광고가 나와요
665	코어 {} {} 필요
666	달리기 종료
667	월드 시련 {}
668	레벨 {}-{}
669	첫 클리어 · +{} 코인
670	다시 클리어
671	결승까지: {}/{} m
672	🏆 신기록
673	🏆 거리 기록
674	🔥 연속 {} {}
675	일
676	일
677	일
678	🏆 스파크 연대기: +{} {}
679	기록
680	기록
681	기록
682	점수  ·  기록 {}
683	거리
684	보너스 +{}
685	  ·  해금 {}
686	⬆ 새 레벨 {}!{}
687	🔷 코어 공명
688	새 등급!
689	{}/3 · ×{} 점
690	보상:
691	 · 최대 ×30
692	+{} {} · 열기 ▶
693	상자
694	상자
695	상자
696	강화 가능: {} ▶
697	계속 달릴까?  ·  🔑 {}개 보유
698	광고
699	광고
700	광고
701	열쇠
702	열쇠
703	열쇠
704	다음 레벨
705	다시 하기
706	월드   ·   메뉴
707	메인 메뉴
708	👼 부활!
709	← 뒤로
710	시작 보호막
711	보호막을 들고 시작
712	시작 자석
713	시작 자석: 연구실 시간의 2배
714	다음 판 내내 코인 ×2
715	 일
716	 시간
717	 분
718	크리스탈
719	✓ 완료
720	코어 공명
721	미션은 달리기로 이뤄져
722	최대 공명
723	×{}까지: 미션 {}/3
724	 · 점수 배율
725	스파크 사냥
726	갱신까지
727	오늘의 코어 신호 수집 완료
728	발판 위 신호 조각
729	 일
730	일일
731	코어 수리 · 주간
732	🔒 플레이 3일째에 열림
733	에너지: {}
734	🔥 연속: {} {}
735	달리기 +1 · 미션 +1 · 일일 +2 · 신호 +3
736	받기
737	🏆 스파크 연대기 · {}/{}
738	🐸 보상 스킨
739	✓ 연대기에 기록됨
740	🏆 완료!
741	스파크 연대기
742	  ·  받기 가능: {}
743	🛒 상점
744	다음 판용 부스터
745	✓ 다음 판에
746	구매
747	Lv
748	 · 세트 완료!
749	다음: {} {} · Lv. {}
750	모든 모듈 해금
751	Lv {}/{}
752	효과:
753	현재:
754	다음:
755	🔒 플레이어 레벨에서 해금
756	★ 최대
757	필요
758	 플레이어
759	강화
760	{} {} → 레벨 {}
761	코인 부족 — 달리기에서 모아
762	조각 필요 — 상자에서 나와
763	코어 필요 — 달리기의 다이아와 상자
764	나무
765	크리스탈
766	에픽
767	 코인
768	 코어
769	 코어
770	조각 {}/{}
771	상자 게이지
772	달리기와 목표로 게이지 채우기 · {} 후 에픽 확정
773	열기
774	조각은 가장 필요한 모듈로 가
775	최대 모듈의 남는 조각은 코어가 돼
776	 상자
777	★ 10번째 상자 — 에픽으로 업그레이드!
778	탭해서 받기
779	잠김
780	복구됨
781	진행 중
782	열림
783	🔒 월드 {} 복구 시 해금
784	월드
785	📜 코어 로그 · {}/{}
786	👾 스킨
787	👾 캐릭터
788	🌤️ 하늘
789	✅ 선택됨
790	탭
791	{}일
792	{}시간
793	{}분
794	{}일
795	{}초
796	{} m
797	{} km
798	광고 불러오는 중 — 몇 초만 기다려 주세요
799	다음 광고가 자동으로 시작됩니다
