0	TE VER!
1	WOLKENTUIN
2	De regenboog is gedoofd. De Wolkenvreter sleepte het licht achter de horizon.
3	WINDERIGE PAS
4	Deze wind is zijn adem. Je zit op zijn spoor.
5	ONWEER
6	Je hebt hem ingehaald. Hij vecht terug.
7	NACHTHEMEL
8	Hij heeft bijna al het licht opgegeten. Blijf dichtbij.
9	STERRENSTROOM
10	Je bent in hem. Daar zijn ze — de gestolen sterren.
11	De Kern roept de Vonk!
12	De Wolkenvreter raakt achter!
13	De Vonk straalt feller!
14	Ga naar huis, kikker. De hemel is nu van mij.
15	Dan pak ik hem terug.
16	Je houdt het onweer niet vol.
17	Ik hield je Tuin vol zonder licht.
18	Zie je? Niets. Niets om je aan vast te houden.
19	Wel. Een spoor.
20	…hoe ben je hier binnengekomen?
21	Rennen.
22	👹 DE WOLKENVRETER HAALT IN!
23	👹 DE WOLKENVRETER STAL {} {}!
24	munt
25	munten
26	munten
27	✨ ONTSNAPT! +🎁 KIST
28	NIEUWE KRONIEK-NOTITIE
29	🐸 Nieuwe skin:
30	👹 ONTSNAPPING · PERFECT {}/{} · {}s
31	⛈ DE WOLKENVRETER RAAST!
32	✨ AANVAL AFGESLAGEN! +40
33	⚠ KERN INSTABIEL
34	⚠ WOLKENVRETER DICHTBIJ
35	VOLGEHOUDEN! +
36	⚡ SPRING NAAR EEN ANDERE!
37	Hout
38	Brons
39	Zilver
40	Goud
41	Regenboog
42	🌟 {}M EPISCH! 🌟
43	EERSTE STAPPEN!
44	100 M HEMEL TERUG!
45	DE KASTELEN ZIEN JE!
46	HALVE HEMEL TERUG!
47	DUIZEND METER HEMEL!
48	LEGENDE VAN DE TUIN!
49	DE WOLKENVRETER BEEFT!
50	Haal 500 punten in een run
51	Ren 200 m in een run
52	15 PERFECT in een run
53	Verzamel 40 munten in een run
54	Haal een x10-combo
55	Verzamel 4 diamanten in een run
56	Speel vandaag 3 keer
57	Activeer Fever 2 keer in een run
58	{} MISSIE! {}
59	MAGNEET
60	Magneet duurt 6 s
61	Magneet duurt 8 s
62	Magneet duurt 10 s
63	Magneet duurt 12 s
64	Magneet duurt 15 s en trekt ook de volgende rij
65	SCHILD
66	Schild uit de winkel: dubbel tikken, duurt 5 s
67	Schild duurt 6 s
68	Schild duurt 7 s
69	Schild duurt 8 s
70	Schild duurt 10 s
71	SPRINT
72	Sprint vliegt 1 s vanzelf
73	Sprint duurt 1.5 s
74	Sprint duurt 2 s
75	Sprint duurt 2.5 s
76	Sprint duurt 3 s
77	FEVER-KERN
78	Fever na 5 PERFECT
79	Fever na 4 PERFECT
80	4 PERFECT · 2 missers in Fever
81	3 PERFECT · munten ×3 in Fever
82	3 PERFECT · 3 missers · ×3
83	DUBBELE SPRONG
84	Startbescherming: 5 s redt je van vallen
85	Bescherming 7 s
86	Bescherming 9 s
87	Bescherming 11 s
88	Bescherming 13 s
89	RESONANTIE ×2
90	×2-booster op platforms duurt 6 s
91	×2-booster duurt 8 s
92	×2-booster duurt 10 s
93	×2-booster duurt 12 s
94	×2-booster duurt 15 s
95	BELONINGSBONUS
96	+15% munten en kernen per run
97	×2 beloningen
98	Ontgrendeld op level
99	MAX
100	Vereist level
101	Basis: PERFECT, combo en Fever
102	Nieuw: wind duwt je opzij
103	Nieuw: bliksem breekt platforms
104	Nieuw: duisternis — je ziet alleen dichtbij
105	Nieuw: waanzinnige snelheid
106	🏆 PROEF GEHAALD!
107	🏁 LEVEL GEHAALD!
108	Ontdek wat er met de Kern gebeurde.
109	De Tuin straalt weer.
110	Basis · bewegende platforms
111	Ochtend in de Wolkentuin. De vonken doven.
112	De stabilisatoren verzwakken.
113	Platforms drijven — houd het ritme.
114	Een spoor in het Kernlog.
115	Er groeit iets duisters in de wolken.
116	Herstel het Energieknooppunt van de Tuin.
117	NEONSTAD
118	Traceer de toegangssleutel.
119	Sleutel A-1 gevonden.
120	Bliksem · bewegende platforms
121	Een stad zonder licht.
122	Gebroken leidingen schieten bliksem.
123	Zoek uit wie het netwerk in ging.
124	De toegangssleutel is dichtbij.
125	De Wolkenvreter volgt je.
126	Herstel het Energieknooppunt van de Stad.
127	REACTORWIJK
128	Vind het lab van de Architect.
129	Lab gevonden.
130	Hitte · hoge snelheid
131	De reactor is opgejaagd. Hitte en snelheid.
132	Stop niet — het is hier heet.
133	Iemand heeft sporen gewist.
134	Lab A-1 is dichtbij.
135	De reactor zit op het randje.
136	Koel het Reactorknooppunt.
137	HEMELWIJK
138	Vind het signaal van de Architect.
139	Opname van de Architect gevonden.
140	Wind · duisternis
141	Het weerstation is kapot.
142	Wind duwt je opzij.
143	Duisternis en wind tegelijk.
144	Een zwak signaal van A-1.
145	Storm boven de wijk.
146	Bereik het zendstation.
147	CENTRALE KERN
148	Herstel de Kern.
149	Kern hersteld.
150	Alles tegelijk · instorting
151	De Kern roept zijn Vonk.
152	Ontladingen in het donker.
153	De Kern trekt je vooruit.
154	Het slot van de Kern is dichtbij.
155	Alles tegelijk. Je bent dichtbij.
156	KERN STORT IN. Bereik het midden.
157	⚠ KERN: KRITIEK
158	⚠ ONTLADINGEN!
159	⚠ VERSNELLING
160	⚠ INSTORTING!
161	Eindeloze run ·
162	De Kern is met de hand uitgezet. Om 03:17.
163	De Wolkenvreter is licht dat uit de Kern lekte.
164	Ingelogd met sleutel A-1.
165	A-1 is de sleutel van de Architect, maker van de Kern.
166	Lab A-1 is haastig verlaten.
167	Het laatste signaal van A-1 kwam uit de Hemelwijk.
168	Architect: vertrouw de stem niet.
169	Sleutel A-1 werd gebruikt toen de Architect al weg was.
170	Alleen de Vonk opent het slot van de Kern.
171	ORA heeft sleutel A-1 vervalst.
172	SYSTEEMSTORING
173	VERBINDING MET DE KERN VERLOREN
174	ORA: De vonken doven één voor één…
175	ORA: Jij bent de laatste, Bulbik.
176	Vind de Kern.
177	Ik… een Vonk?
178	START
179	TUINENERGIE: 61%
180	ORA: De stabilisatoren vallen uit.
181	ORA: De platforms gaan drijven — hou je vast.
182	Ik hou me vast!
183	KERNLOG: MET DE HAND UITGEZET
184	ORA: Dit is geen ongeluk. Het is expres gedaan.
185	Maar wie?
186	Maar in de wolken werd iets wakker…
187	ORA: Dat is de Wolkenvreter. Hij eet licht…
188	ORA: …en hij komt voor jou.
189	Voor mij?!
190	STADSNET: ONDERBROKEN
191	ORA: Gebroken leidingen schieten bliksem.
192	ORA: Kies je platform zorgvuldig.
193	Ik zie het!
194	TOEGANGSSLEUTEL: A-1
195	ORA: A-1… Dat is de sleutel van de Architect.
196	ORA: Degene die de Kern maakte.
197	De Architect?
198	HET SPOOR LEIDT NAAR DE REACTOR
199	ORA: Hij verdween in de nacht van het ongeluk.
200	ORA: Vind hem.
201	Komt goed!
202	TEMPERATUUR: KRITIEK
203	ORA: De reactor is expres opgejaagd.
204	ORA: Iemand heeft sporen gewist.
205	Heet!
206	LAB A-1: LEEG
207	ORA: Hij is gevlucht. Schuldigen vluchten altijd.
208	Maar waarheen?
209	De reactor koelt af.
210	ORA: Zijn signaal is in de Hemel.
211	Ik vind hem.
212	WEERSTATION: STORING
213	ORA: Wind en duisternis.
214	ORA: Stop niet, Vonk.
215	Koud…
216	OPNAME A-1 · BESCHADIGD
217	ARCH: Als je dit hoort…
218	ARCH: …vertrouw de stem niet.
219	Welke stem?
220	ORA: Vreemde opname. Vast een fout.
221	ORA: De Kern is dichtbij. Schiet op.
222	Hier klopt iets niet…
223	KERN: 12% VERMOGEN
224	Hij hoort zijn Vonk.
225	Hij roept me!
226	SLOT VAN DE KERN: DICHT
227	ORA: Alleen de Vonk kan het openen.
228	ORA: Alleen jij.
229	Alleen ik?
230	KERN HERSTELD
231	ORA!: Dank je, Vonk.
232	ORA!: Alleen kon ik hem niet openen.
233	ORA!: Nu is de Kern van mij.
234	VERBINDING VERLOREN
235	ORA?!
236	NIEUW: VONKENJACHT
237	ORA: De Kern zendt een signaal — 3 fragmenten per dag.
238	ORA: Zoek blauwe schijven met een straal.
239	ORA: Verzamel alle drie — en de Kern beloont je.
240	Voortgang — in MISSIES
241	Ik zoek!
242	NIEUW: KERNREPARATIE
243	ORA: Runs en missies geven de Kern energie.
244	ORA: Zeven beloningen per week, tot kisten aan toe.
245	ORA: Speel elke dag — een reeks geeft meer.
246	Beloningen — in MISSIES
247	Elke dag!
248	NIEUW: KRONIEK VAN DE VONK
249	ORA: De Kern onthoudt elke heldendaad van je.
250	ORA: Voor elke notitie een beloning.
251	MISSIES → 🏆 KRONIEK
252	Ophalen!
253	ORA
254	ARCHITECT · OPNAME
255	⚠  SYSTEEMWAARSCHUWING  ⚠
256	{}HERINNERING {} · KERNLOG
257	NIEUWE
258	Wereldverhaal voltooid
259	Energie hersteld
260	Kist ontvangen
261	Herinnering gevonden
262	Ontgrendeld:
263	WERELD
264	 HERSTELD
265	WORDT VERVOLGD
266	ORA IS IN HET NETWERK. WAAR IS DE ARCHITECT?
267	VERDER
268	HERINNERING {}  ·  {} {}
269	🔒 Nog niet gevonden
270	KERNLOG
271	WIE HEEFT DE KERN UITGEZET?  ·  {}/{}
272	{} PERFECT in één run
273	Combo ×{}
274	Fever ×{}
275	Fever ×{} in één run
276	{} s in Fever
277	{} m in Fever
278	Ren {} m
279	{} m in één run
280	{} m zonder schild
281	Verzamel {} {}
282	{} {} in één run
283	munt
284	{} munten in de lucht
285	diamant
286	diamanten
287	diamanten
288	hoge sprong
289	hoge sprongen
290	hoge sprongen
291	bewegend platform
292	bewegende platforms
293	bewegende platforms
294	{} PERFECT op bewegende
295	lang platform
296	lange platforms
297	lange platforms
298	Sprint ×{}
299	Zet het schild ×{} aan
300	Schild redt je ×{}
301	Dubbele sprong redt je ×{}
302	Ontwijk {} {}
303	bliksems
304	bliksems
305	{} m onder bliksem
306	{} m op waanzinnige snelheid
307	{} m tegen de wind in
308	{} m in het donker
309	{} m in de Wolkentuin
310	{} m in Neonstad
311	{} m in de Reactor
312	{} m in de Hemelwijk
313	{} m in de Centrale Kern
314	Haal een verhaallevel
315	Haal {} {} van het verhaal
316	level
317	levels
318	levels
319	Speel {} {}
320	run
321	runs
322	runs
323	🔷 MISSIE VOLTOOID
324	houten kist
325	kristallen kist
326	epische kist
327	sleutel
328	sleutels
329	sleutels
330	kern
331	kernen
332	kernen
333	fragment
334	fragmenten
335	fragmenten
336	ORA: Ik vang stukjes op van het oude Kernsignaal.
337	ORA: Nog een stukje. Het signaal is… vreemd.
338	ORA: Dit signaal is ouder dan ik.
339	ORA: Let er niet op, Vonk.
340	🔷 SIGNAALFRAGMENT {}/3
341	📡 KERNSIGNAAL VERZAMELD!
342	RENNEN
343	Eerste stappen
344	Ren in totaal 1.000 m
345	Marathonloper
346	Ren in totaal 10.000 m
347	Weg naar de Kern
348	Ren in totaal 50.000 m
349	Aanloop
350	300 m in één run
351	Langeafstandsloper
352	800 m in één run
353	Onstuitbaar
354	1.500 m in één run
355	Nieuweling
356	Speel 10 runs
357	Vaste gast
358	Speel 100 runs
359	Legende van de baan
360	Speel 500 runs
361	PRECISIE
362	Raak!
363	100 PERFECT in totaal
364	Scherpschutter
365	1.000 PERFECT in totaal
366	Foutloos
367	5.000 PERFECT in totaal
368	MEESTERSCHAP
369	Eerste vlucht
370	Vlieg op een dak
371	Dakbewoner
372	Vlieg in totaal 25 keer op een dak
373	Dakkoning
374	Vlieg in totaal 100 keer op een dak
375	Eerste lading
376	Activeer Fever
377	Overbelasting
378	Fever 50 keer in totaal
379	Levende bliksem
380	10 minuten in Fever in totaal
381	SCHATTEN
382	Spaarpot
383	Verzamel in totaal 2.000 munten
384	Penningmeester
385	Verzamel in totaal 25.000 munten
386	Gouden regen
387	500 munten in één run
388	Sterrenvanger
389	300 munten in de lucht in totaal
390	Diamantglans
391	Verzamel in totaal 100 diamanten
392	Schattenjager
393	Open 25 kisten
394	Surfer
395	200 bewegende platforms in totaal
396	Lange weg
397	300 lange platforms in totaal
398	Kangoeroe
399	100 hoge sprongen in totaal
400	Beschermengel
401	Schild redt je 10 keer in totaal
402	Tweede adem
403	Dubbele sprong redt je 10 keer in totaal
404	Bliksemafleider
405	Ontwijk in totaal 100 bliksems
406	Ingenieur
407	15 moduleniveaus in totaal
408	Modulemeester
409	Waardeer een module op tot het maximum
410	VERHAAL
411	Uit de Tuin
412	Haal de Wolkentuin
413	Neonlichten
414	Haal Neonstad
415	Heet hart
416	Haal de Reactor
417	Boven de wolken
418	Haal de Hemelwijk
419	De waarheid van de Kern
420	Haal het hele verhaal
421	Hoeder van herinneringen
422	Vind alle herinneringen van de Kern
423	KERN
424	Eerste resonantie
425	Bereik Resonantie ×5
426	Diepe resonantie
427	Bereik Resonantie ×15
428	Hart van de Kern
429	Bereik Resonantie ×30
430	Signaaljager
431	Verzamel het Kernsignaal 7 keer
432	Trouw aan de Vonk
433	7 dagen op rij
434	Bulbik
435	IJzig
436	Neon
437	Goud
438	Reactor
439	Resonator
440	Schaduw
441	Nucleair
442	Regenboog
443	NIEUW · KRONIEK
444	★ SPECIAAL
445	✓ GEKOZEN
446	KIEZEN
447	📺 5/5 · KORTING!
448	GARDEROBE
449	{}/{} · munten · Kroniek · ★ munten+reclame
450	📺 Korting! {} kost nu {}
451	📺 {}/{} — nog {} voor de prijs {}
452	Er ontbreken {} munten
453	 · of 📺 korting
454	🐸 {} is van jou!
455	🔒 Kroniek: «{}» — {}
456	MUNTEN
457	Lab, skins, sporen en winkel
458	Munten op platforms en in de lucht
459	Afstandsbonussen en actfinales
460	Dagmissies, resonantie, week
461	Kisten
462	KERNEN
463	Moduleniveau 4–5 · 100 kernen → 1 sleutel
464	💎 Diamanten op platforms: elke 4 = 1 kern
465	Kisten: hout 1, kristal 4, episch 12
466	Missies, Kernresonantie, week
467	FRAGMENTEN
468	Modules verbeteren in het Lab
469	Kisten — de meeste in epische
470	Vonkenjacht: 3 schijven per dag
471	Dagmissies en Kernresonantie
472	KERNSLEUTELS
473	Een run voortzetten na een val
474	Winkel: voor munten of reclame (3 per dag)
475	Ruil 100 kernen → 1 sleutel
476	Epische kisten, week en dagenreeks
477	WAAR HAAL JE VALUTA
478	tik om te sluiten
479	 km
480	 m
481	Runs
482	Munten verdiend
483	Fragmenten verzameld
484	Kisten geopend
485	Kernen verzameld
486	Beste score
487	Langste run
488	Totale afstand
489	Skins
490	LEVEL
491	Kroniek: {}/{} · modules: {}/{}
492	TAAL
493	PROFIEL
494	alles wat je in het spel deed
495	🌐 TAAL
496	SKINS
497	Vonken
498	Sneeuwvlokken
499	Vlam
500	Neon
501	Regenboog
502	run voortzetten
503	Kernsleutel
504	3 Kernsleutels
505	Bespaar 1.500 munten
506	Sleutel voor kernen
507	Ruil: 100 kernen → 1 sleutel
508	RESERVESCHILDEN
509	dubbel tikken · één per run
510	Schild
511	Reserve-schildlading
512	5 schilden
513	Bespaar 300 munten
514	BOOSTERS
515	voor de volgende run
516	Sprint 200 m
517	Automatische piloot bij de start
518	Sprint 500 m
519	Lange automatische piloot bij de start
520	Dubbele munten
521	Alle munten van de run ×2
522	Resonantie +2
523	Puntenvermenigvuldiger +2 voor een run
524	KISTEN
525	open ze bij KISTEN
526	Houten kist
527	Munten, kernen en fragmenten
528	Kristallen kist
529	Meer fragmenten · kans op sleutel
530	Epische kist
531	Veel fragmenten · eens per 72 u
532	SPRONGSPOREN
533	zichtbaar bij elke sprong
534	Een spoor achter Bulbik in de lucht
535	Al actief voor de volgende run
536	Sprint al gekocht voor de volgende run
537	Er ontbreken {} kernen
538	De kist wacht bij KISTEN
539	Werkt in de volgende run
540	Spoor gekozen!
541	Gekocht!
542	Reclame niet geladen — probeer opnieuw
543	{}/{} vandaag
544	morgen
545	beschikbaar!
546	Sleutels voor reclame — 3 keer per dag. Kom morgen terug
547	Epische kist voor reclame — over {}
548	Voor reclame — {} per dag. Kom morgen terug
549	Ontvangen voor reclame!
550	🚀 SPRINT {} m
551	💰 MUNTEN ×2
552	🔷 RESONANTIE +2
553	🎮 JIJ STUURT!
554	✓ ACTIEF
555	WINKEL
556	🛡 reserve: {}
557	🚀 boosters wachten op de run
558	munten → sleutels, schilden, boosters, kisten, sporen
559	Groen
560	Klassieke Bulbik
561	Blauw
562	🧲 Magneet: munten vliegen naar je toe
563	Roze
564	💗 +1 leven eens per run
565	Paars
566	🎯 PERFECT-venster +30%
567	💰 Munten x2
568	🌈 GOOD breekt de combo niet
569	☀️ Zonnig
570	☁️ Bewolkt
571	🌙 Nacht
572	⭐ Ruimte
573	🌧️ Regenachtig
574	🌅 Zonsondergang
575	🌫️ Mist
576	🔷 Geometrie
577	🌀 Spiraal
578	🎨 Pop-art
579	🔶 Retro
580	⚡ Neo
581	✨ Minimaal
582	🎒 JETPACK!
583	⬇ LIFT IS BENEDEN!
584	💥 MUUR!
585	🚀 DAK ◀   ▶ GROND
586	GROND ◀   ▶ 🚀 DAK
587	⬇ HET DAK STORTTE IN
588	RENNEN!
589	💗 LEVEN!
590	💔 FEVER KWIJT!
591	🚀 OP HET DAK!
592	💀 VAL!
593	✅ VEILIG!
594	⚠️ SCHEUREN!
595	👻 VERDWIJNT!
596	❄️ GLAD!
597	🔺 SPRONG!
598	⚡ BOOST!
599	⬇️ VALT!
600	🎰 🛡️ +1 SCHILD
601	🎰 🧲 MAGNEET!
602	🎰 JACKPOT! +
603	🌀 DUBBELE SPRONG!
604	🛡 FEVER BEHOUDEN!
605	GEPAKT!
606	🌟 ONGELOOFLIJK!
607	TE VER! +
608	SLUIPROUTE! +snelheid
609	🛡️ +1 SCHILD
610	🧲 MAGNEET!
611	🔷 RESONANTIE ×2!
612	🌟 SUPER!
613	💠 +1 KERN
614	🛡️ SCHILD!
615	🎒 LANDING
616	🏆 NIEUW RECORD!
617	Zo ver ben je nog nooit gekomen.
618	🛡 SCHILD KLAAR · DUBBEL TIKKEN
619	🔷 ×2 VOORBIJ
620	🌀 BESCHERMING NOG {} s
621	🌀 BESCHERMING VOORBIJ
622	🏰 KASTEEL ONTSTOKEN +15
623	🏆 RECORD
624	🏃 VLUCHT!
625	Vasthouden en bewegen → om te mikken
626	Spring over de platforms!
627	Vandaag ging de regenboog niet aan.
628	De Wolkenvreter at het licht uit de kastelen…
629	…en sleepte het achter de horizon. Het spoor gloeit nog.
630	tik — overslaan
631	⚠  KERN INSTABIEL  ⚠
632	⚠  WOLKENVRETER DICHTBIJ  ⚠
633	RESONANTIE
634	COMBO
635	RESONANTIE ×2 · booster
636	Alle punten tellen nog {} s dubbel. Langer — in het Lab
637	MAGNEET · werkt vanzelf
638	Trekt nog {} s munten uit naburige banen. Langer — in het Lab
639	SCHILD · dubbel op het scherm tikken
640	Schilden alleen uit de winkel, één per run. Reserve: {}
641	DUBBELE SPRONG · bescherming
642	Redt je bij de start nog {} s van vallen. Langer — in het Lab
643	 s
644	PAUZE
645	{} {} · {} m
646	▶  DOORGAAN
647	NAAR MENU
648	🚀 AUTOMATISCHE PILOOT · nog {} m
649	BESTURING OVER
650	⚡ SPRINT
651	🏆 RECORD in
652	🛡 DUBBEL TIKKEN — SCHILD
653	Veeg met je vinger
654	WIE HEEFT DE KERN UITGEZET?
655	SPELEN
656	VERHAAL · KERNENERGIE {}%
657	WORDT VERVOLGD…
658	RECORD
659	VERST
660	LAB
661	MISSIES
662	Nieuwe werelden voor runs openen in het Verhaal
663	📺 RECLAME
664	hier komt echte reclame
665	Vereist {} {} van de Kern
666	RUN VOORBIJ
667	WERELDPROEF {}
668	LEVEL {}-{}
669	Eerste keer · +{} munten
670	Opnieuw gehaald
671	Tot de finish: {}/{} m
672	🏆 NIEUW RECORD
673	🏆 AFSTANDSRECORD
674	🔥 Reeks {} {}
675	dag
676	dagen
677	dagen
678	🏆 Kroniek van de Vonk: +{} {}
679	notitie
680	notities
681	notities
682	PUNTEN  ·  RECORD {}
683	AFSTAND
684	bonus +{}
685	  ·  geopend {}
686	⬆ NIEUW LEVEL {}!{}
687	🔷 KERNRESONANTIE
688	NIEUWE RANG!
689	{}/3 · ×{} punten
690	Beloning:
691	 · maximaal ×30
692	+{} {} · OPENEN ▶
693	kist
694	kisten
695	kisten
696	Te verbeteren: {} ▶
697	RUN VOORTZETTEN?  ·  je hebt 🔑 {}
698	RECLAME
699	RECLAMES
700	RECLAMES
701	SLEUTEL
702	SLEUTELS
703	SLEUTELS
704	VOLGEND LEVEL
705	OPNIEUW
706	WERELDEN   ·   MENU
707	HOOFDMENU
708	👼 TERUG TOT LEVEN!
709	← Terug
710	Startschild
711	Begin de run met een schild
712	Magneet bij de start
713	Magneet bij de start: dubbele Labtijd
714	×2 munten de hele volgende run
715	 d
716	 u
717	 min
718	kristal
719	✓ KLAAR
720	KERNRESONANTIE
721	missies bestaan uit runs
722	Maximale resonantie
723	Tot ×{}: {}/3 missies
724	 · puntenvermenigvuldiger
725	VONKENJACHT
726	nieuw over
727	Het Kernsignaal van vandaag is verzameld
728	Signaalfragmenten op platforms
729	 d
730	DAGELIJKS
731	KERNREPARATIE · WEEK
732	🔒 Opent op je derde speeldag
733	Energie: {}
734	🔥 Reeks: {} {}
735	run +1 · missie +1 · dagelijks +2 · signaal +3
736	OPHALEN
737	🏆 KRONIEK VAN DE VONK · {}/{}
738	🐸 skin als beloning
739	✓ In de Kroniek geschreven
740	🏆 Klaar!
741	KRONIEK VAN DE VONK
742	  ·  KLAAR: {}
743	🛒 WINKEL
744	Boosters voor de volgende run
745	✓ IN DE VOLGENDE
746	KOPEN
747	LV
748	 · set voltooid!
749	Volgende: {} {} · lv. {}
750	Alle modules ontgrendeld
751	LV {}/{}
752	Geeft:
753	Nu:
754	Volgende:
755	🔒 Opent op spelerslevel
756	★ MAXIMUM
757	Vereist
758	 speler
759	VERBETEREN
760	{} {} → level {}
761	Te weinig munten — verzamel ze in runs
762	Fragmenten nodig — ze vallen uit kisten
763	Kernen nodig — diamanten in runs en kisten
764	HOUTEN
765	KRISTALLEN
766	EPISCHE
767	 munten
768	 Kernen
769	 kernen
770	fragmenten {}/{}
771	KISTENBALK
772	Runs en doelen vullen de balk · epische gegarandeerd over {}
773	OPENEN
774	Fragmenten gaan naar de module die ze het meest nodig heeft
775	Overschot van maximale modules wordt kernen
776	 KIST
777	★ 10e kist — opgewaardeerd naar episch!
778	Tik om op te halen
779	GESLOTEN
780	HERSTELD
781	BEZIG
782	OPEN
783	🔒 Herstel wereld {} om te openen
784	WERELDEN
785	📜 KERNLOG · {}/{}
786	👾 SKINS
787	👾 Personages
788	🌤️ Lucht
789	✅ Gekozen
790	Tik
791	{} d
792	{} u
793	{} min
794	{} d
795	{} s
796	{} m
797	{} km
798	Advertentie laadt — wacht een paar seconden
799	De volgende advertentie start vanzelf
