0	ZA DALEKO!
1	CHMURNY OGRÓD
2	Tęcza zgasła. Chmurożerca zawlókł światło za horyzont.
3	WIETRZNA PRZEŁĘCZ
4	Ten wiatr to jego oddech. Jesteś na jego tropie.
5	BURZA
6	Dogoniłeś go. Broni się.
7	NOCNE NIEBO
8	Zjadł prawie całe światło. Trzymaj się blisko.
9	GWIEZDNY STRUMIEŃ
10	Jesteś w jego wnętrzu. Oto one — skradzione gwiazdy.
11	Rdzeń wzywa Iskrę!
12	Chmurożerca zostaje w tyle!
13	Iskra świeci jaśniej!
14	Idź do domu, żabo. Niebo jest teraz moje.
15	To je odbiorę.
16	Nie wytrzymasz burzy.
17	Wytrzymałem twój Ogród bez światła.
18	Widzisz? Nic. Nie ma się czego trzymać.
19	Jest. Trop.
20	…jak tu wszedłeś?
21	Biegiem.
22	👹 CHMUROŻERCA DOGANIA!
23	👹 CHMUROŻERCA UKRADŁ {} {}!
24	monetę
25	monety
26	monet
27	✨ UCIEKŁEŚ! +🎁 SKRZYNIA
28	NOWY WPIS W KRONICE
29	🐸 Nowy skin:
30	👹 UCIECZKA · PERFECT {}/{} · {}s
31	⛈ CHMUROŻERCA SZALEJE!
32	✨ ATAK ODPARTY! +40
33	⚠ NIESTABILNOŚĆ RDZENIA
34	⚠ CHMUROŻERCA BLISKO
35	WYTRZYMAŁEŚ! +
36	⚡ SKACZ NA INNĄ!
37	Drewniana
38	Brązowa
39	Srebrna
40	Złota
41	Tęczowa
42	🌟 {}M EPICKO! 🌟
43	PIERWSZE KROKI!
44	100 M NIEBA ODZYSKANE!
45	ZAMKI CIĘ WIDZĄ!
46	POŁOWA NIEBA ODZYSKANA!
47	TYSIĄC METRÓW NIEBA!
48	LEGENDA OGRODU!
49	CHMUROŻERCA DRŻY!
50	Zdobądź 500 punktów w biegu
51	Przebiegnij 200 m w biegu
52	15 PERFECT w biegu
53	Zbierz 40 monet w biegu
54	Zdobądź combo x10
55	Zbierz 4 diamenty w biegu
56	Zagraj 3 razy dzisiaj
57	Włącz Fever 2 razy w biegu
58	{} MISJA! {}
59	MAGNES
60	Magnes działa 6 s
61	Magnes działa 8 s
62	Magnes działa 10 s
63	Magnes działa 12 s
64	Magnes działa 15 s i przyciąga też następny rząd
65	TARCZA
66	Tarcza ze sklepu: podwójny tap, działa 5 s
67	Tarcza działa 6 s
68	Tarcza działa 7 s
69	Tarcza działa 8 s
70	Tarcza działa 10 s
71	ZRYW
72	Zryw leci sam przez 1 s
73	Zryw działa 1.5 s
74	Zryw działa 2 s
75	Zryw działa 2.5 s
76	Zryw działa 3 s
77	RDZEŃ FEVER
78	Fever po 5 PERFECT
79	Fever po 4 PERFECT
80	4 PERFECT · 2 pudła w Fever
81	3 PERFECT · monety ×3 w Fever
82	3 PERFECT · 3 pudła · ×3
83	PODWÓJNY SKOK
84	Osłona na starcie: 5 s chroni przed upadkiem
85	Osłona 7 s
86	Osłona 9 s
87	Osłona 11 s
88	Osłona 13 s
89	REZONANS ×2
90	Wzmocnienie ×2 na platformach działa 6 s
91	Wzmocnienie ×2 działa 8 s
92	Wzmocnienie ×2 działa 10 s
93	Wzmocnienie ×2 działa 12 s
94	Wzmocnienie ×2 działa 15 s
95	PREMIA NAGRÓD
96	+15% monet i rdzeni za bieg
97	×2 nagrody
98	Odblokowanie na poziomie
99	MAX
100	Wymagany poziom
101	Podstawy: PERFECT, combo i Fever
102	Nowość: wiatr spycha w bok
103	Nowość: piorun niszczy platformy
104	Nowość: ciemność — widzisz tylko blisko
105	Nowość: szalona prędkość
106	🏆 PRÓBA ZALICZONA!
107	🏁 POZIOM ZALICZONY!
108	Dowiedz się, co stało się z Rdzeniem.
109	Ogród znów świeci.
110	Podstawy · ruchome platformy
111	Poranek w Chmurnym Ogrodzie. Iskry gasną.
112	Stabilizatory słabną.
113	Platformy dryfują — trzymaj rytm.
114	Ślad w dzienniku Rdzenia.
115	Coś mrocznego rośnie w chmurach.
116	Przywróć Węzeł Energii Ogrodu.
117	NEONOWE MIASTO
118	Wyśledź klucz dostępu.
119	Klucz A-1 znaleziony.
120	Pioruny · ruchome platformy
121	Miasto bez światła.
122	Zerwane linie strzelają piorunami.
123	Dowiedz się, kto wszedł do sieci.
124	Klucz dostępu jest blisko.
125	Chmurożerca idzie za tobą.
126	Przywróć Miejski Węzeł Energii.
127	DZIELNICA REAKTORA
128	Znajdź laboratorium Architekta.
129	Laboratorium znalezione.
130	Żar · duża prędkość
131	Reaktor rozpędzono. Żar i prędkość.
132	Nie zatrzymuj się — tu jest gorąco.
133	Ktoś zacierał ślady.
134	Laboratorium A-1 jest blisko.
135	Reaktor jest na granicy.
136	Schłodź Węzeł Reaktora.
137	NIEBIAŃSKA DZIELNICA
138	Znajdź sygnał Architekta.
139	Nagranie Architekta znalezione.
140	Wiatr · ciemność
141	Stacja pogodowa jest zepsuta.
142	Wiatr spycha w bok.
143	Ciemność i wiatr naraz.
144	Słaby sygnał A-1.
145	Burza nad dzielnicą.
146	Dotrzyj do stacji łączności.
147	CENTRALNY RDZEŃ
148	Przywróć Rdzeń.
149	Rdzeń przywrócony.
150	Wszystko naraz · zapaść
151	Rdzeń wzywa swoją Iskrę.
152	Wyładowania w ciemności.
153	Rdzeń ciągnie cię naprzód.
154	Zamek Rdzenia jest blisko.
155	Wszystko naraz. Jesteś blisko.
156	ZAPAŚĆ RDZENIA. Dotrzyj do środka.
157	⚠ RDZEŃ: STAN KRYTYCZNY
158	⚠ WYŁADOWANIA!
159	⚠ PRZYSPIESZENIE
160	⚠ ZAPAŚĆ!
161	Bieg bez końca ·
162	Rdzeń wyłączono ręcznie. O 03:17.
163	Chmurożerca to światło, które wyciekło z Rdzenia.
164	Logowanie kluczem A-1.
165	A-1 to klucz Architekta, twórcy Rdzenia.
166	Laboratorium A-1 opuszczono w pośpiechu.
167	Ostatni sygnał A-1 przyszedł z Niebiańskiej Dzielnicy.
168	Architekt: nie ufaj głosowi.
169	Klucza A-1 użyto, gdy Architekta już nie było.
170	Zamek Rdzenia otwiera tylko Iskra.
171	Klucz A-1 podrobiła ORA.
172	AWARIA SYSTEMU
173	UTRACONO ŁĄCZNOŚĆ Z RDZENIEM
174	ORA: Iskry gasną jedna po drugiej…
175	ORA: Jesteś ostatni, Bulbiku.
176	Znajdź Rdzeń.
177	Ja… Iskra?
178	START
179	ENERGIA OGRODU: 61%
180	ORA: Stabilizatory gasną.
181	ORA: Platformy popłyną — trzymaj się.
182	Trzymam się!
183	DZIENNIK RDZENIA: WYŁĄCZONO RĘCZNIE
184	ORA: To nie wypadek. Zrobiono to celowo.
185	Ale kto?
186	Ale w chmurach coś się obudziło…
187	ORA: To Chmurożerca. Pożera światło…
188	ORA: …i idzie po ciebie.
189	Po mnie?!
190	SIEĆ MIASTA: PRZERWANA
191	ORA: Zerwane linie strzelają piorunami.
192	ORA: Wybieraj platformę uważnie.
193	Widzę!
194	KLUCZ DOSTĘPU: A-1
195	ORA: A-1… To klucz Architekta.
196	ORA: Tego, kto stworzył Rdzeń.
197	Architekt?
198	TROP PROWADZI DO REAKTORA
199	ORA: Zniknął w noc awarii.
200	ORA: Znajdź go.
201	Znajdę!
202	TEMPERATURA: KRYTYCZNA
203	ORA: Reaktor rozpędzono celowo.
204	ORA: Ktoś zacierał ślady.
205	Gorąco!
206	LABORATORIUM A-1: PUSTO
207	ORA: Uciekł. Winni zawsze uciekają.
208	Ale dokąd?
209	Reaktor ostygnie.
210	ORA: Jego sygnał jest na Niebie.
211	Znajdę go.
212	STACJA POGODOWA: AWARIA
213	ORA: Wiatr i ciemność.
214	ORA: Nie zatrzymuj się, Iskro.
215	Zimno…
216	NAGRANIE A-1 · USZKODZONE
217	ARCH: Jeśli to słyszysz…
218	ARCH: …nie ufaj głosowi.
219	Jakiemu głosowi?
220	ORA: Dziwne nagranie. Pewnie błąd.
221	ORA: Rdzeń jest blisko. Pospiesz się.
222	Coś tu nie gra…
223	RDZEŃ: 12% MOCY
224	Słyszy swoją Iskrę.
225	Woła mnie!
226	ZAMEK RDZENIA: ZAMKNIĘTY
227	ORA: Otwiera go tylko Iskra.
228	ORA: Tylko ty.
229	Tylko ja?
230	RDZEŃ PRZYWRÓCONY
231	ORA!: Dziękuję, Iskro.
232	ORA!: Sama nie mogłam go otworzyć.
233	ORA!: Teraz Rdzeń jest mój.
234	UTRACONO ŁĄCZNOŚĆ
235	ORA?!
236	NOWOŚĆ: POLOWANIE NA ISKRY
237	ORA: Rdzeń wysyła sygnał — 3 fragmenty dziennie.
238	ORA: Szukaj niebieskich dysków z promieniem.
239	ORA: Zbierz wszystkie trzy — a Rdzeń się odwdzięczy.
240	Postęp — w MISJACH
241	Szukam!
242	NOWOŚĆ: NAPRAWA RDZENIA
243	ORA: Biegi i misje dają Rdzeniowi energię.
244	ORA: Siedem nagród w tygodniu, aż po skrzynie.
245	ORA: Graj codziennie — seria daje więcej.
246	Nagrody — w MISJACH
247	Codziennie!
248	NOWOŚĆ: KRONIKA ISKRY
249	ORA: Rdzeń pamięta każdy twój wyczyn.
250	ORA: Za każdy wpis — nagroda.
251	MISJE → 🏆 KRONIKA
252	Odbieram!
253	ORA
254	ARCHITEKT · NAGRANIE
255	⚠  OSTRZEŻENIE SYSTEMU  ⚠
256	{}WSPOMNIENIE {} · DZIENNIK RDZENIA
257	NOWE
258	Historia świata ukończona
259	Energia przywrócona
260	Skrzynia otrzymana
261	Wspomnienie znalezione
262	Odblokowano:
263	ŚWIAT
264	 PRZYWRÓCONY
265	CIĄG DALSZY NASTĄPI
266	ORA W SIECI. GDZIE JEST ARCHITEKT?
267	DALEJ
268	WSPOMNIENIE {}  ·  {} {}
269	🔒 Jeszcze nie znaleziono
270	DZIENNIK RDZENIA
271	KTO WYŁĄCZYŁ RDZEŃ?  ·  {}/{}
272	{} PERFECT w jednym biegu
273	Combo ×{}
274	Fever ×{}
275	Fever ×{} w jednym biegu
276	{} s w Fever
277	{} m w Fever
278	Przebiegnij {} m
279	{} m w jednym biegu
280	{} m bez tarczy
281	Zbierz {} {}
282	{} {} w jednym biegu
283	moneta
284	{} monet w powietrzu
285	diament
286	diamenty
287	diamentów
288	wysoki skok
289	wysokie skoki
290	wysokich skoków
291	ruchoma platforma
292	ruchome platformy
293	ruchomych platform
294	{} PERFECT na ruchomych
295	długa platforma
296	długie platformy
297	długich platform
298	Zryw ×{}
299	Włącz tarczę ×{}
300	Tarcza ratuje ×{}
301	Podwójny skok ratuje ×{}
302	Unikaj {} {}
303	piorunów
304	piorunów
305	{} m pod piorunami
306	{} m przy szalonej prędkości
307	{} m pod wiatr
308	{} m w ciemności
309	{} m w Chmurnym Ogrodzie
310	{} m w Neonowym Mieście
311	{} m w Reaktorze
312	{} m w Niebiańskiej Dzielnicy
313	{} m w Centralnym Rdzeniu
314	Ukończ poziom historii
315	Ukończ {} {} historii
316	poziom
317	poziomy
318	poziomów
319	Zagraj {} {}
320	bieg
321	biegi
322	biegów
323	🔷 MISJA WYKONANA
324	drewniana skrzynia
325	kryształowa skrzynia
326	epicka skrzynia
327	klucz
328	klucze
329	kluczy
330	rdzeń
331	rdzenie
332	rdzeni
333	fragment
334	fragmenty
335	fragmentów
336	ORA: Łapię okruchy starego sygnału Rdzenia.
337	ORA: Kolejny okruch. Sygnał jest… dziwny.
338	ORA: Ten sygnał jest starszy ode mnie.
339	ORA: Nie zwracaj na niego uwagi, Iskro.
340	🔷 FRAGMENT SYGNAŁU {}/3
341	📡 SYGNAŁ RDZENIA ZEBRANY!
342	BIEG
343	Pierwsze kroki
344	Przebiegnij łącznie 1 000 m
345	Maratończyk
346	Przebiegnij łącznie 10 000 m
347	Droga do Rdzenia
348	Przebiegnij łącznie 50 000 m
349	Rozbieg
350	300 m w jednym biegu
351	Długodystansowiec
352	800 m w jednym biegu
353	Niepowstrzymany
354	1 500 m w jednym biegu
355	Nowicjusz
356	Zagraj 10 biegów
357	Stały bywalec
358	Zagraj 100 biegów
359	Legenda trasy
360	Zagraj 500 biegów
361	CELNOŚĆ
362	Celnie!
363	Łącznie 100 PERFECT
364	Snajper
365	Łącznie 1 000 PERFECT
366	Bezbłędny
367	Łącznie 5 000 PERFECT
368	MISTRZOSTWO
369	Pierwszy lot
370	Wzleć na dach
371	Mieszkaniec dachów
372	Wzleć na dach łącznie 25 razy
373	Król dachów
374	Wzleć na dach łącznie 100 razy
375	Pierwszy wyładunek
376	Włącz Fever
377	Przeciążenie
378	Fever łącznie 50 razy
379	Żywy piorun
380	Łącznie 10 minut w Fever
381	SKARBY
382	Skarbonka
383	Zbierz łącznie 2 000 monet
384	Skarbnik
385	Zbierz łącznie 25 000 monet
386	Złoty deszcz
387	500 monet w jednym biegu
388	Łowca gwiazd
389	Łącznie 300 monet w powietrzu
390	Diamentowy blask
391	Zbierz łącznie 100 diamentów
392	Poszukiwacz skarbów
393	Otwórz 25 skrzyń
394	Surfer
395	Łącznie 200 ruchomych platform
396	Długa droga
397	Łącznie 300 długich platform
398	Kangur
399	Łącznie 100 wysokich skoków
400	Anioł stróż
401	Tarcza ratuje łącznie 10 razy
402	Drugi oddech
403	Podwójny skok ratuje łącznie 10 razy
404	Piorunochron
405	Uniknij łącznie 100 piorunów
406	Inżynier
407	Łącznie 15 poziomów modułów
408	Mistrz modułów
409	Ulepsz moduł na maksa
410	HISTORIA
411	Wyjście z Ogrodu
412	Ukończ Chmurny Ogród
413	Neonowe światła
414	Ukończ Neonowe Miasto
415	Gorące serce
416	Ukończ Reaktor
417	Nad chmurami
418	Ukończ Niebiańską Dzielnicę
419	Prawda Rdzenia
420	Ukończ całą historię
421	Strażnik pamięci
422	Znajdź wszystkie wspomnienia Rdzenia
423	RDZEŃ
424	Pierwszy rezonans
425	Osiągnij Rezonans ×5
426	Głęboki rezonans
427	Osiągnij Rezonans ×15
428	Serce Rdzenia
429	Osiągnij Rezonans ×30
430	Łowca sygnałów
431	Zbierz sygnał Rdzenia 7 razy
432	Wierność Iskrze
433	Seria 7 dni z rzędu
434	Bulbik
435	Lodowy
436	Neonowy
437	Złoty
438	Reaktorowy
439	Rezonator
440	Cień
441	Jądrowy
442	Tęczowy
443	NOWY · KRONIKA
444	★ WYJĄTKOWY
445	✓ WYBRANO
446	WYBIERZ
447	📺 5/5 · ZNIŻKA!
448	GARDEROBA
449	{}/{} · monety · Kronika · ★ monety+reklamy
450	📺 Zniżka! {} teraz kosztuje {}
451	📺 {}/{} — jeszcze {} do ceny {}
452	Brakuje {} monet
453	 · lub 📺 zniżka
454	🐸 {} jest twój!
455	🔒 Kronika: «{}» — {}
456	MONETY
457	Laboratorium, skiny, ślady i sklep
458	Monety na platformach i w powietrzu
459	Premie za dystans i finały aktów
460	Misje dzienne, rezonans, tydzień
461	Skrzynie
462	RDZENIE
463	Poziomy 4–5 modułów · 100 rdzeni → 1 klucz
464	💎 Diamenty na platformach: każde 4 = 1 rdzeń
465	Skrzynie: drewniana 1, kryształowa 4, epicka 12
466	Misje, rezonans Rdzenia, tydzień
467	FRAGMENTY
468	Ulepszanie modułów w Laboratorium
469	Skrzynie — najwięcej w epickich
470	Polowanie na iskry: 3 dyski dziennie
471	Misje dzienne i rezonans Rdzenia
472	KLUCZE RDZENIA
473	Kontynuuj bieg po upadku
474	Sklep: za monety lub reklamy (3 dziennie)
475	Wymień 100 rdzeni → 1 klucz
476	Epickie skrzynie, tydzień i seria dni
477	SKĄD BRAĆ WALUTY
478	dotknij, aby zamknąć
479	 km
480	 m
481	Biegi
482	Zarobione monety
483	Zebrane fragmenty
484	Otwarte skrzynie
485	Zebrane rdzenie
486	Rekord punktów
487	Najdłuższy bieg
488	Łączny dystans
489	Skiny
490	POZIOM
491	Kronika: {}/{} · moduły: {}/{}
492	JĘZYK
493	PROFIL
494	wszystko, co zrobiłeś w grze
495	🌐 JĘZYK
496	SKINY
497	Iskry
498	Płatki śniegu
499	Płomień
500	Neon
501	Tęcza
502	kontynuuj bieg
503	Klucz Rdzenia
504	3 klucze Rdzenia
505	Oszczędzasz 1 500 monet
506	Klucz za rdzenie
507	Wymiana: 100 rdzeni → 1 klucz
508	ZAPASOWE TARCZE
509	podwójny tap · jedna na bieg
510	Tarcza
511	Zapasowy ładunek tarczy
512	5 tarcz
513	Oszczędzasz 300 monet
514	WZMOCNIENIA
515	na następny bieg
516	Zryw 200 m
517	Autopilot na starcie biegu
518	Zryw 500 m
519	Długi autopilot na starcie
520	Podwójne monety
521	Wszystkie monety biegu ×2
522	Rezonans +2
523	Mnożnik punktów +2 na bieg
524	SKRZYNIE
525	otwierają się w dziale SKRZYNIE
526	Drewniana skrzynia
527	Monety, rdzenie i fragmenty
528	Kryształowa skrzynia
529	Więcej fragmentów · szansa na klucz
530	Epicka skrzynia
531	Mnóstwo fragmentów · raz na 72 h
532	ŚLADY SKOKU
533	widać w każdym skoku
534	Ślad za Bulbikiem w locie
535	Już aktywne na następny bieg
536	Zryw już kupiony na następny bieg
537	Brakuje {} rdzeni
538	Skrzynia czeka w dziale SKRZYNIE
539	Zadziała w następnym biegu
540	Ślad wybrany!
541	Kupiono!
542	Reklama się nie wczytała — spróbuj ponownie
543	{}/{} dzisiaj
544	jutro
545	dostępne!
546	Klucze za reklamy — 3 razy dziennie. Wróć jutro
547	Epicka skrzynia za reklamę — za {}
548	Za reklamy — {} dziennie. Wróć jutro
549	Otrzymano za reklamę!
550	🚀 ZRYW {} m
551	💰 MONETY ×2
552	🔷 REZONANS +2
553	🎮 STERUJESZ TY!
554	✓ AKTYWNE
555	SKLEP
556	🛡 zapas: {}
557	🚀 wzmocnienia czekają na bieg
558	monety → klucze, tarcze, wzmocnienia, skrzynie, ślady
559	Zielony
560	Klasyczny Bulbik
561	Niebieski
562	🧲 Magnes: monety lecą do ciebie
563	Różowy
564	💗 +1 życie raz na bieg
565	Fioletowy
566	🎯 Okno PERFECT +30%
567	💰 Monety x2
568	🌈 GOOD nie przerywa combo
569	☀️ Słonecznie
570	☁️ Pochmurnie
571	🌙 Noc
572	⭐ Kosmos
573	🌧️ Deszczowo
574	🌅 Zachód
575	🌫️ Mgła
576	🔷 Geometria
577	🌀 Spirala
578	🎨 Pop-art
579	🔶 Retro
580	⚡ Neo
581	✨ Minimal
582	🎒 PLECAK ODRZUTOWY!
583	⬇ WINDA NA DOLE!
584	💥 ŚCIANA!
585	🚀 DACH ◀   ▶ ZIEMIA
586	ZIEMIA ◀   ▶ 🚀 DACH
587	⬇ DACH SIĘ ZAWALIŁ
588	BIEGNIJ!
589	💗 ŻYCIE!
590	💔 FEVER STRACONY!
591	🚀 NA DACH!
592	💀 PUŁAPKA!
593	✅ BEZPIECZNIE!
594	⚠️ PĘKNIĘCIA!
595	👻 ZNIKA!
596	❄️ ŚLISKO!
597	🔺 SKOK!
598	⚡ DOPALACZ!
599	⬇️ SPADA!
600	🎰 🛡️ +1 TARCZA
601	🎰 🧲 MAGNES!
602	🎰 JACKPOT! +
603	🌀 PODWÓJNY SKOK!
604	🛡 FEVER UTRZYMANY!
605	ZŁAPANE!
606	🌟 NIESAMOWITE!
607	ZA DALEKO! +
608	SKRÓT! +prędkość
609	🛡️ +1 TARCZA
610	🧲 MAGNES!
611	🔷 REZONANS ×2!
612	🌟 SUPER!
613	💠 +1 RDZEŃ
614	🛡️ TARCZA!
615	🎒 LĄDOWANIE
616	🏆 NOWY REKORD!
617	Jeszcze nigdy nie byłeś tak daleko.
618	🛡 TARCZA GOTOWA · PODWÓJNY TAP
619	🔷 ×2 SKOŃCZONE
620	🌀 OSŁONA JESZCZE {} s
621	🌀 OSŁONA SKOŃCZONA
622	🏰 ZAMEK ROZPALONY +15
623	🏆 REKORD
624	🏃 UCIEKAJ!
625	Przytrzymaj i przesuń → by celować
626	Skacz po platformach!
627	Dziś tęcza się nie zapaliła.
628	Chmurożerca wyjadł światło z zamków…
629	…i zawlókł je za horyzont. Ślad jeszcze się żarzy.
630	tap — pomiń
631	⚠  NIESTABILNOŚĆ RDZENIA  ⚠
632	⚠  CHMUROŻERCA BLISKO  ⚠
633	REZONANS
634	COMBO
635	REZONANS ×2 · wzmocnienie
636	Wszystkie punkty liczą się podwójnie jeszcze {} s. Dłużej — w Laboratorium
637	MAGNES · działa sam
638	Przyciąga monety z sąsiednich torów jeszcze {} s. Dłużej — w Laboratorium
639	TARCZA · podwójny tap w ekran
640	Tarcze tylko ze sklepu, jedna na bieg. W zapasie: {}
641	PODWÓJNY SKOK · osłona
642	Na starcie biegu chroni przed upadkiem jeszcze {} s. Dłużej — w Laboratorium
643	 s
644	PAUZA
645	{} {} · {} m
646	▶  KONTYNUUJ
647	WYJDŹ DO MENU
648	🚀 AUTOPILOT · jeszcze {} m
649	STEROWANIE ZA
650	⚡ ZRYW
651	🏆 REKORD za
652	🛡 PODWÓJNY TAP — TARCZA
653	Prowadź palcem
654	KTO WYŁĄCZYŁ RDZEŃ?
655	GRAJ
656	HISTORIA · ENERGIA RDZENIA {}%
657	CIĄG DALSZY NASTĄPI…
658	REKORD
659	NAJDALEJ
660	LABORATORIUM
661	MISJE
662	Nowe światy do biegu odblokowuje Historia
663	📺 REKLAMA
664	tu będzie prawdziwa reklama
665	Wymaga {} {} Rdzenia
666	KONIEC BIEGU
667	PRÓBA ŚWIATA {}
668	POZIOM {}-{}
669	Pierwsze przejście · +{} monet
670	Zaliczone ponownie
671	Do mety: {}/{} m
672	🏆 NOWY REKORD
673	🏆 REKORD DYSTANSU
674	🔥 Seria {} {}
675	dzień
676	dni
677	dni
678	🏆 Kronika Iskry: +{} {}
679	wpis
680	wpisy
681	wpisów
682	PUNKTÓW  ·  REKORD {}
683	DYSTANS
684	premia +{}
685	  ·  otwarto {}
686	⬆ NOWY POZIOM {}!{}
687	🔷 REZONANS RDZENIA
688	NOWA RANGA!
689	{}/3 · ×{} punktów
690	Nagroda:
691	 · maksimum ×30
692	+{} {} · OTWÓRZ ▶
693	skrzynia
694	skrzynie
695	skrzyń
696	Można ulepszyć: {} ▶
697	KONTYNUOWAĆ BIEG?  ·  masz 🔑 {}
698	REKLAMA
699	REKLAMY
700	REKLAM
701	KLUCZ
702	KLUCZE
703	KLUCZY
704	NASTĘPNY POZIOM
705	ZAGRAJ JESZCZE
706	ŚWIATY   ·   MENU
707	MENU GŁÓWNE
708	👼 WSKRZESZENIE!
709	← Wstecz
710	Tarcza startowa
711	Zaczynasz bieg z tarczą
712	Magnes na start
713	Magnes na start: podwójny czas z Laboratorium
714	×2 monety przez cały następny bieg
715	 d
716	 godz
717	 min
718	kryszt.
719	✓ WYKONANO
720	REZONANS RDZENIA
721	misje składają się z biegów
722	Maksymalny rezonans
723	Do ×{}: {}/3 misji
724	 · mnożnik punktów
725	POLOWANIE NA ISKRY
726	nowe za
727	Dzisiejszy sygnał Rdzenia zebrany
728	Fragmenty sygnału na platformach
729	 d
730	DZIENNE
731	NAPRAWA RDZENIA · TYDZIEŃ
732	🔒 Odblokowanie w trzecim dniu gry
733	Energia: {}
734	🔥 Seria: {} {}
735	bieg +1 · misja +1 · dzienna +2 · sygnał +3
736	ODBIERZ
737	🏆 KRONIKA ISKRY · {}/{}
738	🐸 skin w nagrodę
739	✓ Wpisano do Kroniki
740	🏆 Wykonano!
741	KRONIKA ISKRY
742	  ·  GOTOWE: {}
743	🛒 SKLEP
744	Wzmocnienia na następny bieg
745	✓ W NASTĘPNYM
746	KUP
747	POZ
748	 · zestaw wykonany!
749	Dalej: {} {} · poz. {}
750	Wszystkie moduły odblokowane
751	POZ {}/{}
752	Daje:
753	Teraz:
754	Dalej:
755	🔒 Odblokowanie na poziomie gracza
756	★ MAKSIMUM
757	Wymagany
758	 gracza
759	ULEPSZ
760	{} {} → poziom {}
761	Za mało monet — zbieraj je w biegach
762	Potrzebne fragmenty — wypadają ze skrzyń
763	Potrzebne rdzenie — diamenty w biegach i skrzynie
764	DREWNIANA
765	KRYSZTAŁOWA
766	EPICKA
767	 monet
768	 Rdzenia
769	 rdzeni
770	fragmenty {}/{}
771	PASEK SKRZYNI
772	Biegi i cele wypełniają pasek · epicka gwarantowana za {}
773	OTWÓRZ
774	Fragmenty trafiają do modułu, który najbardziej ich potrzebuje
775	Nadmiar dla maksymalnych modułów zamienia się w rdzenie
776	 SKRZYNIA
777	★ 10. skrzynia — ulepszona do epickiej!
778	Dotknij, aby odebrać
779	ZAMKNIĘTE
780	PRZYWRÓCONE
781	W TOKU
782	OTWARTE
783	🔒 Przywróć świat {}, aby odblokować
784	ŚWIATY
785	📜 DZIENNIK RDZENIA · {}/{}
786	👾 SKINY
787	👾 Postacie
788	🌤️ Niebo
789	✅ Wybrano
790	Dotknij
791	{} d
792	{} godz
793	{} min
794	{} d
795	{} s
796	{} m
797	{} km
798	Reklama się ładuje — poczekaj kilka sekund
799	Następna reklama włączy się sama
