0	PASSOU DO PONTO!
1	JARDIM DAS NUVENS
2	O arco-íris apagou. O Come-Nuvens arrastou a luz para além do horizonte.
3	PASSO VENTOSO
4	Este vento é o hálito dele. Você está no rastro.
5	TEMPESTADE
6	Você o alcançou. Ele revida.
7	CÉU NOTURNO
8	Ele comeu quase toda a luz. Fique perto.
9	RIO DE ESTRELAS
10	Você está dentro dele. Aí estão — as estrelas roubadas.
11	O Núcleo chama a Faísca!
12	O Come-Nuvens ficou para trás!
13	A Faísca brilha mais forte!
14	Vá para casa, sapo. O céu agora é meu.
15	Então vou pegá-lo de volta.
16	Você não vai aguentar a tempestade.
17	Aguentei seu Jardim sem luz.
18	Vê? Nada. Nada em que se segurar.
19	Tem sim. Um rastro.
20	…como você chegou aqui?
21	Corre.
22	👹 O COME-NUVENS ESTÁ ALCANÇANDO!
23	👹 O COME-NUVENS ROUBOU {} {}!
24	moeda
25	moedas
26	moedas
27	✨ ESCAPOU! +🎁 BAÚ
28	NOVO REGISTRO NA CRÔNICA
29	🐸 Nova skin:
30	👹 FUGA · PERFECT {}/{} · {}s
31	⛈ O COME-NUVENS ESTÁ FURIOSO!
32	✨ ATAQUE REPELIDO! +40
33	⚠ INSTABILIDADE DO NÚCLEO
34	⚠ COME-NUVENS POR PERTO
35	AGUENTOU! +
36	⚡ PULE PARA OUTRA!
37	Madeira
38	Bronze
39	Prata
40	Ouro
41	Arco-íris
42	🌟 {}M ÉPICO! 🌟
43	PRIMEIROS PASSOS!
44	100 M DE CÉU RECUPERADOS!
45	OS CASTELOS TE VEEM!
46	MEIO CÉU RECUPERADO!
47	MIL METROS DE CÉU!
48	LENDA DO JARDIM!
49	O COME-NUVENS TREME!
50	Faça 500 pontos numa corrida
51	Corra 200 m numa corrida
52	15 PERFECT numa corrida
53	Pegue 40 moedas numa corrida
54	Chegue a um combo x10
55	Pegue 4 diamantes numa corrida
56	Jogue 3 vezes hoje
57	Ative o Fever 2 vezes numa corrida
58	{} MISSÃO! {}
59	ÍMÃ
60	O ímã dura 6 s
61	O ímã dura 8 s
62	O ímã dura 10 s
63	O ímã dura 12 s
64	O ímã dura 15 s e puxa a fileira seguinte
65	ESCUDO
66	Escudo da loja: toque duplo, dura 5 s
67	O escudo dura 6 s
68	O escudo dura 7 s
69	O escudo dura 8 s
70	O escudo dura 10 s
71	ARRANCADA
72	A arrancada voa sozinha por 1 s
73	A arrancada dura 1.5 s
74	A arrancada dura 2 s
75	A arrancada dura 2.5 s
76	A arrancada dura 3 s
77	NÚCLEO FEVER
78	Fever após 5 PERFECT
79	Fever após 4 PERFECT
80	4 PERFECT · 2 erros no Fever
81	3 PERFECT · moedas ×3 no Fever
82	3 PERFECT · 3 erros · ×3
83	PULO DUPLO
84	Proteção inicial: 5 s salva de quedas
85	Proteção 7 s
86	Proteção 9 s
87	Proteção 11 s
88	Proteção 13 s
89	RESSONÂNCIA ×2
90	O bônus ×2 nas plataformas dura 6 s
91	O bônus ×2 dura 8 s
92	O bônus ×2 dura 10 s
93	O bônus ×2 dura 12 s
94	O bônus ×2 dura 15 s
95	BÔNUS DE PRÊMIOS
96	+15% moedas e núcleos por corrida
97	×2 prêmios
98	Desbloqueia no nível
99	MÁX
100	Requer nível
101	Básico: PERFECT, combo e Fever
102	Novo: o vento empurra para o lado
103	Novo: o raio quebra plataformas
104	Novo: escuridão — só se vê de perto
105	Novo: velocidade louca
106	🏆 DESAFIO CONCLUÍDO!
107	🏁 NÍVEL CONCLUÍDO!
108	Descubra o que aconteceu com o Núcleo.
109	O Jardim brilha de novo.
110	Básico · plataformas móveis
111	Manhã no Jardim das Nuvens. As faíscas se apagam.
112	Os estabilizadores enfraquecem.
113	As plataformas flutuam — mantenha o ritmo.
114	Uma pista no registro do Núcleo.
115	Algo escuro cresce nas nuvens.
116	Restaure o Nó de Energia do Jardim.
117	CIDADE NEON
118	Rastreie a chave de acesso.
119	Chave A-1 encontrada.
120	Raios · plataformas móveis
121	Uma cidade sem luz.
122	Fios partidos soltam raios.
123	Descubra quem entrou na rede.
124	A chave de acesso está perto.
125	O Come-Nuvens vem atrás.
126	Restaure o Nó de Energia da Cidade.
127	DISTRITO DO REATOR
128	Encontre o laboratório do Arquiteto.
129	Laboratório encontrado.
130	Calor · alta velocidade
131	Forçaram o reator. Calor e velocidade.
132	Não pare — aqui está quente.
133	Alguém apagou os rastros.
134	O laboratório A-1 está perto.
135	O reator está no limite.
136	Resfrie o Nó do Reator.
137	DISTRITO CELESTE
138	Encontre o sinal do Arquiteto.
139	Registro do Arquiteto encontrado.
140	Vento · escuridão
141	A estação meteorológica quebrou.
142	O vento empurra para o lado.
143	Escuridão e vento juntos.
144	Um sinal fraco de A-1.
145	Tempestade sobre o distrito.
146	Chegue à estação de comunicação.
147	NÚCLEO CENTRAL
148	Restaure o Núcleo.
149	Núcleo restaurado.
150	Tudo junto · colapso
151	O Núcleo chama sua Faísca.
152	Descargas no escuro.
153	O Núcleo te puxa para frente.
154	A trava do Núcleo está perto.
155	Tudo de uma vez. Você está perto.
156	COLAPSO DO NÚCLEO. Chegue ao centro.
157	⚠ NÚCLEO: ESTADO CRÍTICO
158	⚠ DESCARGAS!
159	⚠ ACELERAÇÃO
160	⚠ COLAPSO!
161	Corrida infinita ·
162	Desligaram o Núcleo à mão. Às 03:17.
163	O Come-Nuvens é a luz que vazou do Núcleo.
164	Acesso feito com a chave A-1.
165	A-1 é a chave do Arquiteto, criador do Núcleo.
166	O laboratório A-1 foi abandonado às pressas.
167	O último sinal de A-1 veio do Distrito Celeste.
168	Arquiteto: não confie na voz.
169	A chave A-1 foi usada quando o Arquiteto já não estava.
170	Só a Faísca abre a trava do Núcleo.
171	A ORA falsificou a chave A-1.
172	FALHA DO SISTEMA
173	CONEXÃO COM O NÚCLEO PERDIDA
174	ORA: As faíscas se apagam uma a uma…
175	ORA: Você é a última, Bulbik.
176	Encontre o Núcleo.
177	Eu… uma Faísca?
178	INÍCIO
179	ENERGIA DO JARDIM: 61%
180	ORA: Os estabilizadores estão falhando.
181	ORA: As plataformas vão flutuar — segure firme.
182	Segurando!
183	REGISTRO DO NÚCLEO: DESLIGADO À MÃO
184	ORA: Não foi acidente. Fizeram de propósito.
185	Mas quem?
186	Mas algo acordou nas nuvens…
187	ORA: É o Come-Nuvens. Ele come luz…
188	ORA: …e está vindo atrás de você.
189	Atrás de mim?!
190	REDE DA CIDADE: ROMPIDA
191	ORA: Fios partidos soltam raios.
192	ORA: Escolha a plataforma com cuidado.
193	Estou vendo!
194	CHAVE DE ACESSO: A-1
195	ORA: A-1… É a chave do Arquiteto.
196	ORA: Quem criou o Núcleo.
197	O Arquiteto?
198	O RASTRO LEVA AO REATOR
199	ORA: Ele sumiu na noite do acidente.
200	ORA: Encontre-o.
201	Vou encontrar!
202	TEMPERATURA: CRÍTICA
203	ORA: Forçaram o reator de propósito.
204	ORA: Alguém apagou os rastros.
205	Que calor!
206	LABORATÓRIO A-1: VAZIO
207	ORA: Ele fugiu. Os culpados sempre fogem.
208	Mas para onde?
209	O reator vai esfriar.
210	ORA: O sinal dele está no Céu.
211	Vou encontrá-lo.
212	ESTAÇÃO METEOROLÓGICA: FALHA
213	ORA: Vento e escuridão.
214	ORA: Não pare, Faísca.
215	Que frio…
216	REGISTRO A-1 · DANIFICADO
217	ARQ: Se você está ouvindo isto…
218	ARQ: …não confie na voz.
219	Que voz?
220	ORA: Registro estranho. Deve ser uma falha.
221	ORA: O Núcleo está perto. Depressa.
222	Tem algo errado aqui…
223	NÚCLEO: 12% DE POTÊNCIA
224	Ele ouve sua Faísca.
225	Ele está me chamando!
226	TRAVA DO NÚCLEO: FECHADA
227	ORA: Só a Faísca pode abri-la.
228	ORA: Só você.
229	Só eu?
230	NÚCLEO RESTAURADO
231	ORA!: Obrigada, Faísca.
232	ORA!: Sozinha eu não conseguia abri-lo.
233	ORA!: Agora o Núcleo é meu.
234	CONEXÃO PERDIDA
235	ORA?!
236	NOVO: CAÇA ÀS FAÍSCAS
237	ORA: O Núcleo envia um sinal — 3 fragmentos por dia.
238	ORA: Procure discos azuis com um feixe.
239	ORA: Junte os três — e o Núcleo vai recompensar.
240	Progresso — em MISSÕES
241	Procurando!
242	NOVO: REPARO DO NÚCLEO
243	ORA: Corridas e missões dão energia ao Núcleo.
244	ORA: Sete prêmios por semana, até baús.
245	ORA: Jogue todo dia — a sequência dá mais.
246	Prêmios — em MISSÕES
247	Todo dia!
248	NOVO: CRÔNICA DA FAÍSCA
249	ORA: O Núcleo lembra cada façanha sua.
250	ORA: Um prêmio por cada registro.
251	MISSÕES → 🏆 CRÔNICA
252	Pegando!
253	ORA
254	ARQUITETO · REGISTRO
255	⚠  AVISO DO SISTEMA  ⚠
256	{}LEMBRANÇA {} · REGISTRO DO NÚCLEO
257	NOVA
258	História do mundo concluída
259	Energia restaurada
260	Baú recebido
261	Lembrança encontrada
262	Desbloqueado:
263	MUNDO
264	 RESTAURADO
265	CONTINUA
266	A ORA ESTÁ NA REDE. ONDE ESTÁ O ARQUITETO?
267	PRÓXIMO
268	LEMBRANÇA {}  ·  {} {}
269	🔒 Ainda não encontrada
270	REGISTRO DO NÚCLEO
271	QUEM DESLIGOU O NÚCLEO?  ·  {}/{}
272	{} PERFECT numa corrida
273	Combo ×{}
274	Fever ×{}
275	Fever ×{} numa corrida
276	{} s no Fever
277	{} m no Fever
278	Corra {} m
279	{} m numa corrida
280	{} m sem escudo
281	Pegue {} {}
282	{} {} numa corrida
283	moeda
284	{} moedas no ar
285	diamante
286	diamantes
287	diamantes
288	pulo alto
289	pulos altos
290	pulos altos
291	plataforma móvel
292	plataformas móveis
293	plataformas móveis
294	{} PERFECT em móveis
295	plataforma longa
296	plataformas longas
297	plataformas longas
298	Arrancada ×{}
299	Ative o escudo ×{}
300	O escudo salva ×{}
301	O pulo duplo salva ×{}
302	Desvie de {} {}
303	raios
304	raios
305	{} m sob raios
306	{} m em velocidade louca
307	{} m contra o vento
308	{} m no escuro
309	{} m no Jardim das Nuvens
310	{} m na Cidade Neon
311	{} m no Reator
312	{} m no Distrito Celeste
313	{} m no Núcleo Central
314	Conclua um nível da história
315	Conclua {} {} da história
316	nível
317	níveis
318	níveis
319	Jogue {} {}
320	corrida
321	corridas
322	corridas
323	🔷 MISSÃO CUMPRIDA
324	baú de madeira
325	baú de cristal
326	baú épico
327	chave
328	chaves
329	chaves
330	núcleo
331	núcleos
332	núcleos
333	fragmento
334	fragmentos
335	fragmentos
336	ORA: Estou captando pedaços do velho sinal do Núcleo.
337	ORA: Mais um pedaço. O sinal é… estranho.
338	ORA: Este sinal é mais velho que eu.
339	ORA: Não ligue para ele, Faísca.
340	🔷 FRAGMENTO DE SINAL {}/3
341	📡 SINAL DO NÚCLEO REUNIDO!
342	CORRIDA
343	Primeiros passos
344	Corra 1.000 m no total
345	Maratonista
346	Corra 10.000 m no total
347	Caminho ao Núcleo
348	Corra 50.000 m no total
349	Aquecimento
350	300 m numa corrida
351	Fundista
352	800 m numa corrida
353	Imparável
354	1.500 m numa corrida
355	Novato
356	Jogue 10 corridas
357	Frequentador
358	Jogue 100 corridas
359	Lenda da pista
360	Jogue 500 corridas
361	PRECISÃO
362	Na mosca!
363	100 PERFECT no total
364	Atirador
365	1.000 PERFECT no total
366	Impecável
367	5.000 PERFECT no total
368	MAESTRIA
369	Primeiro voo
370	Voe até um telhado
371	Morador dos telhados
372	Voe até um telhado 25 vezes no total
373	Rei dos telhados
374	Voe até um telhado 100 vezes no total
375	Primeira carga
376	Ative o Fever
377	Sobrecarga
378	Fever 50 vezes no total
379	Raio vivo
380	10 minutos no Fever no total
381	TESOUROS
382	Cofrinho
383	Pegue 2.000 moedas no total
384	Tesoureiro
385	Pegue 25.000 moedas no total
386	Chuva de ouro
387	500 moedas numa corrida
388	Caçador de estrelas
389	300 moedas no ar no total
390	Brilho de diamante
391	Pegue 100 diamantes no total
392	Caçador de tesouros
393	Abra 25 baús
394	Surfista
395	200 plataformas móveis no total
396	Longa estrada
397	300 plataformas longas no total
398	Canguru
399	100 pulos altos no total
400	Anjo da guarda
401	O escudo salva 10 vezes no total
402	Segundo fôlego
403	O pulo duplo salva 10 vezes no total
404	Para-raios
405	Desvie de 100 raios no total
406	Engenheiro
407	15 níveis de módulos no total
408	Mestre dos módulos
409	Melhore um módulo ao máximo
410	HISTÓRIA
411	Saída do Jardim
412	Conclua o Jardim das Nuvens
413	Luzes neon
414	Conclua a Cidade Neon
415	Coração quente
416	Conclua o Reator
417	Acima das nuvens
418	Conclua o Distrito Celeste
419	A verdade do Núcleo
420	Conclua toda a história
421	Guardião da memória
422	Encontre todas as lembranças do Núcleo
423	NÚCLEO
424	Primeira ressonância
425	Alcance Ressonância ×5
426	Ressonância profunda
427	Alcance Ressonância ×15
428	Coração do Núcleo
429	Alcance Ressonância ×30
430	Caçador de sinais
431	Reúna o sinal do Núcleo 7 vezes
432	Fiel à Faísca
433	Sequência de 7 dias seguidos
434	Bulbik
435	Gelado
436	Neon
437	Dourado
438	Reator
439	Ressonador
440	Sombra
441	Nuclear
442	Arco-íris
443	NOVA · CRÔNICA
444	★ ESPECIAL
445	✓ EQUIPADO
446	EQUIPAR
447	📺 5/5 · DESCONTO!
448	GUARDA-ROUPA
449	{}/{} · moedas · Crônica · ★ moedas+anúncios
450	📺 Desconto! {} agora custa {}
451	📺 {}/{} — faltam {} para o preço {}
452	Faltam {} moedas
453	 · ou 📺 desconto
454	🐸 {} é seu!
455	🔒 Crônica: «{}» — {}
456	MOEDAS
457	Laboratório, skins, rastros e loja
458	Moedas nas plataformas e no ar
459	Bônus de distância e finais de ato
460	Missões diárias, ressonância, semana
461	Baús
462	NÚCLEOS
463	Níveis 4–5 dos módulos · 100 núcleos → 1 chave
464	💎 Diamantes nas plataformas: cada 4 = 1 núcleo
465	Baús: madeira 1, cristal 4, épico 12
466	Missões, ressonância do Núcleo, semana
467	FRAGMENTOS
468	Melhorar módulos no Laboratório
469	Baús — mais nos épicos
470	Caça às faíscas: 3 discos por dia
471	Missões diárias e ressonância do Núcleo
472	CHAVES DO NÚCLEO
473	Continuar a corrida após cair
474	Loja: por moedas ou anúncios (3 por dia)
475	Troque 100 núcleos → 1 chave
476	Baús épicos, semana e sequência de dias
477	ONDE CONSEGUIR MOEDAS
478	toque para fechar
479	 km
480	 m
481	Corridas
482	Moedas ganhas
483	Fragmentos reunidos
484	Baús abertos
485	Núcleos reunidos
486	Melhor pontuação
487	Corrida mais longa
488	Distância total
489	Skins
490	NÍVEL
491	Crônica: {}/{} · módulos: {}/{}
492	IDIOMA
493	PERFIL
494	tudo o que você fez no jogo
495	🌐 IDIOMA
496	SKINS
497	Faíscas
498	Flocos de neve
499	Chama
500	Neon
501	Arco-íris
502	continuar a corrida
503	Chave do Núcleo
504	3 chaves do Núcleo
505	Economize 1.500 moedas
506	Chave por núcleos
507	Troca: 100 núcleos → 1 chave
508	ESCUDOS RESERVA
509	toque duplo · um por corrida
510	Escudo
511	Carga reserva de escudo
512	5 escudos
513	Economize 300 moedas
514	BÔNUS
515	para a próxima corrida
516	Arrancada 200 m
517	Piloto automático no início
518	Arrancada 500 m
519	Piloto automático longo no início
520	Moedas em dobro
521	Todas as moedas da corrida ×2
522	Ressonância +2
523	Multiplicador de pontos +2 numa corrida
524	BAÚS
525	abrem na seção BAÚS
526	Baú de madeira
527	Moedas, núcleos e fragmentos
528	Baú de cristal
529	Mais fragmentos · chance de chave
530	Baú épico
531	Muitos fragmentos · uma vez a cada 72 h
532	RASTROS DE PULO
533	aparece em cada pulo
534	Um rastro atrás do Bulbik no ar
535	Já ativo para a próxima corrida
536	Arrancada já comprada para a próxima corrida
537	Faltam {} núcleos
538	O baú espera em BAÚS
539	Vale na próxima corrida
540	Rastro escolhido!
541	Comprado!
542	O anúncio não carregou — tente de novo
543	{}/{} hoje
544	amanhã
545	disponível!
546	Chaves por anúncios — 3 vezes por dia. Volte amanhã
547	Baú épico por anúncio — em {}
548	Por anúncios — {} por dia. Volte amanhã
549	Recebido por anúncio!
550	🚀 ARRANCADA {} m
551	💰 MOEDAS ×2
552	🔷 RESSONÂNCIA +2
553	🎮 VOCÊ NO CONTROLE!
554	✓ ATIVO
555	LOJA
556	🛡 reserva: {}
557	🚀 os bônus esperam a corrida
558	moedas → chaves, escudos, bônus, baús, rastros
559	Verde
560	Bulbik clássico
561	Azul
562	🧲 Ímã: as moedas voam até você
563	Rosa
564	💗 +1 vida uma vez por corrida
565	Roxo
566	🎯 Janela PERFECT +30%
567	💰 Moedas x2
568	🌈 GOOD não quebra o combo
569	☀️ Ensolarado
570	☁️ Nublado
571	🌙 Noite
572	⭐ Espaço
573	🌧️ Chuvoso
574	🌅 Pôr do sol
575	🌫️ Neblina
576	🔷 Geometria
577	🌀 Espiral
578	🎨 Pop Art
579	🔶 Retrô
580	⚡ Neo
581	✨ Minimal
582	🎒 JETPACK!
583	⬇ O ELEVADOR ESTÁ EMBAIXO!
584	💥 PAREDE!
585	🚀 TELHADO ◀   ▶ CHÃO
586	CHÃO ◀   ▶ 🚀 TELHADO
587	⬇ O TELHADO DESABOU
588	CORRE!
589	💗 VIDA!
590	💔 FEVER PERDIDO!
591	🚀 PARA O TELHADO!
592	💀 ARMADILHA!
593	✅ SEGURO!
594	⚠️ RACHADURAS!
595	👻 SUMINDO!
596	❄️ ESCORREGADIO!
597	🔺 PULO!
598	⚡ IMPULSO!
599	⬇️ CAINDO!
600	🎰 🛡️ +1 ESCUDO
601	🎰 🧲 ÍMÃ!
602	🎰 JACKPOT! +
603	🌀 PULO DUPLO!
604	🛡 FEVER MANTIDO!
605	AGARROU!
606	🌟 INCRÍVEL!
607	PASSOU DO PONTO! +
608	ATALHO! +velocidade
609	🛡️ +1 ESCUDO
610	🧲 ÍMÃ!
611	🔷 RESSONÂNCIA ×2!
612	🌟 SUPER!
613	💠 +1 NÚCLEO
614	🛡️ ESCUDO!
615	🎒 POUSO
616	🏆 NOVO RECORDE!
617	Você nunca foi tão longe.
618	🛡 ESCUDO PRONTO · TOQUE DUPLO
619	🔷 ×2 ACABOU
620	🌀 PROTEÇÃO MAIS {} s
621	🌀 PROTEÇÃO ACABOU
622	🏰 CASTELO ACESO +15
623	🏆 RECORDE
624	🏃 FUJA!
625	Segure e mova → para mirar
626	Pule pelas plataformas!
627	Hoje o arco-íris não acendeu.
628	O Come-Nuvens comeu a luz dos castelos…
629	…e arrastou-a para além do horizonte. O rastro ainda brilha.
630	toque — pular
631	⚠  INSTABILIDADE DO NÚCLEO  ⚠
632	⚠  COME-NUVENS POR PERTO  ⚠
633	RESSONÂNCIA
634	COMBO
635	RESSONÂNCIA ×2 · bônus
636	Todos os pontos valem em dobro por mais {} s. Mais tempo — no Laboratório
637	ÍMÃ · funciona sozinho
638	Puxa moedas das faixas vizinhas por mais {} s. Mais tempo — no Laboratório
639	ESCUDO · toque duplo na tela
640	Escudos só da loja, um por corrida. Reserva: {}
641	PULO DUPLO · proteção
642	No início da corrida salva de quedas por mais {} s. Mais tempo — no Laboratório
643	 s
644	PAUSA
645	{} {} · {} m
646	▶  CONTINUAR
647	SAIR PARA O MENU
648	🚀 PILOTO AUTOMÁTICO · faltam {} m
649	CONTROLE EM
650	⚡ ARRANCADA
651	🏆 RECORDE em
652	🛡 TOQUE DUPLO — ESCUDO
653	Deslize o dedo
654	QUEM DESLIGOU O NÚCLEO?
655	JOGAR
656	HISTÓRIA · ENERGIA DO NÚCLEO {}%
657	CONTINUA…
658	RECORDE
659	MAIS LONGE
660	LABORATÓRIO
661	MISSÕES
662	Novos mundos de corrida abrem na História
663	📺 ANÚNCIO
664	aqui terá um anúncio de verdade
665	Requer {} {} do Núcleo
666	CORRIDA ENCERRADA
667	DESAFIO DO MUNDO {}
668	NÍVEL {}-{}
669	Primeira vez · +{} moedas
670	Concluído de novo
671	Até a chegada: {}/{} m
672	🏆 NOVO RECORDE
673	🏆 RECORDE DE DISTÂNCIA
674	🔥 Sequência {} {}
675	dia
676	dias
677	dias
678	🏆 Crônica da Faísca: +{} {}
679	registro
680	registros
681	registros
682	PONTOS  ·  RECORDE {}
683	DISTÂNCIA
684	bônus +{}
685	  ·  aberto {}
686	⬆ NOVO NÍVEL {}!{}
687	🔷 RESSONÂNCIA DO NÚCLEO
688	NOVA PATENTE!
689	{}/3 · ×{} pontos
690	Prêmio:
691	 · máximo ×30
692	+{} {} · ABRIR ▶
693	baú
694	baús
695	baús
696	Pode melhorar: {} ▶
697	CONTINUAR A CORRIDA?  ·  você tem 🔑 {}
698	ANÚNCIO
699	ANÚNCIOS
700	ANÚNCIOS
701	CHAVE
702	CHAVES
703	CHAVES
704	PRÓXIMO NÍVEL
705	JOGAR DE NOVO
706	MUNDOS   ·   MENU
707	MENU PRINCIPAL
708	👼 RESSUSCITOU!
709	← Voltar
710	Escudo inicial
711	Comece a corrida com escudo
712	Ímã no início
713	Ímã no início: o dobro do tempo do Laboratório
714	×2 moedas na próxima corrida inteira
715	 d
716	 h
717	 min
718	cristal
719	✓ FEITO
720	RESSONÂNCIA DO NÚCLEO
721	as missões se fazem jogando corridas
722	Ressonância máxima
723	Até ×{}: {}/3 missões
724	 · multiplicador de pontos
725	CAÇA ÀS FAÍSCAS
726	novas em
727	O sinal do Núcleo de hoje foi reunido
728	Fragmentos de sinal nas plataformas
729	 d
730	DIÁRIAS
731	REPARO DO NÚCLEO · SEMANA
732	🔒 Desbloqueia no terceiro dia de jogo
733	Energia: {}
734	🔥 Sequência: {} {}
735	corrida +1 · missão +1 · diária +2 · sinal +3
736	PEGAR
737	🏆 CRÔNICA DA FAÍSCA · {}/{}
738	🐸 skin de prêmio
739	✓ Escrito na Crônica
740	🏆 Feito!
741	CRÔNICA DA FAÍSCA
742	  ·  PRONTO: {}
743	🛒 LOJA
744	Bônus para a próxima corrida
745	✓ NA PRÓXIMA
746	COMPRAR
747	NV
748	 · conjunto concluído!
749	Próximo: {} {} · nv. {}
750	Todos os módulos desbloqueados
751	NV {}/{}
752	Dá:
753	Agora:
754	Próximo:
755	🔒 Desbloqueia no nível de jogador
756	★ MÁXIMO
757	Requer
758	 do jogador
759	MELHORAR
760	{} {} → nível {}
761	Faltam moedas — pegue nas corridas
762	Faltam fragmentos — eles saem dos baús
763	Faltam núcleos — diamantes nas corridas e baús
764	DE MADEIRA
765	DE CRISTAL
766	ÉPICO
767	 moedas
768	 núcleos
769	 núcleos
770	fragmentos {}/{}
771	BARRA DE BAÚS
772	Corridas e metas enchem a barra · épico garantido em {}
773	ABRIR
774	Os fragmentos vão para o módulo que mais precisa
775	O excedente de módulos no máximo vira núcleos
776	 BAÚ
777	★ 10º baú — melhorado para épico!
778	Toque para pegar
779	FECHADO
780	RESTAURADO
781	EM ANDAMENTO
782	ABERTO
783	🔒 Restaure o mundo {} para desbloquear
784	MUNDOS
785	📜 REGISTRO DO NÚCLEO · {}/{}
786	👾 SKINS
787	👾 Personagens
788	🌤️ Céu
789	✅ Escolhido
790	Toque
791	{} d
792	{} h
793	{} min
794	{} d
795	{} s
796	{} m
797	{} km
798	Carregando anúncio — aguarde alguns segundos
799	O próximo anúncio começa sozinho
