0	ไกลเกิน!
1	สวนเมฆ
2	รุ้งดับแล้ว เจ้ากินเมฆลากแสงไปไกลสุดขอบฟ้า
3	ช่องเขาลมแรง
4	ลมนี้คือลมหายใจของมัน เธอกำลังตามรอยมัน
5	พายุ
6	เธอตามทันมันแล้ว มันกำลังสู้กลับ
7	ท้องฟ้ายามค่ำ
8	มันกินแสงไปเกือบหมดแล้ว อยู่ใกล้ ๆ ไว้
9	ธารดวงดาว
10	เธออยู่ในตัวมัน นั่นไง — ดวงดาวที่ถูกขโมย
11	แกนกลางเรียกหาประกายไฟ!
12	เจ้ากินเมฆตามไม่ทัน!
13	ประกายไฟสว่างขึ้น!
14	กลับบ้านไปเถอะ กบน้อย ท้องฟ้าเป็นของข้าแล้ว
15	งั้นฉันจะเอามันคืน
16	เจ้าทนพายุไม่ไหวหรอก
17	ฉันทนสวนไร้แสงของแกมาแล้ว
18	เห็นไหม? ไม่มีอะไรเลย ไม่มีอะไรให้ยึด
19	มีสิ รอยทาง
20	…เจ้าเข้ามาที่นี่ได้ยังไง?
21	วิ่ง
22	👹 เจ้ากินเมฆกำลังไล่ตาม!
23	👹 เจ้ากินเมฆขโมย {} {}!
24	เหรียญ
25	เหรียญ
26	เหรียญ
27	✨ หนีรอด! +🎁 หีบ
28	บันทึกพงศาวดารใหม่
29	🐸 สกินใหม่:
30	👹 หนี · PERFECT {}/{} · {}วิ
31	⛈ เจ้ากินเมฆอาละวาด!
32	✨ ต้านการโจมตี! +40
33	⚠ แกนกลางไม่เสถียร
34	⚠ เจ้ากินเมฆอยู่ใกล้
35	รอดแล้ว! +
36	⚡ กระโดดไปอันอื่น!
37	ไม้
38	ทองแดง
39	เงิน
40	ทอง
41	สีรุ้ง
42	🌟 {}M สุดยอด! 🌟
43	ก้าวแรก!
44	ทวงฟ้าคืน 100 M!
45	ปราสาทเห็นเธอแล้ว!
46	ทวงฟ้าคืนครึ่งหนึ่ง!
47	ฟ้าพันเมตร!
48	ตำนานแห่งสวน!
49	เจ้ากินเมฆสั่นแล้ว!
50	ทำ 500 คะแนนในรอบเดียว
51	วิ่ง 200 m ในรอบเดียว
52	PERFECT 15 ครั้งในรอบเดียว
53	เก็บ 40 เหรียญในรอบเดียว
54	ทำคอมโบ x10
55	เก็บเพชร 4 เม็ดในรอบเดียว
56	เล่น 3 ครั้งวันนี้
57	เปิด Fever 2 ครั้งในรอบเดียว
58	{} ภารกิจ! {}
59	แม่เหล็ก
60	แม่เหล็กอยู่ได้ 6 วิ
61	แม่เหล็กอยู่ได้ 8 วิ
62	แม่เหล็กอยู่ได้ 10 วิ
63	แม่เหล็กอยู่ได้ 12 วิ
64	แม่เหล็กอยู่ได้ 15 วิ และดูดแถวถัดไปด้วย
65	โล่
66	โล่จากร้านค้า: แตะสองครั้ง อยู่ได้ 5 วิ
67	โล่อยู่ได้ 6 วิ
68	โล่อยู่ได้ 7 วิ
69	โล่อยู่ได้ 8 วิ
70	โล่อยู่ได้ 10 วิ
71	พุ่ง
72	พุ่งบินเองได้ 1 วิ
73	พุ่งอยู่ได้ 1.5 วิ
74	พุ่งอยู่ได้ 2 วิ
75	พุ่งอยู่ได้ 2.5 วิ
76	พุ่งอยู่ได้ 3 วิ
77	แกน FEVER
78	Fever หลัง PERFECT 5 ครั้ง
79	Fever หลัง PERFECT 4 ครั้ง
80	PERFECT 4 · พลาดได้ 2 ครั้งใน Fever
81	PERFECT 3 · เหรียญ ×3 ใน Fever
82	PERFECT 3 · พลาด 3 · ×3
83	กระโดดสองชั้น
84	ป้องกันตอนเริ่ม: 5 วิ กันตก
85	ป้องกัน 7 วิ
86	ป้องกัน 9 วิ
87	ป้องกัน 11 วิ
88	ป้องกัน 13 วิ
89	เรโซแนนซ์ ×2
90	บูสเตอร์ ×2 บนแท่นอยู่ได้ 6 วิ
91	บูสเตอร์ ×2 อยู่ได้ 8 วิ
92	บูสเตอร์ ×2 อยู่ได้ 10 วิ
93	บูสเตอร์ ×2 อยู่ได้ 12 วิ
94	บูสเตอร์ ×2 อยู่ได้ 15 วิ
95	โบนัสรางวัล
96	+15% เหรียญและแกนต่อรอบ
97	รางวัล ×2
98	ปลดล็อกที่เลเวล
99	สูงสุด
100	ต้องการเลเวล
101	พื้นฐาน: PERFECT คอมโบ และ Fever
102	ใหม่: ลมพัดไปด้านข้าง
103	ใหม่: ฟ้าผ่าทำลายแท่น
104	ใหม่: ความมืด — เห็นแค่ใกล้ ๆ
105	ใหม่: ความเร็วสุดขีด
106	🏆 ผ่านบททดสอบ!
107	🏁 ผ่านด่าน!
108	หาว่าเกิดอะไรขึ้นกับแกนกลาง
109	สวนกลับมาสว่างอีกครั้ง
110	พื้นฐาน · แท่นเคลื่อนที่
111	เช้าในสวนเมฆ ประกายไฟกำลังดับ
112	ตัวปรับเสถียรอ่อนลง
113	แท่นลอยไปมา — รักษาจังหวะไว้
114	ร่องรอยในบันทึกแกนกลาง
115	มีบางอย่างมืดมิดเติบโตในเมฆ
116	ฟื้นฟูจุดพลังงานของสวน
117	เมืองนีออน
118	ตามหากุญแจเข้าถึง
119	พบกุญแจ A-1
120	ฟ้าผ่า · แท่นเคลื่อนที่
121	เมืองที่ไร้แสง
122	สายไฟขาดปล่อยฟ้าผ่า
123	หาว่าใครเข้ามาในเครือข่าย
124	กุญแจเข้าถึงอยู่ใกล้แล้ว
125	เจ้ากินเมฆตามมา
126	ฟื้นฟูจุดพลังงานของเมือง
127	ย่านเตาปฏิกรณ์
128	หาห้องแล็บของสถาปนิก
129	พบห้องแล็บแล้ว
130	ความร้อน · ความเร็วสูง
131	เตาปฏิกรณ์ถูกเร่ง ร้อนและเร็ว
132	อย่าหยุด — ที่นี่ร้อน
133	มีคนลบร่องรอย
134	แล็บ A-1 อยู่ใกล้แล้ว
135	เตาปฏิกรณ์ถึงขีดจำกัด
136	ทำให้จุดเตาปฏิกรณ์เย็นลง
137	ย่านฟ้า
138	หาสัญญาณของสถาปนิก
139	พบบันทึกของสถาปนิก
140	ลม · ความมืด
141	สถานีตรวจอากาศพัง
142	ลมพัดไปด้านข้าง
143	ความมืดและลมพร้อมกัน
144	สัญญาณ A-1 แผ่วเบา
145	พายุเหนือย่าน
146	ไปให้ถึงสถานีสื่อสาร
147	แกนกลางใจกลาง
148	ฟื้นฟูแกนกลาง
149	ฟื้นฟูแกนกลางแล้ว
150	ทุกอย่างพร้อมกัน · พังทลาย
151	แกนกลางเรียกประกายไฟของมัน
152	การปล่อยประจุในความมืด
153	แกนกลางดึงเธอไปข้างหน้า
154	ตัวล็อกของแกนกลางอยู่ใกล้แล้ว
155	ทุกอย่างพร้อมกัน เธอใกล้แล้ว
156	แกนกลางพังทลาย ไปให้ถึงใจกลาง
157	⚠ แกนกลาง: วิกฤต
158	⚠ ปล่อยประจุ!
159	⚠ เร่งความเร็ว
160	⚠ พังทลาย!
161	วิ่งไม่รู้จบ ·
162	แกนกลางถูกปิดด้วยมือ เวลา 03:17
163	เจ้ากินเมฆคือแสงที่รั่วออกจากแกนกลาง
164	เข้าระบบด้วยกุญแจ A-1
165	A-1 คือกุญแจของสถาปนิก ผู้สร้างแกนกลาง
166	แล็บ A-1 ถูกทิ้งอย่างเร่งรีบ
167	สัญญาณสุดท้ายของ A-1 มาจากย่านฟ้า
168	สถาปนิก: อย่าเชื่อเสียงนั้น
169	กุญแจ A-1 ถูกใช้หลังจากสถาปนิกหายไปแล้ว
170	มีแค่ประกายไฟที่เปิดตัวล็อกแกนกลางได้
171	ORA ปลอมกุญแจ A-1
172	ระบบขัดข้อง
173	ขาดการติดต่อกับแกนกลาง
174	ORA: ประกายไฟดับไปทีละดวง…
175	ORA: เธอคือคนสุดท้าย บุลบิก
176	หาแกนกลาง
177	ฉัน… เป็นประกายไฟเหรอ?
178	เริ่ม
179	พลังงานสวน: 61%
180	ORA: ตัวปรับเสถียรกำลังดับ
181	ORA: แท่นจะลอยไปมา — จับให้แน่น
182	จับแน่นแล้ว!
183	บันทึกแกนกลาง: ถูกปิดด้วยมือ
184	ORA: นี่ไม่ใช่อุบัติเหตุ มีคนตั้งใจทำ
185	แต่ใครล่ะ?
186	แต่มีบางอย่างตื่นขึ้นในเมฆ…
187	ORA: นั่นคือเจ้ากินเมฆ มันกินแสง…
188	ORA: …และมันกำลังตามเธอ
189	ตามฉันเหรอ?!
190	ระบบไฟเมือง: ขาด
191	ORA: สายไฟขาดปล่อยฟ้าผ่า
192	ORA: เลือกแท่นให้ดี
193	เห็นแล้ว!
194	กุญแจเข้าถึง: A-1
195	ORA: A-1… นั่นคือกุญแจของสถาปนิก
196	ORA: คนที่สร้างแกนกลาง
197	สถาปนิกเหรอ?
198	ร่องรอยนำไปสู่เตาปฏิกรณ์
199	ORA: เขาหายไปในคืนที่เกิดอุบัติเหตุ
200	ORA: ตามหาเขา
201	ได้เลย!
202	อุณหภูมิ: วิกฤต
203	ORA: เตาปฏิกรณ์ถูกเร่งอย่างตั้งใจ
204	ORA: มีคนลบร่องรอย
205	ร้อนจัง!
206	แล็บ A-1: ว่างเปล่า
207	ORA: เขาหนีไปแล้ว คนผิดมักหนีเสมอ
208	แต่ไปไหนล่ะ?
209	เตาปฏิกรณ์จะเย็นลง
210	ORA: สัญญาณของเขาอยู่บนฟ้า
211	ฉันจะหาเขาให้เจอ
212	สถานีตรวจอากาศ: ขัดข้อง
213	ORA: ลมและความมืด
214	ORA: อย่าหยุดนะ ประกายไฟ
215	หนาวจัง…
216	บันทึก A-1 · เสียหาย
217	สถาปนิก: ถ้าเธอได้ยินสิ่งนี้…
218	สถาปนิก: …อย่าเชื่อเสียงนั้น
219	เสียงไหน?
220	ORA: บันทึกแปลก ๆ น่าจะเป็นข้อผิดพลาด
221	ORA: แกนกลางอยู่ใกล้แล้ว รีบเข้า
222	มีอะไรบางอย่างไม่ถูกต้อง…
223	แกนกลาง: พลัง 12%
224	มันได้ยินประกายไฟของมัน
225	มันกำลังเรียกฉัน!
226	ตัวล็อกแกนกลาง: ปิด
227	ORA: มีแค่ประกายไฟที่เปิดได้
228	ORA: มีแค่เธอ
229	แค่ฉันเหรอ?
230	ฟื้นฟูแกนกลางแล้ว
231	ORA!: ขอบใจนะ ประกายไฟ
232	ORA!: ฉันเปิดมันเองไม่ได้
233	ORA!: ตอนนี้แกนกลางเป็นของฉันแล้ว
234	ขาดการติดต่อ
235	ORA?!
236	ใหม่: ล่าประกายไฟ
237	ORA: แกนกลางส่งสัญญาณ — วันละ 3 ชิ้น
238	ORA: มองหาแผ่นสีฟ้าที่มีลำแสง
239	ORA: เก็บให้ครบสาม — แกนกลางจะให้รางวัล
240	ความคืบหน้า — ในภารกิจ
241	ไปหาเลย!
242	ใหม่: ซ่อมแกนกลาง
243	ORA: การวิ่งและภารกิจให้พลังงานกับแกนกลาง
244	ORA: รางวัลเจ็ดอย่างต่อสัปดาห์ จนถึงหีบ
245	ORA: เล่นทุกวัน — ต่อเนื่องยิ่งได้มาก
246	รางวัล — ในภารกิจ
247	ทุกวัน!
248	ใหม่: พงศาวดารประกายไฟ
249	ORA: แกนกลางจำวีรกรรมทุกอย่างของเธอ
250	ORA: ทุกบันทึกมีรางวัล
251	ภารกิจ → 🏆 พงศาวดาร
252	รับเลย!
253	ORA
254	สถาปนิก · บันทึก
255	⚠  คำเตือนระบบ  ⚠
256	{}ความทรงจำ {} · บันทึกแกนกลาง
257	ใหม่
258	จบเรื่องราวของโลก
259	ฟื้นฟูพลังงานแล้ว
260	ได้รับหีบ
261	พบความทรงจำ
262	ปลดล็อก:
263	โลก
264	 ฟื้นฟูแล้ว
265	โปรดติดตามตอนต่อไป
266	ORA อยู่ในเครือข่าย สถาปนิกอยู่ไหน?
267	ต่อไป
268	ความทรงจำ {}  ·  {} {}
269	🔒 ยังไม่พบ
270	บันทึกแกนกลาง
271	ใครปิดแกนกลาง?  ·  {}/{}
272	PERFECT {} ครั้งในรอบเดียว
273	คอมโบ ×{}
274	Fever ×{}
275	Fever ×{} ในรอบเดียว
276	{} วิ ใน Fever
277	{} m ใน Fever
278	วิ่ง {} m
279	{} m ในรอบเดียว
280	{} m โดยไม่ใช้โล่
281	เก็บ {} {}
282	{} {} ในรอบเดียว
283	เหรียญ
284	{} เหรียญกลางอากาศ
285	เพชร
286	เพชร
287	เพชร
288	กระโดดสูง
289	กระโดดสูง
290	กระโดดสูง
291	แท่นเคลื่อนที่
292	แท่นเคลื่อนที่
293	แท่นเคลื่อนที่
294	PERFECT {} ครั้งบนแท่นเคลื่อนที่
295	แท่นยาว
296	แท่นยาว
297	แท่นยาว
298	พุ่ง ×{}
299	เปิดโล่ ×{}
300	โล่ช่วยไว้ ×{}
301	กระโดดสองชั้นช่วยไว้ ×{}
302	หลบ {} {}
303	ฟ้าผ่า
304	ฟ้าผ่า
305	{} m ใต้ฟ้าผ่า
306	{} m ที่ความเร็วสุดขีด
307	{} m ทวนลม
308	{} m ในความมืด
309	{} m ในสวนเมฆ
310	{} m ในเมืองนีออน
311	{} m ในเตาปฏิกรณ์
312	{} m ในย่านฟ้า
313	{} m ในแกนกลางใจกลาง
314	ผ่านด่านเนื้อเรื่อง
315	ผ่านด่านเนื้อเรื่อง {} {}
316	ด่าน
317	ด่าน
318	ด่าน
319	เล่น {} {}
320	รอบ
321	รอบ
322	รอบ
323	🔷 ภารกิจสำเร็จ
324	หีบไม้
325	หีบคริสตัล
326	หีบมหากาพย์
327	กุญแจ
328	กุญแจ
329	กุญแจ
330	แกน
331	แกน
332	แกน
333	ชิ้นส่วน
334	ชิ้นส่วน
335	ชิ้นส่วน
336	ORA: ฉันจับเศษสัญญาณเก่าของแกนกลางได้
337	ORA: อีกชิ้นหนึ่ง สัญญาณ… แปลก ๆ
338	ORA: สัญญาณนี้เก่ากว่าฉันอีก
339	ORA: ไม่ต้องสนใจมันนะ ประกายไฟ
340	🔷 ชิ้นส่วนสัญญาณ {}/3
341	📡 รวบรวมสัญญาณแกนกลางแล้ว!
342	การวิ่ง
343	ก้าวแรก
344	วิ่งรวม 1,000 m
345	นักวิ่งมาราธอน
346	วิ่งรวม 10,000 m
347	เส้นทางสู่แกนกลาง
348	วิ่งรวม 50,000 m
349	วอร์มอัพ
350	300 m ในรอบเดียว
351	นักวิ่งทางไกล
352	800 m ในรอบเดียว
353	หยุดไม่อยู่
354	1,500 m ในรอบเดียว
355	มือใหม่
356	เล่น 10 รอบ
357	ขาประจำ
358	เล่น 100 รอบ
359	ตำนานแห่งลู่วิ่ง
360	เล่น 500 รอบ
361	ความแม่นยำ
362	เข้าเป้า!
363	PERFECT รวม 100 ครั้ง
364	สไนเปอร์
365	PERFECT รวม 1,000 ครั้ง
366	ไร้ที่ติ
367	PERFECT รวม 5,000 ครั้ง
368	ความเชี่ยวชาญ
369	บินครั้งแรก
370	บินขึ้นหลังคา
371	ชาวหลังคา
372	บินขึ้นหลังคารวม 25 ครั้ง
373	ราชาหลังคา
374	บินขึ้นหลังคารวม 100 ครั้ง
375	ปล่อยประจุครั้งแรก
376	เปิด Fever
377	โอเวอร์โหลด
378	Fever รวม 50 ครั้ง
379	สายฟ้ามีชีวิต
380	อยู่ใน Fever รวม 10 นาที
381	สมบัติ
382	กระปุกออมสิน
383	เก็บเหรียญรวม 2,000
384	เหรัญญิก
385	เก็บเหรียญรวม 25,000
386	ฝนทอง
387	500 เหรียญในรอบเดียว
388	นักจับดาว
389	เหรียญกลางอากาศรวม 300
390	ประกายเพชร
391	เก็บเพชรรวม 100 เม็ด
392	นักล่าสมบัติ
393	เปิดหีบ 25 ใบ
394	นักโต้คลื่น
395	แท่นเคลื่อนที่รวม 200
396	ทางยาว
397	แท่นยาวรวม 300
398	จิงโจ้
399	กระโดดสูงรวม 100 ครั้ง
400	เทวดาผู้พิทักษ์
401	โล่ช่วยไว้รวม 10 ครั้ง
402	ลมหายใจที่สอง
403	กระโดดสองชั้นช่วยไว้รวม 10 ครั้ง
404	สายล่อฟ้า
405	หลบฟ้าผ่ารวม 100 ครั้ง
406	วิศวกร
407	เลเวลโมดูลรวม 15
408	ปรมาจารย์โมดูล
409	อัปโมดูลจนสูงสุด
410	เนื้อเรื่อง
411	ออกจากสวน
412	ผ่านสวนเมฆ
413	แสงนีออน
414	ผ่านเมืองนีออน
415	หัวใจร้อนแรง
416	ผ่านเตาปฏิกรณ์
417	เหนือเมฆ
418	ผ่านย่านฟ้า
419	ความจริงของแกนกลาง
420	ผ่านเนื้อเรื่องทั้งหมด
421	ผู้พิทักษ์ความทรงจำ
422	หาความทรงจำทั้งหมดของแกนกลาง
423	แกนกลาง
424	เรโซแนนซ์แรก
425	ถึงเรโซแนนซ์ ×5
426	เรโซแนนซ์ลึก
427	ถึงเรโซแนนซ์ ×15
428	หัวใจแกนกลาง
429	ถึงเรโซแนนซ์ ×30
430	นักล่าสัญญาณ
431	รวบรวมสัญญาณแกนกลาง 7 ครั้ง
432	ภักดีต่อประกายไฟ
433	ต่อเนื่อง 7 วัน
434	บุลบิก
435	น้ำแข็ง
436	นีออน
437	ทองคำ
438	เตาปฏิกรณ์
439	เรโซเนเตอร์
440	เงามืด
441	นิวเคลียร์
442	สีรุ้ง
443	ใหม่ · พงศาวดาร
444	★ พิเศษ
445	✓ ใส่อยู่
446	ใส่
447	📺 5/5 · ลดราคา!
448	ตู้เสื้อผ้า
449	{}/{} · เหรียญ · พงศาวดาร · ★ เหรียญ+โฆษณา
450	📺 ลดราคา! {} ตอนนี้ราคา {}
451	📺 {}/{} — อีก {} ครั้งเพื่อราคา {}
452	ขาดอีก {} เหรียญ
453	 · หรือ 📺 ลดราคา
454	🐸 {} เป็นของเธอแล้ว!
455	🔒 พงศาวดาร: «{}» — {}
456	เหรียญ
457	แล็บ สกิน รอยทาง และร้านค้า
458	เหรียญบนแท่นและกลางอากาศ
459	โบนัสระยะทางและตอนจบแต่ละองก์
460	ภารกิจรายวัน เรโซแนนซ์ รายสัปดาห์
461	หีบ
462	แกน
463	โมดูลเลเวล 4–5 · แกน 100 → กุญแจ 1
464	💎 เพชรบนแท่น: ทุก 4 = แกน 1
465	หีบ: ไม้ 1 คริสตัล 4 มหากาพย์ 12
466	ภารกิจ เรโซแนนซ์แกนกลาง รายสัปดาห์
467	ชิ้นส่วน
468	อัปเกรดโมดูลในแล็บ
469	หีบ — มากสุดในหีบมหากาพย์
470	ล่าประกายไฟ: วันละ 3 แผ่น
471	ภารกิจรายวันและเรโซแนนซ์แกนกลาง
472	กุญแจแกนกลาง
473	วิ่งต่อหลังจากตก
474	ร้านค้า: ด้วยเหรียญหรือโฆษณา (วันละ 3)
475	แลกแกน 100 → กุญแจ 1
476	หีบมหากาพย์ รายสัปดาห์ และวันต่อเนื่อง
477	หาเงินในเกมได้จากไหน
478	แตะเพื่อปิด
479	 km
480	 m
481	จำนวนรอบ
482	เหรียญที่ได้
483	ชิ้นส่วนที่เก็บ
484	หีบที่เปิด
485	แกนที่เก็บ
486	คะแนนสูงสุด
487	รอบที่ไกลที่สุด
488	ระยะทางรวม
489	สกิน
490	เลเวล
491	พงศาวดาร: {}/{} · โมดูล: {}/{}
492	ภาษา
493	โปรไฟล์
494	ทุกสิ่งที่เธอทำในเกม
495	🌐 ภาษา
496	สกิน
497	ประกายไฟ
498	เกล็ดหิมะ
499	เปลวไฟ
500	นีออน
501	สีรุ้ง
502	วิ่งต่อ
503	กุญแจแกนกลาง
504	กุญแจแกนกลาง 3 ดอก
505	ประหยัด 1,500 เหรียญ
506	แลกกุญแจด้วยแกน
507	แลก: แกน 100 → กุญแจ 1
508	โล่สำรอง
509	แตะสองครั้ง · รอบละอัน
510	โล่
511	ประจุโล่สำรอง
512	โล่ 5 อัน
513	ประหยัด 300 เหรียญ
514	บูสเตอร์
515	สำหรับรอบถัดไป
516	พุ่ง 200 m
517	ระบบนำทางอัตโนมัติตอนเริ่ม
518	พุ่ง 500 m
519	นำทางอัตโนมัติยาวตอนเริ่ม
520	เหรียญสองเท่า
521	เหรียญทั้งหมดในรอบ ×2
522	เรโซแนนซ์ +2
523	ตัวคูณคะแนน +2 หนึ่งรอบ
524	หีบ
525	เปิดได้ที่เมนูหีบ
526	หีบไม้
527	เหรียญ แกน และชิ้นส่วน
528	หีบคริสตัล
529	ชิ้นส่วนมากขึ้น · มีโอกาสได้กุญแจ
530	หีบมหากาพย์
531	ชิ้นส่วนเพียบ · ทุก 72 ชม.
532	รอยทางกระโดด
533	เห็นได้ทุกครั้งที่กระโดด
534	รอยทางตามหลังบุลบิกตอนบิน
535	เปิดใช้สำหรับรอบถัดไปแล้ว
536	ซื้อพุ่งสำหรับรอบถัดไปแล้ว
537	ขาดอีก {} แกน
538	หีบรออยู่ที่เมนูหีบ
539	ใช้ได้ในรอบถัดไป
540	เลือกรอยทางแล้ว!
541	ซื้อแล้ว!
542	โหลดโฆษณาไม่ได้ — ลองอีกครั้ง
543	วันนี้ {}/{}
544	พรุ่งนี้
545	พร้อมรับ!
546	กุญแจจากโฆษณา — วันละ 3 ครั้ง กลับมาพรุ่งนี้
547	หีบมหากาพย์จากโฆษณา — อีก {}
548	จากโฆษณา — วันละ {} กลับมาพรุ่งนี้
549	ได้รับจากโฆษณา!
550	🚀 พุ่ง {} m
551	💰 เหรียญ ×2
552	🔷 เรโซแนนซ์ +2
553	🎮 เธอควบคุมเอง!
554	✓ เปิดใช้
555	ร้านค้า
556	🛡 สำรอง: {}
557	🚀 บูสเตอร์รอรอบถัดไป
558	เหรียญ → กุญแจ โล่ บูสเตอร์ หีบ รอยทาง
559	เขียว
560	บุลบิกคลาสสิก
561	ฟ้า
562	🧲 แม่เหล็ก: เหรียญบินมาหาเธอ
563	ชมพู
564	💗 +1 ชีวิตรอบละครั้ง
565	ม่วง
566	🎯 ช่วง PERFECT +30%
567	💰 เหรียญ x2
568	🌈 GOOD ไม่ตัดคอมโบ
569	☀️ แดดจ้า
570	☁️ มีเมฆ
571	🌙 กลางคืน
572	⭐ อวกาศ
573	🌧️ ฝนตก
574	🌅 พระอาทิตย์ตก
575	🌫️ หมอก
576	🔷 เรขาคณิต
577	🌀 ก้นหอย
578	🎨 ป๊อปอาร์ต
579	🔶 เรโทร
580	⚡ นีโอ
581	✨ มินิมอล
582	🎒 เจ็ตแพ็ก!
583	⬇ ลิฟต์อยู่ข้างล่าง!
584	💥 กำแพง!
585	🚀 หลังคา ◀   ▶ พื้น
586	พื้น ◀   ▶ 🚀 หลังคา
587	⬇ หลังคาถล่ม
588	วิ่ง!
589	💗 ชีวิต!
590	💔 FEVER หาย!
591	🚀 ขึ้นหลังคา!
592	💀 กับดัก!
593	✅ ปลอดภัย!
594	⚠️ รอยร้าว!
595	👻 หายไป!
596	❄️ ลื่น!
597	🔺 กระโดด!
598	⚡ บูสต์!
599	⬇️ ร่วง!
600	🎰 🛡️ +1 โล่
601	🎰 🧲 แม่เหล็ก!
602	🎰 แจ็กพอต! +
603	🌀 กระโดดสองชั้น!
604	🛡 รักษา FEVER ไว้ได้!
605	คว้าไว้ได้!
606	🌟 เหลือเชื่อ!
607	ไกลเกิน! +
608	ทางลัด! +ความเร็ว
609	🛡️ +1 โล่
610	🧲 แม่เหล็ก!
611	🔷 เรโซแนนซ์ ×2!
612	🌟 สุดยอด!
613	💠 +1 แกน
614	🛡️ โล่!
615	🎒 ลงจอด
616	🏆 สถิติใหม่!
617	เธอไม่เคยมาไกลขนาดนี้มาก่อน
618	🛡 โล่พร้อม · แตะสองครั้ง
619	🔷 ×2 หมดเวลา
620	🌀 ป้องกันอีก {} วิ
621	🌀 หมดการป้องกัน
622	🏰 ปราสาทสว่างแล้ว +15
623	🏆 สถิติ
624	🏃 หนีเร็ว!
625	กดค้างแล้วเลื่อน → เพื่อเล็ง
626	กระโดดไปบนแท่น!
627	วันนี้รุ้งไม่สว่าง
628	เจ้ากินเมฆกินแสงจากปราสาท…
629	…และลากไปไกลสุดขอบฟ้า รอยทางยังเรืองแสงอยู่
630	แตะ — ข้าม
631	⚠  แกนกลางไม่เสถียร  ⚠
632	⚠  เจ้ากินเมฆอยู่ใกล้  ⚠
633	เรโซแนนซ์
634	คอมโบ
635	เรโซแนนซ์ ×2 · บูสเตอร์
636	ทุกคะแนนนับสองเท่าอีก {} วิ นานขึ้น — ในแล็บ
637	แม่เหล็ก · ทำงานเอง
638	ดูดเหรียญจากเลนข้าง ๆ อีก {} วิ นานขึ้น — ในแล็บ
639	โล่ · แตะหน้าจอสองครั้ง
640	โล่มีแค่ในร้านค้า รอบละอัน สำรอง: {}
641	กระโดดสองชั้น · ป้องกัน
642	ช่วงเริ่มรอบช่วยกันตกอีก {} วิ นานขึ้น — ในแล็บ
643	 วิ
644	หยุดชั่วคราว
645	{} {} · {} m
646	▶  เล่นต่อ
647	ไปเมนู
648	🚀 นำทางอัตโนมัติ · อีก {} m
649	ควบคุมเองใน
650	⚡ พุ่ง
651	🏆 สถิติใน
652	🛡 แตะสองครั้ง — โล่
653	ปัดด้วยนิ้ว
654	ใครปิดแกนกลาง?
655	เล่น
656	เนื้อเรื่อง · พลังงานแกนกลาง {}%
657	โปรดติดตามตอนต่อไป…
658	สถิติ
659	ไกลสุด
660	แล็บ
661	ภารกิจ
662	โลกใหม่สำหรับการวิ่งปลดล็อกในเนื้อเรื่อง
663	📺 โฆษณา
664	ตรงนี้จะเป็นโฆษณาจริง
665	ต้องการ {} {} ของแกนกลาง
666	จบรอบ
667	บททดสอบโลก {}
668	ด่าน {}-{}
669	ผ่านครั้งแรก · +{} เหรียญ
670	ผ่านอีกครั้ง
671	ถึงเส้นชัย: {}/{} m
672	🏆 สถิติใหม่
673	🏆 สถิติระยะทาง
674	🔥 ต่อเนื่อง {} {}
675	วัน
676	วัน
677	วัน
678	🏆 พงศาวดารประกายไฟ: +{} {}
679	บันทึก
680	บันทึก
681	บันทึก
682	คะแนน  ·  สถิติ {}
683	ระยะทาง
684	โบนัส +{}
685	  ·  ปลดล็อก {}
686	⬆ เลเวลใหม่ {}!{}
687	🔷 เรโซแนนซ์แกนกลาง
688	แรงค์ใหม่!
689	{}/3 · ×{} คะแนน
690	รางวัล:
691	 · สูงสุด ×30
692	+{} {} · เปิด ▶
693	หีบ
694	หีบ
695	หีบ
696	อัปเกรดได้: {} ▶
697	วิ่งต่อไหม?  ·  เธอมี 🔑 {}
698	โฆษณา
699	โฆษณา
700	โฆษณา
701	กุญแจ
702	กุญแจ
703	กุญแจ
704	ด่านถัดไป
705	เล่นอีกครั้ง
706	โลก   ·   เมนู
707	เมนูหลัก
708	👼 ฟื้นคืนชีพ!
709	← กลับ
710	โล่เริ่มต้น
711	เริ่มรอบพร้อมโล่
712	แม่เหล็กตอนเริ่ม
713	แม่เหล็กตอนเริ่ม: นานสองเท่าของแล็บ
714	เหรียญ ×2 ตลอดรอบถัดไป
715	 วัน
716	 ชม.
717	 นาที
718	คริสตัล
719	✓ เสร็จแล้ว
720	เรโซแนนซ์แกนกลาง
721	ภารกิจทำได้ด้วยการวิ่ง
722	เรโซแนนซ์สูงสุด
723	ถึง ×{}: ภารกิจ {}/3
724	 · ตัวคูณคะแนน
725	ล่าประกายไฟ
726	ใหม่ใน
727	รวบรวมสัญญาณแกนกลางของวันนี้แล้ว
728	ชิ้นส่วนสัญญาณบนแท่น
729	 วัน
730	รายวัน
731	ซ่อมแกนกลาง · สัปดาห์
732	🔒 ปลดล็อกในวันที่สามที่เล่น
733	พลังงาน: {}
734	🔥 ต่อเนื่อง: {} {}
735	วิ่ง +1 · ภารกิจ +1 · รายวัน +2 · สัญญาณ +3
736	รับ
737	🏆 พงศาวดารประกายไฟ · {}/{}
738	🐸 สกินเป็นรางวัล
739	✓ บันทึกลงพงศาวดารแล้ว
740	🏆 สำเร็จ!
741	พงศาวดารประกายไฟ
742	  ·  พร้อมรับ: {}
743	🛒 ร้านค้า
744	บูสเตอร์สำหรับรอบถัดไป
745	✓ รอบถัดไป
746	ซื้อ
747	Lv
748	 · ครบชุดแล้ว!
749	ถัดไป: {} {} · Lv. {}
750	ปลดล็อกโมดูลครบแล้ว
751	Lv {}/{}
752	ให้:
753	ตอนนี้:
754	ถัดไป:
755	🔒 ปลดล็อกที่เลเวลผู้เล่น
756	★ สูงสุด
757	ต้องการ
758	 ผู้เล่น
759	อัปเกรด
760	{} {} → เลเวล {}
761	เหรียญไม่พอ — เก็บได้ตอนวิ่ง
762	ต้องการชิ้นส่วน — ได้จากหีบ
763	ต้องการแกน — เพชรตอนวิ่งและหีบ
764	ไม้
765	คริสตัล
766	มหากาพย์
767	 เหรียญ
768	 แกน
769	 แกน
770	ชิ้นส่วน {}/{}
771	แถบหีบ
772	การวิ่งและเป้าหมายเติมแถบ · การันตีมหากาพย์ใน {}
773	เปิด
774	ชิ้นส่วนไปที่โมดูลที่ต้องการที่สุด
775	ส่วนเกินของโมดูลสูงสุดกลายเป็นแกน
776	 หีบ
777	★ หีบใบที่ 10 — อัปเป็นมหากาพย์!
778	แตะเพื่อรับ
779	ล็อก
780	ฟื้นฟูแล้ว
781	กำลังดำเนินการ
782	เปิดแล้ว
783	🔒 ฟื้นฟูโลก {} เพื่อปลดล็อก
784	โลก
785	📜 บันทึกแกนกลาง · {}/{}
786	👾 สกิน
787	👾 ตัวละคร
788	🌤️ ท้องฟ้า
789	✅ เลือกแล้ว
790	แตะ
791	{} วัน
792	{} ชม.
793	{} นาที
794	{} วัน
795	{} วิ
796	{} m
797	{} km
