0	FAZLA UZUN!
1	BULUT BAHÇESİ
2	Gökkuşağı söndü. Bulut Yiyen ışığı ufkun ötesine sürükledi.
3	RÜZGARLI GEÇİT
4	Bu rüzgar onun nefesi. İzindesin.
5	FIRTINA
6	Ona yetiştin. Karşı koyuyor.
7	GECE GÖKYÜZÜ
8	Işığın neredeyse hepsini yedi. Yakın dur.
9	YILDIZ AKINTISI
10	Onun içindesin. İşte orada — çalınan yıldızlar.
11	Çekirdek Kıvılcım'ı çağırıyor!
12	Bulut Yiyen geride kalıyor!
13	Kıvılcım daha parlak!
14	Evine dön, kurbağa. Gökyüzü artık benim.
15	O zaman onu geri alacağım.
16	Fırtınaya dayanamazsın.
17	Bahçeni ışıksız da dayandım.
18	Gördün mü? Hiçbir şey. Tutunacak bir şey yok.
19	Var. Bir iz.
20	…buraya nasıl girdin?
21	Koş.
22	👹 BULUT YİYEN YETİŞİYOR!
23	👹 BULUT YİYEN {} {} ÇALDI!
24	jeton
25	jeton
26	jeton
27	✨ KAÇTIN! +🎁 SANDIK
28	YENİ GÜNCE KAYDI
29	🐸 Yeni kostüm:
30	👹 KAÇIŞ · PERFECT {}/{} · {}sn
31	⛈ BULUT YİYEN ÖFKELİ!
32	✨ SALDIRI PÜSKÜRTÜLDÜ! +40
33	⚠ ÇEKİRDEK KARARSIZ
34	⚠ BULUT YİYEN YAKINDA
35	DAYANDIN! +
36	⚡ BAŞKASINA ATLA!
37	Ahşap
38	Bronz
39	Gümüş
40	Altın
41	Gökkuşağı
42	🌟 {}M EFSANE! 🌟
43	İLK ADIMLAR!
44	100 M GÖKYÜZÜ GERİ ALINDI!
45	KALELER SENİ GÖRÜYOR!
46	GÖKYÜZÜNÜN YARISI GERİ ALINDI!
47	BİN METRE GÖKYÜZÜ!
48	BAHÇENİN EFSANESİ!
49	BULUT YİYEN TİTRİYOR!
50	Bir koşuda 500 puan yap
51	Bir koşuda 200 m koş
52	Bir koşuda 15 PERFECT
53	Bir koşuda 40 jeton topla
54	x10 kombo yap
55	Bir koşuda 4 elmas topla
56	Bugün 3 kez oyna
57	Bir koşuda 2 kez Fever aç
58	{} GÖREV! {}
59	MIKNATIS
60	Mıknatıs 6 sn sürer
61	Mıknatıs 8 sn sürer
62	Mıknatıs 10 sn sürer
63	Mıknatıs 12 sn sürer
64	Mıknatıs 15 sn sürer ve sonraki sırayı da çeker
65	KALKAN
66	Mağazadan kalkan: çift dokun, 5 sn sürer
67	Kalkan 6 sn sürer
68	Kalkan 7 sn sürer
69	Kalkan 8 sn sürer
70	Kalkan 10 sn sürer
71	ATILIM
72	Atılım 1 sn kendi kendine uçar
73	Atılım 1.5 sn sürer
74	Atılım 2 sn sürer
75	Atılım 2.5 sn sürer
76	Atılım 3 sn sürer
77	FEVER ÇEKİRDEĞİ
78	5 PERFECT sonra Fever
79	4 PERFECT sonra Fever
80	4 PERFECT · Fever'da 2 hata
81	3 PERFECT · Fever'da jeton ×3
82	3 PERFECT · 3 hata · ×3
83	ÇİFT ZIPLAMA
84	Başlangıç koruması: 5 sn düşmekten kurtarır
85	Koruma 7 sn
86	Koruma 9 sn
87	Koruma 11 sn
88	Koruma 13 sn
89	REZONANS ×2
90	Platformlardaki ×2 güçlendirici 6 sn sürer
91	×2 güçlendirici 8 sn sürer
92	×2 güçlendirici 10 sn sürer
93	×2 güçlendirici 12 sn sürer
94	×2 güçlendirici 15 sn sürer
95	ÖDÜL BONUSU
96	Koşu başına +%15 jeton ve çekirdek
97	×2 ödül
98	Açılış seviyesi
99	MAKS
100	Gereken seviye
101	Temeller: PERFECT, kombo ve Fever
102	Yeni: rüzgar seni yana iter
103	Yeni: yıldırım platformları kırar
104	Yeni: karanlık — sadece yakını görürsün
105	Yeni: çılgın hız
106	🏆 SINAV GEÇİLDİ!
107	🏁 SEVİYE GEÇİLDİ!
108	Çekirdeğe ne olduğunu öğren.
109	Bahçe yine parlıyor.
110	Temeller · hareketli platformlar
111	Bulut Bahçesi'nde sabah. Kıvılcımlar sönüyor.
112	Dengeleyiciler zayıflıyor.
113	Platformlar süzülüyor — ritmi koru.
114	Çekirdek kayıtlarında bir iz.
115	Bulutlarda karanlık bir şey büyüyor.
116	Bahçe'nin Enerji Düğümünü onar.
117	NEON ŞEHİR
118	Erişim anahtarını izle.
119	A-1 anahtarı bulundu.
120	Yıldırım · hareketli platformlar
121	Işıksız bir şehir.
122	Kopuk hatlar yıldırım saçıyor.
123	Ağa kimin girdiğini bul.
124	Erişim anahtarı yakında.
125	Bulut Yiyen peşinde.
126	Şehrin Enerji Düğümünü onar.
127	REAKTÖR BÖLGESİ
128	Mimar'ın laboratuvarını bul.
129	Laboratuvar bulundu.
130	Sıcaklık · yüksek hız
131	Reaktörü zorlamışlar. Sıcaklık ve hız.
132	Durma — burası sıcak.
133	Biri izlerini silmiş.
134	A-1 laboratuvarı yakında.
135	Reaktör sınırda.
136	Reaktör Düğümünü soğut.
137	GÖK BÖLGESİ
138	Mimar'ın sinyalini bul.
139	Mimar'ın kaydı bulundu.
140	Rüzgar · karanlık
141	Hava istasyonu bozuk.
142	Rüzgar seni yana iter.
143	Karanlık ve rüzgar bir arada.
144	Zayıf bir A-1 sinyali.
145	Bölgede fırtına var.
146	İletişim istasyonuna ulaş.
147	MERKEZ ÇEKİRDEK
148	Çekirdeği onar.
149	Çekirdek onarıldı.
150	Hepsi birden · çöküş
151	Çekirdek Kıvılcım'ını çağırıyor.
152	Karanlıkta deşarjlar.
153	Çekirdek seni ileri çekiyor.
154	Çekirdeğin kilidi yakında.
155	Hepsi birden. Yaklaştın.
156	ÇEKİRDEK ÇÖKÜŞÜ. Merkeze ulaş.
157	⚠ ÇEKİRDEK: KRİTİK DURUM
158	⚠ DEŞARJLAR!
159	⚠ HIZLANMA
160	⚠ ÇÖKÜŞ!
161	Sonsuz koşu ·
162	Çekirdek elle kapatıldı. Saat 03:17'de.
163	Bulut Yiyen, Çekirdekten sızan ışıktır.
164	Giriş A-1 anahtarıyla yapıldı.
165	A-1, Çekirdeğin yaratıcısı Mimar'ın anahtarı.
166	A-1 laboratuvarı aceleyle terk edilmiş.
167	A-1'in son sinyali Gök Bölgesi'nden geldi.
168	Mimar: sese güvenme.
169	A-1 anahtarı, Mimar artık yokken kullanıldı.
170	Çekirdeğin kilidini sadece Kıvılcım açar.
171	A-1 anahtarını ORA taklit etti.
172	SİSTEM ARIZASI
173	ÇEKİRDEKLE BAĞLANTI KOPTU
174	ORA: Kıvılcımlar birer birer sönüyor…
175	ORA: Sen sonuncususun, Bulbik.
176	Çekirdeği bul.
177	Ben mi… bir Kıvılcım?
178	BAŞLA
179	BAHÇE ENERJİSİ: %61
180	ORA: Dengeleyiciler sönüyor.
181	ORA: Platformlar süzülecek — sıkı tutun.
182	Tutunuyorum!
183	ÇEKİRDEK KAYDI: ELLE KAPATILDI
184	ORA: Bu bir kaza değil. Bilerek yapıldı.
185	Ama kim?
186	Ama bulutlarda bir şey uyandı…
187	ORA: Bu Bulut Yiyen. Işık yiyor…
188	ORA: …ve senin peşinde.
189	Benim mi?!
190	ŞEHİR AĞI: KOPUK
191	ORA: Kopuk hatlar yıldırım saçıyor.
192	ORA: Platformunu dikkatle seç.
193	Görüyorum!
194	ERİŞİM ANAHTARI: A-1
195	ORA: A-1… Bu Mimar'ın anahtarı.
196	ORA: Çekirdeği yaratanın.
197	Mimar mı?
198	İZ REAKTÖRE GİDİYOR
199	ORA: Kaza gecesi ortadan kayboldu.
200	ORA: Onu bul.
201	Bulacağım!
202	SICAKLIK: KRİTİK
203	ORA: Reaktörü bilerek zorlamışlar.
204	ORA: Biri izlerini silmiş.
205	Sıcak!
206	A-1 LABORATUVARI: BOŞ
207	ORA: Kaçtı. Suçlular hep kaçar.
208	Ama nereye?
209	Reaktör soğuyacak.
210	ORA: Sinyali Gökte.
211	Onu bulacağım.
212	HAVA İSTASYONU: ARIZA
213	ORA: Rüzgar ve karanlık.
214	ORA: Durma, Kıvılcım.
215	Soğuk…
216	A-1 KAYDI · HASARLI
217	MİM: Bunu duyuyorsan…
218	MİM: …sese güvenme.
219	Hangi sese?
220	ORA: Garip bir kayıt. Herhalde arıza.
221	ORA: Çekirdek yakında. Acele et.
222	Burada bir şeyler ters…
223	ÇEKİRDEK: %12 GÜÇ
224	Kıvılcım'ını duyuyor.
225	Beni çağırıyor!
226	ÇEKİRDEK KİLİDİ: KAPALI
227	ORA: Onu sadece Kıvılcım açabilir.
228	ORA: Sadece sen.
229	Sadece ben mi?
230	ÇEKİRDEK ONARILDI
231	ORA!: Teşekkürler, Kıvılcım.
232	ORA!: Tek başıma açamıyordum.
233	ORA!: Artık Çekirdek benim.
234	BAĞLANTI KOPTU
235	ORA?!
236	YENİ: KIVILCIM AVI
237	ORA: Çekirdek sinyal yolluyor — günde 3 parça.
238	ORA: Işınlı mavi diskleri ara.
239	ORA: Üçünü de topla — Çekirdek seni ödüllendirecek.
240	İlerleme — GÖREVLER'de
241	Arıyorum!
242	YENİ: ÇEKİRDEK ONARIMI
243	ORA: Koşular ve görevler Çekirdeğe enerji verir.
244	ORA: Haftada yedi ödül, sandıklara kadar.
245	ORA: Her gün oyna — seri daha fazlasını verir.
246	Ödüller — GÖREVLER'de
247	Her gün!
248	YENİ: KIVILCIM GÜNCESİ
249	ORA: Çekirdek her başarını hatırlar.
250	ORA: Her kayıt için bir ödül.
251	GÖREVLER → 🏆 GÜNCE
252	Alıyorum!
253	ORA
254	MİMAR · KAYIT
255	⚠  SİSTEM UYARISI  ⚠
256	{}ANI {} · ÇEKİRDEK KAYDI
257	YENİ
258	Dünya hikâyesi tamam
259	Enerji onarıldı
260	Sandık alındı
261	Anı bulundu
262	Açıldı:
263	DÜNYA
264	 ONARILDI
265	DEVAM EDECEK
266	ORA AĞDA. MİMAR NEREDE?
267	İLERİ
268	ANI {}  ·  {} {}
269	🔒 Henüz bulunmadı
270	ÇEKİRDEK KAYDI
271	ÇEKİRDEĞİ KİM KAPATTI?  ·  {}/{}
272	Bir koşuda {} PERFECT
273	Kombo ×{}
274	Fever {} kez
275	Bir koşuda {} kez Fever
276	Fever'da {} sn
277	Fever'da {} m
278	{} m koş
279	Bir koşuda {} m
280	Kalkansız {} m
281	{} {} topla
282	Bir koşuda {} {}
283	jeton
284	Havada {} jeton
285	elmas
286	elmas
287	elmas
288	yüksek zıplama
289	yüksek zıplama
290	yüksek zıplama
291	hareketli platform
292	hareketli platform
293	hareketli platform
294	Hareketlilerde {} PERFECT
295	uzun platform
296	uzun platform
297	uzun platform
298	{} kez atılım
299	Kalkanı {} kez aç
300	Kalkan {} kez kurtarır
301	Çift zıplama {} kez kurtarır
302	{} {} atlat
303	yıldırım
304	yıldırım
305	Yıldırımlar altında {} m
306	Çılgın hızda {} m
307	Rüzgara karşı {} m
308	Karanlıkta {} m
309	Bulut Bahçesi'nde {} m
310	Neon Şehir'de {} m
311	Reaktörde {} m
312	Gök Bölgesi'nde {} m
313	Merkez Çekirdekte {} m
314	Bir hikâye seviyesi geç
315	{} hikâye {} geç
316	seviyesi
317	seviyesi
318	seviyesi
319	{} {} oyna
320	koşu
321	koşu
322	koşu
323	🔷 GÖREV TAMAM
324	ahşap sandık
325	kristal sandık
326	efsane sandık
327	anahtar
328	anahtar
329	anahtar
330	çekirdek
331	çekirdek
332	çekirdek
333	parça
334	parça
335	parça
336	ORA: Çekirdeğin eski sinyalinden kırıntılar yakalıyorum.
337	ORA: Bir kırıntı daha. Sinyal… garip.
338	ORA: Bu sinyal benden yaşlı.
339	ORA: Ona aldırma, Kıvılcım.
340	🔷 SİNYAL PARÇASI {}/3
341	📡 ÇEKİRDEK SİNYALİ TOPLANDI!
342	KOŞU
343	İlk Adımlar
344	Toplam 1.000 m koş
345	Maratoncu
346	Toplam 10.000 m koş
347	Çekirdeğe Yol
348	Toplam 50.000 m koş
349	Isınma
350	Bir koşuda 300 m
351	Uzun Yolcu
352	Bir koşuda 800 m
353	Durdurulamaz
354	Bir koşuda 1.500 m
355	Çaylak
356	10 koşu oyna
357	Müdavim
358	100 koşu oyna
359	Pistin Efsanesi
360	500 koşu oyna
361	İSABET
362	Tam isabet!
363	Toplam 100 PERFECT
364	Keskin Nişancı
365	Toplam 1.000 PERFECT
366	Kusursuz
367	Toplam 5.000 PERFECT
368	USTALIK
369	İlk Uçuş
370	Bir çatıya uç
371	Çatı Sakini
372	Toplam 25 kez çatıya uç
373	Çatıların Kralı
374	Toplam 100 kez çatıya uç
375	İlk Deşarj
376	Fever aç
377	Aşırı Yük
378	Toplam 50 kez Fever
379	Canlı Yıldırım
380	Toplam 10 dakika Fever'da
381	HAZİNELER
382	Kumbara
383	Toplam 2.000 jeton topla
384	Haznedar
385	Toplam 25.000 jeton topla
386	Altın Yağmuru
387	Bir koşuda 500 jeton
388	Yıldız Avcısı
389	Toplam havada 300 jeton
390	Elmas Pırıltısı
391	Toplam 100 elmas topla
392	Hazine Avcısı
393	25 sandık aç
394	Sörfçü
395	Toplam 200 hareketli platform
396	Uzun Yol
397	Toplam 300 uzun platform
398	Kanguru
399	Toplam 100 yüksek zıplama
400	Koruyucu Melek
401	Kalkan toplam 10 kez kurtarır
402	İkinci Nefes
403	Çift zıplama toplam 10 kez kurtarır
404	Paratoner
405	Toplam 100 yıldırım atlat
406	Mühendis
407	Toplam 15 modül seviyesi
408	Modül Ustası
409	Bir modülü sonuna kadar geliştir
410	HİKÂYE
411	Bahçeden Çıkış
412	Bulut Bahçesi'ni geç
413	Neon Işıklar
414	Neon Şehir'i geç
415	Sıcak Kalp
416	Reaktörü geç
417	Bulutların Üstünde
418	Gök Bölgesi'ni geç
419	Çekirdeğin Gerçeği
420	Tüm hikâyeyi geç
421	Hafıza Bekçisi
422	Çekirdeğin tüm anılarını bul
423	ÇEKİRDEK
424	İlk Rezonans
425	Rezonans ×5'e ulaş
426	Derin Rezonans
427	Rezonans ×15'e ulaş
428	Çekirdeğin Kalbi
429	Rezonans ×30'a ulaş
430	Sinyal Avcısı
431	Çekirdek sinyalini 7 kez topla
432	Kıvılcım'a Sadakat
433	Art arda 7 günlük seri
434	Bulbik
435	Buzlu
436	Neon
437	Altın
438	Reaktör
439	Rezonatör
440	Gölge
441	Nükleer
442	Gökkuşağı
443	YENİ · GÜNCE
444	★ ÖZEL
445	✓ SEÇİLİ
446	SEÇ
447	📺 5/5 · İNDİRİM!
448	GARDIROP
449	{}/{} · jeton · Günce · ★ jeton+reklam
450	📺 İndirim! {} artık {}
451	📺 {}/{} — {} fiyatı için {} daha
452	{} jeton eksik
453	 · ya da 📺 indirim
454	🐸 {} artık senin!
455	🔒 Günce: «{}» — {}
456	JETONLAR
457	Laboratuvar, kostümler, izler ve mağaza
458	Platformlarda ve havada jetonlar
459	Mesafe bonusları ve perde finalleri
460	Günlük görevler, rezonans, hafta
461	Sandıklar
462	ÇEKİRDEKLER
463	Modül seviyesi 4–5 · 100 çekirdek → 1 anahtar
464	💎 Platformlardaki elmaslar: her 4 = 1 çekirdek
465	Sandıklar: ahşap 1, kristal 4, efsane 12
466	Görevler, Çekirdek rezonansı, hafta
467	PARÇALAR
468	Laboratuvarda modül geliştirme
469	Sandıklar — en çok efsanelerde
470	Kıvılcım avı: günde 3 disk
471	Günlük görevler ve Çekirdek rezonansı
472	ÇEKİRDEK ANAHTARLARI
473	Düştükten sonra koşuya devam et
474	Mağaza: jetonla ya da reklamla (günde 3)
475	100 çekirdek → 1 anahtar takası
476	Efsane sandıklar, hafta ve gün serisi
477	PARALAR NEREDEN GELİR
478	kapatmak için dokun
479	 km
480	 m
481	Koşular
482	Kazanılan jeton
483	Toplanan parça
484	Açılan sandık
485	Toplanan çekirdek
486	En iyi skor
487	En uzun koşu
488	Toplam mesafe
489	Kostümler
490	SEVİYE
491	Günce: {}/{} · modüller: {}/{}
492	DİL
493	PROFİL
494	oyunda yaptığın her şey
495	🌐 DİL
496	KOSTÜMLER
497	Kıvılcımlar
498	Kar taneleri
499	Alev
500	Neon
501	Gökkuşağı
502	koşuya devam et
503	Çekirdek Anahtarı
504	3 Çekirdek Anahtarı
505	1.500 jeton tasarruf
506	Çekirdeğe anahtar
507	Takas: 100 çekirdek → 1 anahtar
508	YEDEK KALKANLAR
509	çift dokun · koşu başına bir
510	Kalkan
511	Yedek kalkan şarjı
512	5 kalkan
513	300 jeton tasarruf
514	GÜÇLENDİRİCİLER
515	sonraki koşu için
516	Atılım 200 m
517	Koşu başında otopilot
518	Atılım 500 m
519	Başta uzun otopilot
520	Çift jeton
521	Koşudaki tüm jetonlar ×2
522	Rezonans +2
523	Bir koşu için puan çarpanı +2
524	SANDIKLAR
525	SANDIKLAR bölümünde açılır
526	Ahşap sandık
527	Jeton, çekirdek ve parça
528	Kristal sandık
529	Daha çok parça · anahtar şansı
530	Efsane sandık
531	Bol parça · 72 saatte bir
532	ZIPLAMA İZLERİ
533	her zıplamada görünür
534	Uçarken Bulbik'in ardında bir iz
535	Sonraki koşu için zaten aktif
536	Atılım sonraki koşu için zaten alındı
537	{} çekirdek eksik
538	Sandık SANDIKLAR'da bekliyor
539	Sonraki koşuda geçerli
540	İz seçildi!
541	Satın alındı!
542	Reklam yüklenmedi — tekrar dene
543	bugün {}/{}
544	yarın
545	hazır!
546	Reklamla anahtar — günde 3 kez. Yarın gel
547	Reklamla efsane sandık — {} sonra
548	Reklamla — günde {}. Yarın gel
549	Reklamla alındı!
550	🚀 ATILIM {} m
551	💰 JETON ×2
552	🔷 REZONANS +2
553	🎮 KONTROL SENDE!
554	✓ AKTİF
555	MAĞAZA
556	🛡 yedek: {}
557	🚀 güçlendiriciler koşuyu bekliyor
558	jeton → anahtar, kalkan, güçlendirici, sandık, iz
559	Yeşil
560	Klasik Bulbik
561	Mavi
562	🧲 Mıknatıs: jetonlar sana uçar
563	Pembe
564	💗 Koşu başına bir kez +1 can
565	Mor
566	🎯 PERFECT penceresi +%30
567	💰 Jeton x2
568	🌈 GOOD komboyu bozmaz
569	☀️ Güneşli
570	☁️ Bulutlu
571	🌙 Gece
572	⭐ Uzay
573	🌧️ Yağmurlu
574	🌅 Gün batımı
575	🌫️ Sis
576	🔷 Geometri
577	🌀 Sarmal
578	🎨 Pop Art
579	🔶 Retro
580	⚡ Neo
581	✨ Minimal
582	🎒 JETPACK!
583	⬇ ASANSÖR AŞAĞIDA!
584	💥 DUVAR!
585	🚀 ÇATI ◀   ▶ ZEMİN
586	ZEMİN ◀   ▶ 🚀 ÇATI
587	⬇ ÇATI ÇÖKTÜ
588	KOŞ!
589	💗 CAN!
590	💔 FEVER GİTTİ!
591	🚀 ÇATIYA!
592	💀 TUZAK!
593	✅ GÜVENLİ!
594	⚠️ ÇATLAKLAR!
595	👻 KAYBOLUYOR!
596	❄️ KAYGAN!
597	🔺 ZIPLA!
598	⚡ HIZ!
599	⬇️ DÜŞÜYOR!
600	🎰 🛡️ +1 KALKAN
601	🎰 🧲 MIKNATIS!
602	🎰 BÜYÜK İKRAMİYE! +
603	🌀 ÇİFT ZIPLAMA!
604	🛡 FEVER KORUNDU!
605	YAKALADIN!
606	🌟 İNANILMAZ!
607	FAZLA UZUN! +
608	KESTİRME! +hız
609	🛡️ +1 KALKAN
610	🧲 MIKNATIS!
611	🔷 REZONANS ×2!
612	🌟 SÜPER!
613	💠 +1 ÇEKİRDEK
614	🛡️ KALKAN!
615	🎒 İNİŞ
616	🏆 YENİ REKOR!
617	Hiç bu kadar uzağa gitmemiştin.
618	🛡 KALKAN HAZIR · ÇİFT DOKUN
619	🔷 ×2 BİTTİ
620	🌀 KORUMA {} sn KALDI
621	🌀 KORUMA BİTTİ
622	🏰 KALE YANDI +15
623	🏆 REKOR
624	🏃 KAÇ!
625	Nişan için basılı tut ve kaydır →
626	Platformlarda zıpla!
627	Bugün gökkuşağı yanmadı.
628	Bulut Yiyen kalelerin ışığını yedi…
629	…ve onu ufkun ötesine sürükledi. İz hâlâ parlıyor.
630	dokun — geç
631	⚠  ÇEKİRDEK KARARSIZ  ⚠
632	⚠  BULUT YİYEN YAKINDA  ⚠
633	REZONANS
634	KOMBO
635	REZONANS ×2 · güçlendirici
636	Tüm puanlar {} sn daha çift sayılır. Daha uzun — Laboratuvarda
637	MIKNATIS · kendi çalışır
638	Yan şeritlerden {} sn daha jeton çeker. Daha uzun — Laboratuvarda
639	KALKAN · ekrana çift dokun
640	Kalkanlar sadece mağazadan, koşu başına bir. Yedek: {}
641	ÇİFT ZIPLAMA · koruma
642	Koşu başında {} sn daha düşmekten kurtarır. Daha uzun — Laboratuvarda
643	 sn
644	DURAKLAT
645	{} {} · {} m
646	▶  DEVAM
647	MENÜYE ÇIK
648	🚀 OTOPİLOT · {} m kaldı
649	KONTROL
650	⚡ ATILIM
651	🏆 REKOR
652	🛡 ÇİFT DOKUN — KALKAN
653	Parmağını kaydır
654	ÇEKİRDEĞİ KİM KAPATTI?
655	OYNA
656	HİKÂYE · ÇEKİRDEK ENERJİSİ %{}
657	DEVAM EDECEK…
658	REKOR
659	EN UZAK
660	LABORATUVAR
661	GÖREVLER
662	Koşu için yeni dünyalar Hikâye'de açılır
663	📺 REKLAM
664	burada gerçek reklam olacak
665	{} {} Çekirdek gerekli
666	KOŞU BİTTİ
667	DÜNYA SINAVI {}
668	SEVİYE {}-{}
669	İlk geçiş · +{} jeton
670	Yeniden geçildi
671	Bitişe: {}/{} m
672	🏆 YENİ REKOR
673	🏆 MESAFE REKORU
674	🔥 Seri {} {}
675	gün
676	gün
677	gün
678	🏆 Kıvılcım Güncesi: +{} {}
679	kayıt
680	kayıt
681	kayıt
682	PUAN  ·  REKOR {}
683	MESAFE
684	bonus +{}
685	  ·  açıldı {}
686	⬆ YENİ SEVİYE {}!{}
687	🔷 ÇEKİRDEK REZONANSI
688	YENİ RÜTBE!
689	{}/3 · ×{} puan
690	Ödül:
691	 · en fazla ×30
692	+{} {} · AÇ ▶
693	sandık
694	sandık
695	sandık
696	Geliştirilebilir: {} ▶
697	KOŞUYA DEVAM?  ·  sende 🔑 {}
698	REKLAM
699	REKLAM
700	REKLAM
701	ANAHTAR
702	ANAHTAR
703	ANAHTAR
704	SONRAKİ SEVİYE
705	TEKRAR OYNA
706	DÜNYALAR   ·   MENÜ
707	ANA MENÜ
708	👼 DİRİLDİN!
709	← Geri
710	Başlangıç kalkanı
711	Koşuya kalkanla başla
712	Başta mıknatıs
713	Başta mıknatıs: Laboratuvar süresinin iki katı
714	Sonraki koşunun tamamında ×2 jeton
715	 g
716	 sa
717	 dk
718	kristal
719	✓ TAMAM
720	ÇEKİRDEK REZONANSI
721	görevler koşulardan oluşur
722	En yüksek rezonans
723	×{} için: {}/3 görev
724	 · puan çarpanı
725	KIVILCIM AVI
726	yeniler:
727	Bugünün Çekirdek sinyali toplandı
728	Platformlarda sinyal parçaları
729	 g
730	GÜNLÜK
731	ÇEKİRDEK ONARIMI · HAFTA
732	🔒 Oyunun üçüncü gününde açılır
733	Enerji: {}
734	🔥 Seri: {} {}
735	koşu +1 · görev +1 · günlük +2 · sinyal +3
736	AL
737	🏆 KIVILCIM GÜNCESİ · {}/{}
738	🐸 ödül olarak kostüm
739	✓ Günceye yazıldı
740	🏆 Tamam!
741	KIVILCIM GÜNCESİ
742	  ·  HAZIR: {}
743	🛒 MAĞAZA
744	Sonraki koşu için güçlendiriciler
745	✓ SONRAKİNDE
746	SATIN AL
747	SV
748	 · set tamam!
749	Sonraki: {} {} · sv. {}
750	Tüm modüller açık
751	SV {}/{}
752	Verir:
753	Şimdi:
754	Sonra:
755	🔒 Oyuncu seviyesinde açılır
756	★ MAKSİMUM
757	Gerekli
758	 oyuncu
759	GELİŞTİR
760	{} {} → seviye {}
761	Jeton yetmiyor — koşularda topla
762	Parça gerekli — sandıklardan düşer
763	Çekirdek gerekli — koşularda elmas ve sandıklar
764	AHŞAP
765	KRİSTAL
766	EFSANE
767	 jeton
768	 Çekirdek
769	 çekirdek
770	parçalar {}/{}
771	SANDIK ÇUBUĞU
772	Koşular ve hedefler çubuğu doldurur · efsane {} içinde garanti
773	AÇ
774	Parçalar en çok ihtiyacı olan modüle gider
775	Maksimum modüllerin fazlası çekirdeğe dönüşür
776	 SANDIK
777	★ 10. sandık — efsaneye yükseldi!
778	Almak için dokun
779	KAPALI
780	ONARILDI
781	SÜRÜYOR
782	AÇIK
783	🔒 Açmak için {}. dünyayı onar
784	DÜNYALAR
785	📜 ÇEKİRDEK KAYDI · {}/{}
786	👾 KOSTÜMLER
787	👾 Karakterler
788	🌤️ Gökyüzü
789	✅ Seçildi
790	Dokun
791	{} g
792	{} sa
793	{} dk
794	{} g
795	{} sn
796	{} m
797	{} km
798	Reklam yükleniyor — birkaç saniye bekle
799	Sonraki reklam kendiliğinden başlar
