0	QUÁ ĐÀ!
1	VƯỜN MÂY
2	Cầu vồng đã tắt. Kẻ Ăn Mây kéo ánh sáng ra sau chân trời.
3	ĐÈO GIÓ
4	Cơn gió này là hơi thở của hắn. Bạn đang bám theo dấu vết.
5	GIÔNG BÃO
6	Bạn đã đuổi kịp hắn. Hắn đang chống trả.
7	BẦU TRỜI ĐÊM
8	Hắn đã nuốt gần hết ánh sáng. Hãy bám sát.
9	DÒNG SAO
10	Bạn đang ở trong hắn. Kia rồi — những ngôi sao bị đánh cắp.
11	Lõi gọi Tia Lửa!
12	Kẻ Ăn Mây tụt lại phía sau!
13	Tia Lửa sáng hơn!
14	Về nhà đi, ếch. Bầu trời giờ là của ta.
15	Vậy thì ta sẽ lấy lại.
16	Ngươi không trụ nổi cơn bão.
17	Ta đã trụ qua Khu Vườn không ánh sáng của ngươi.
18	Thấy chưa? Không có gì. Chẳng có gì để bám vào.
19	Có đấy. Một dấu vết.
20	…sao ngươi vào được đây?
21	Chạy.
22	👹 KẺ ĂN MÂY ĐANG ĐUỔI KỊP!
23	👹 KẺ ĂN MÂY ĐÃ CƯỚP {} {}!
24	xu
25	xu
26	xu
27	✨ THOÁT RỒI! +🎁 RƯƠNG
28	MỤC BIÊN NIÊN MỚI
29	🐸 Trang phục mới:
30	👹 CHẠY TRỐN · PERFECT {}/{} · {}giây
31	⛈ KẺ ĂN MÂY NỔI GIẬN!
32	✨ ĐẨY LÙI ĐÒN TẤN CÔNG! +40
33	⚠ LÕI BẤT ỔN
34	⚠ KẺ ĂN MÂY Ở GẦN
35	TRỤ VỮNG! +
36	⚡ NHẢY SANG BỆ KHÁC!
37	Gỗ
38	Đồng
39	Bạc
40	Vàng
41	Cầu vồng
42	🌟 {}M SỬ THI! 🌟
43	BƯỚC ĐẦU TIÊN!
44	ĐÃ GIÀNH LẠI 100 M TRỜI!
45	CÁC LÂU ĐÀI THẤY BẠN!
46	ĐÃ GIÀNH LẠI NỬA BẦU TRỜI!
47	MỘT NGHÌN MÉT TRỜI!
48	HUYỀN THOẠI KHU VƯỜN!
49	KẺ ĂN MÂY RUN RẨY!
50	Đạt 500 điểm trong một lượt
51	Chạy 200 m trong một lượt
52	15 PERFECT trong một lượt
53	Nhặt 40 xu trong một lượt
54	Đạt combo x10
55	Nhặt 4 kim cương trong một lượt
56	Chơi 3 lần hôm nay
57	Kích hoạt Fever 2 lần trong một lượt
58	{} NHIỆM VỤ! {}
59	NAM CHÂM
60	Nam châm kéo dài 6 giây
61	Nam châm kéo dài 8 giây
62	Nam châm kéo dài 10 giây
63	Nam châm kéo dài 12 giây
64	Nam châm kéo dài 15 giây và hút cả hàng kế tiếp
65	KHIÊN
66	Khiên từ cửa hàng: chạm đúp, kéo dài 5 giây
67	Khiên kéo dài 6 giây
68	Khiên kéo dài 7 giây
69	Khiên kéo dài 8 giây
70	Khiên kéo dài 10 giây
71	LAO NHANH
72	Lao nhanh tự bay 1 giây
73	Lao nhanh kéo dài 1.5 giây
74	Lao nhanh kéo dài 2 giây
75	Lao nhanh kéo dài 2.5 giây
76	Lao nhanh kéo dài 3 giây
77	LÕI FEVER
78	Fever sau 5 PERFECT
79	Fever sau 4 PERFECT
80	4 PERFECT · 2 lần trượt trong Fever
81	3 PERFECT · xu ×3 trong Fever
82	3 PERFECT · 3 lần trượt · ×3
83	NHẢY KÉP
84	Bảo vệ đầu lượt: 5 giây cứu khỏi rơi
85	Bảo vệ 7 giây
86	Bảo vệ 9 giây
87	Bảo vệ 11 giây
88	Bảo vệ 13 giây
89	CỘNG HƯỞNG ×2
90	Tăng cường ×2 trên bệ kéo dài 6 giây
91	Tăng cường ×2 kéo dài 8 giây
92	Tăng cường ×2 kéo dài 10 giây
93	Tăng cường ×2 kéo dài 12 giây
94	Tăng cường ×2 kéo dài 15 giây
95	THƯỞNG THÊM
96	+15% xu và lõi mỗi lượt
97	×2 phần thưởng
98	Mở khóa ở cấp
99	TỐI ĐA
100	Cần cấp
101	Cơ bản: PERFECT, combo và Fever
102	Mới: gió đẩy sang ngang
103	Mới: sét đánh vỡ bệ
104	Mới: bóng tối — chỉ thấy gần
105	Mới: tốc độ điên cuồng
106	🏆 VƯỢT THỬ THÁCH!
107	🏁 QUA MÀN!
108	Tìm hiểu chuyện gì đã xảy ra với Lõi.
109	Khu Vườn lại sáng lên.
110	Cơ bản · bệ di động
111	Buổi sáng ở Vườn Mây. Tia lửa đang tắt dần.
112	Bộ ổn định đang yếu đi.
113	Các bệ trôi — giữ nhịp.
114	Một dấu vết trong nhật ký Lõi.
115	Thứ gì đó tối tăm đang lớn lên trong mây.
116	Khôi phục Nút Năng Lượng của Vườn.
117	THÀNH PHỐ NEON
118	Lần theo chìa khóa truy cập.
119	Đã tìm thấy chìa A-1.
120	Sét · bệ di động
121	Một thành phố không ánh sáng.
122	Dây điện đứt phóng sét.
123	Tìm xem ai đã vào mạng lưới.
124	Chìa khóa truy cập ở gần.
125	Kẻ Ăn Mây đang theo sau.
126	Khôi phục Nút Năng Lượng Thành Phố.
127	KHU LÒ PHẢN ỨNG
128	Tìm phòng thí nghiệm của Kiến Trúc Sư.
129	Đã tìm thấy phòng thí nghiệm.
130	Nhiệt · tốc độ cao
131	Lò phản ứng bị ép chạy. Nóng và nhanh.
132	Đừng dừng lại — ở đây nóng lắm.
133	Có kẻ đã xóa dấu vết.
134	Phòng thí nghiệm A-1 ở gần.
135	Lò phản ứng đã tới giới hạn.
136	Làm mát Nút Lò Phản Ứng.
137	KHU THIÊN KHÔNG
138	Tìm tín hiệu của Kiến Trúc Sư.
139	Đã tìm thấy bản ghi của Kiến Trúc Sư.
140	Gió · bóng tối
141	Trạm thời tiết bị hỏng.
142	Gió đẩy sang ngang.
143	Bóng tối và gió cùng lúc.
144	Tín hiệu A-1 yếu ớt.
145	Bão trên khu vực.
146	Đến trạm liên lạc.
147	LÕI TRUNG TÂM
148	Khôi phục Lõi.
149	Lõi đã được khôi phục.
150	Tất cả cùng lúc · sụp đổ
151	Lõi gọi Tia Lửa của nó.
152	Phóng điện trong bóng tối.
153	Lõi kéo bạn về phía trước.
154	Ổ khóa của Lõi ở gần.
155	Tất cả cùng lúc. Bạn đã gần rồi.
156	LÕI SỤP ĐỔ. Đến trung tâm.
157	⚠ LÕI: NGUY KỊCH
158	⚠ PHÓNG ĐIỆN!
159	⚠ TĂNG TỐC
160	⚠ SỤP ĐỔ!
161	Chạy vô tận ·
162	Lõi bị tắt bằng tay. Lúc 03:17.
163	Kẻ Ăn Mây là ánh sáng rò rỉ từ Lõi.
164	Đăng nhập bằng chìa A-1.
165	A-1 là chìa của Kiến Trúc Sư, người tạo ra Lõi.
166	Phòng thí nghiệm A-1 bị bỏ lại vội vàng.
167	Tín hiệu cuối của A-1 đến từ Khu Thiên Không.
168	Kiến Trúc Sư: đừng tin giọng nói.
169	Chìa A-1 được dùng khi Kiến Trúc Sư đã không còn.
170	Chỉ Tia Lửa mở được ổ khóa của Lõi.
171	ORA đã làm giả chìa A-1.
172	LỖI HỆ THỐNG
173	MẤT KẾT NỐI VỚI LÕI
174	ORA: Tia lửa tắt từng cái một…
175	ORA: Bạn là người cuối cùng, Bulbik.
176	Tìm Lõi.
177	Mình… là Tia Lửa?
178	BẮT ĐẦU
179	NĂNG LƯỢNG VƯỜN: 61%
180	ORA: Bộ ổn định đang tắt.
181	ORA: Các bệ sẽ trôi — bám chắc nhé.
182	Bám chắc rồi!
183	NHẬT KÝ LÕI: TẮT BẰNG TAY
184	ORA: Đây không phải tai nạn. Là cố ý.
185	Nhưng là ai?
186	Nhưng có thứ gì đó đã thức dậy trong mây…
187	ORA: Đó là Kẻ Ăn Mây. Hắn ăn ánh sáng…
188	ORA: …và đang đuổi theo bạn.
189	Theo mình á?!
190	MẠNG THÀNH PHỐ: ĐỨT
191	ORA: Dây điện đứt phóng sét.
192	ORA: Chọn bệ cẩn thận nhé.
193	Thấy rồi!
194	CHÌA TRUY CẬP: A-1
195	ORA: A-1… Đó là chìa của Kiến Trúc Sư.
196	ORA: Người đã tạo ra Lõi.
197	Kiến Trúc Sư?
198	DẤU VẾT DẪN TỚI LÒ PHẢN ỨNG
199	ORA: Ông ấy biến mất trong đêm xảy ra tai nạn.
200	ORA: Hãy tìm ông ấy.
201	Mình sẽ tìm!
202	NHIỆT ĐỘ: NGUY KỊCH
203	ORA: Lò phản ứng bị ép chạy cố ý.
204	ORA: Có kẻ đã xóa dấu vết.
205	Nóng quá!
206	PHÒNG THÍ NGHIỆM A-1: TRỐNG
207	ORA: Ông ta đã bỏ trốn. Kẻ có tội luôn bỏ trốn.
208	Nhưng đi đâu?
209	Lò phản ứng sẽ nguội.
210	ORA: Tín hiệu của ông ấy ở trên Trời.
211	Mình sẽ tìm ra ông ấy.
212	TRẠM THỜI TIẾT: LỖI
213	ORA: Gió và bóng tối.
214	ORA: Đừng dừng lại, Tia Lửa.
215	Lạnh quá…
216	BẢN GHI A-1 · HƯ HỎNG
217	KTS: Nếu bạn nghe được điều này…
218	KTS: …đừng tin giọng nói.
219	Giọng nói nào?
220	ORA: Bản ghi lạ. Chắc là lỗi.
221	ORA: Lõi ở gần rồi. Nhanh lên.
222	Có gì đó không ổn…
223	LÕI: 12% CÔNG SUẤT
224	Nó nghe thấy Tia Lửa của mình.
225	Nó đang gọi mình!
226	Ổ KHÓA LÕI: ĐÓNG
227	ORA: Chỉ Tia Lửa mới mở được.
228	ORA: Chỉ có bạn.
229	Chỉ có mình?
230	LÕI ĐÃ KHÔI PHỤC
231	ORA!: Cảm ơn, Tia Lửa.
232	ORA!: Một mình tôi không mở được.
233	ORA!: Giờ Lõi là của tôi.
234	MẤT KẾT NỐI
235	ORA?!
236	MỚI: SĂN TIA LỬA
237	ORA: Lõi phát tín hiệu — 3 mảnh mỗi ngày.
238	ORA: Tìm những đĩa xanh có tia sáng.
239	ORA: Gom đủ cả ba — Lõi sẽ đền đáp.
240	Tiến độ — trong NHIỆM VỤ
241	Đi tìm thôi!
242	MỚI: SỬA LÕI
243	ORA: Các lượt chạy và nhiệm vụ cho Lõi năng lượng.
244	ORA: Bảy phần thưởng mỗi tuần, có cả rương.
245	ORA: Chơi mỗi ngày — chuỗi ngày cho nhiều hơn.
246	Phần thưởng — trong NHIỆM VỤ
247	Mỗi ngày!
248	MỚI: BIÊN NIÊN TIA LỬA
249	ORA: Lõi nhớ mọi chiến công của bạn.
250	ORA: Mỗi mục là một phần thưởng.
251	NHIỆM VỤ → 🏆 BIÊN NIÊN
252	Nhận đây!
253	ORA
254	KIẾN TRÚC SƯ · BẢN GHI
255	⚠  CẢNH BÁO HỆ THỐNG  ⚠
256	{}KÝ ỨC {} · NHẬT KÝ LÕI
257	MỚI
258	Đã xong cốt truyện thế giới
259	Năng lượng đã khôi phục
260	Đã nhận rương
261	Đã tìm thấy ký ức
262	Đã mở:
263	THẾ GIỚI
264	 ĐÃ KHÔI PHỤC
265	CÒN TIẾP
266	ORA Ở TRONG MẠNG. KIẾN TRÚC SƯ Ở ĐÂU?
267	TIẾP
268	KÝ ỨC {}  ·  {} {}
269	🔒 Chưa tìm thấy
270	NHẬT KÝ LÕI
271	AI ĐÃ TẮT LÕI?  ·  {}/{}
272	{} PERFECT trong một lượt
273	Combo ×{}
274	Fever ×{}
275	Fever ×{} trong một lượt
276	{} giây trong Fever
277	{} m trong Fever
278	Chạy {} m
279	{} m trong một lượt
280	{} m không khiên
281	Nhặt {} {}
282	{} {} trong một lượt
283	xu
284	{} xu trên không
285	kim cương
286	kim cương
287	kim cương
288	cú nhảy cao
289	cú nhảy cao
290	cú nhảy cao
291	bệ di động
292	bệ di động
293	bệ di động
294	{} PERFECT trên bệ di động
295	bệ dài
296	bệ dài
297	bệ dài
298	Lao nhanh ×{}
299	Bật khiên ×{}
300	Khiên cứu bạn ×{}
301	Nhảy kép cứu bạn ×{}
302	Né {} {}
303	tia sét
304	tia sét
305	{} m dưới sét
306	{} m ở tốc độ điên cuồng
307	{} m ngược gió
308	{} m trong bóng tối
309	{} m ở Vườn Mây
310	{} m ở Thành phố Neon
311	{} m ở Lò Phản Ứng
312	{} m ở Khu Thiên Không
313	{} m ở Lõi Trung Tâm
314	Qua một màn cốt truyện
315	Qua {} {} cốt truyện
316	màn
317	màn
318	màn
319	Chơi {} {}
320	lượt
321	lượt
322	lượt
323	🔷 HOÀN THÀNH NHIỆM VỤ
324	rương gỗ
325	rương pha lê
326	rương sử thi
327	chìa khóa
328	chìa khóa
329	chìa khóa
330	lõi
331	lõi
332	lõi
333	mảnh
334	mảnh
335	mảnh
336	ORA: Tôi bắt được mảnh vụn của tín hiệu cũ của Lõi.
337	ORA: Thêm một mảnh. Tín hiệu… lạ quá.
338	ORA: Tín hiệu này cũ hơn cả tôi.
339	ORA: Đừng để ý nó, Tia Lửa.
340	🔷 MẢNH TÍN HIỆU {}/3
341	📡 ĐÃ GOM TÍN HIỆU LÕI!
342	CHẠY
343	Bước đầu tiên
344	Chạy tổng cộng 1.000 m
345	Vận động viên marathon
346	Chạy tổng cộng 10.000 m
347	Đường tới Lõi
348	Chạy tổng cộng 50.000 m
349	Khởi động
350	300 m trong một lượt
351	Chạy đường dài
352	800 m trong một lượt
353	Không thể cản
354	1.500 m trong một lượt
355	Tân binh
356	Chơi 10 lượt
357	Khách quen
358	Chơi 100 lượt
359	Huyền thoại đường chạy
360	Chơi 500 lượt
361	CHÍNH XÁC
362	Trúng đích!
363	Tổng cộng 100 PERFECT
364	Xạ thủ
365	Tổng cộng 1.000 PERFECT
366	Hoàn hảo
367	Tổng cộng 5.000 PERFECT
368	BẬC THẦY
369	Chuyến bay đầu
370	Bay lên mái nhà
371	Cư dân mái nhà
372	Bay lên mái tổng cộng 25 lần
373	Vua mái nhà
374	Bay lên mái tổng cộng 100 lần
375	Phóng điện đầu tiên
376	Kích hoạt Fever
377	Quá tải
378	Fever tổng cộng 50 lần
379	Tia sét sống
380	Tổng cộng 10 phút trong Fever
381	KHO BÁU
382	Heo đất
383	Nhặt tổng cộng 2.000 xu
384	Thủ quỹ
385	Nhặt tổng cộng 25.000 xu
386	Mưa vàng
387	500 xu trong một lượt
388	Người bắt sao
389	Tổng cộng 300 xu trên không
390	Lấp lánh kim cương
391	Nhặt tổng cộng 100 kim cương
392	Thợ săn kho báu
393	Mở 25 rương
394	Lướt ván
395	Tổng cộng 200 bệ di động
396	Đường dài
397	Tổng cộng 300 bệ dài
398	Chuột túi
399	Tổng cộng 100 cú nhảy cao
400	Thiên thần hộ mệnh
401	Khiên cứu bạn tổng cộng 10 lần
402	Hơi thở thứ hai
403	Nhảy kép cứu bạn tổng cộng 10 lần
404	Cột thu lôi
405	Né tổng cộng 100 tia sét
406	Kỹ sư
407	Tổng cộng 15 cấp mô-đun
408	Bậc thầy mô-đun
409	Nâng một mô-đun lên tối đa
410	CỐT TRUYỆN
411	Rời Khu Vườn
412	Qua Vườn Mây
413	Ánh đèn neon
414	Qua Thành phố Neon
415	Trái tim nóng
416	Qua Lò Phản Ứng
417	Trên những tầng mây
418	Qua Khu Thiên Không
419	Sự thật về Lõi
420	Qua toàn bộ cốt truyện
421	Người giữ ký ức
422	Tìm mọi ký ức của Lõi
423	LÕI
424	Cộng hưởng đầu tiên
425	Đạt Cộng hưởng ×5
426	Cộng hưởng sâu
427	Đạt Cộng hưởng ×15
428	Trái tim của Lõi
429	Đạt Cộng hưởng ×30
430	Thợ săn tín hiệu
431	Gom tín hiệu Lõi 7 lần
432	Trung thành với Tia Lửa
433	Chuỗi 7 ngày liên tiếp
434	Bulbik
435	Băng giá
436	Neon
437	Vàng
438	Lò phản ứng
439	Cộng hưởng
440	Bóng tối
441	Hạt nhân
442	Cầu vồng
443	MỚI · BIÊN NIÊN
444	★ ĐẶC BIỆT
445	✓ ĐANG DÙNG
446	CHỌN
447	📺 5/5 · GIẢM GIÁ!
448	TỦ ĐỒ
449	{}/{} · xu · Biên niên · ★ xu+quảng cáo
450	📺 Giảm giá! {} giờ chỉ còn {}
451	📺 {}/{} — còn {} để có giá {}
452	Thiếu {} xu
453	 · hoặc 📺 giảm giá
454	🐸 {} là của bạn!
455	🔒 Biên niên: «{}» — {}
456	XU
457	Phòng thí nghiệm, trang phục, vệt và cửa hàng
458	Xu trên bệ và trên không
459	Thưởng quãng đường và màn kết chương
460	Nhiệm vụ ngày, cộng hưởng, tuần
461	Rương
462	LÕI
463	Cấp mô-đun 4–5 · đổi 100 lõi → 1 chìa
464	💎 Kim cương trên bệ: mỗi 4 = 1 lõi
465	Rương: gỗ 1, pha lê 4, sử thi 12
466	Nhiệm vụ, cộng hưởng Lõi, tuần
467	MẢNH
468	Nâng cấp mô-đun trong Phòng thí nghiệm
469	Rương — nhiều nhất ở rương sử thi
470	Săn tia lửa: 3 đĩa mỗi ngày
471	Nhiệm vụ ngày và cộng hưởng Lõi
472	CHÌA KHÓA LÕI
473	Chạy tiếp sau khi rơi
474	Cửa hàng: bằng xu hoặc quảng cáo (3 lần/ngày)
475	Đổi 100 lõi → 1 chìa
476	Rương sử thi, tuần và chuỗi ngày
477	LẤY TIỀN TỆ Ở ĐÂU
478	chạm để đóng
479	 km
480	 m
481	Lượt chạy
482	Xu đã kiếm
483	Mảnh đã gom
484	Rương đã mở
485	Lõi đã gom
486	Điểm cao nhất
487	Lượt xa nhất
488	Tổng quãng đường
489	Trang phục
490	CẤP
491	Biên niên: {}/{} · mô-đun: {}/{}
492	NGÔN NGỮ
493	HỒ SƠ
494	mọi thứ bạn đã làm trong game
495	🌐 NGÔN NGỮ
496	TRANG PHỤC
497	Tia lửa
498	Bông tuyết
499	Ngọn lửa
500	Neon
501	Cầu vồng
502	chạy tiếp
503	Chìa khóa Lõi
504	3 Chìa khóa Lõi
505	Tiết kiệm 1.500 xu
506	Chìa đổi bằng lõi
507	Đổi: 100 lõi → 1 chìa
508	KHIÊN DỰ PHÒNG
509	chạm đúp · một lần mỗi lượt
510	Khiên
511	Lượt khiên dự phòng
512	5 khiên
513	Tiết kiệm 300 xu
514	TĂNG CƯỜNG
515	cho lượt chạy tiếp theo
516	Lao nhanh 200 m
517	Tự lái khi bắt đầu lượt
518	Lao nhanh 500 m
519	Tự lái dài khi bắt đầu
520	Xu gấp đôi
521	Mọi xu trong lượt ×2
522	Cộng hưởng +2
523	Hệ số điểm +2 cho một lượt
524	RƯƠNG
525	mở ở mục RƯƠNG
526	Rương gỗ
527	Xu, lõi và mảnh
528	Rương pha lê
529	Nhiều mảnh hơn · có thể ra chìa
530	Rương sử thi
531	Rất nhiều mảnh · 72 giờ một lần
532	VỆT NHẢY
533	thấy ở mỗi cú nhảy
534	Vệt sáng sau Bulbik khi bay
535	Đã bật cho lượt tiếp theo
536	Đã mua Lao nhanh cho lượt tiếp theo
537	Thiếu {} lõi
538	Rương đang chờ ở mục RƯƠNG
539	Có tác dụng ở lượt tiếp theo
540	Đã chọn vệt!
541	Đã mua!
542	Quảng cáo chưa tải — thử lại
543	{}/{} hôm nay
544	ngày mai
545	sẵn sàng!
546	Chìa bằng quảng cáo — 3 lần mỗi ngày. Mai quay lại nhé
547	Rương sử thi bằng quảng cáo — sau {}
548	Bằng quảng cáo — {} lần mỗi ngày. Mai quay lại nhé
549	Nhận được nhờ quảng cáo!
550	🚀 LAO NHANH {} m
551	💰 XU ×2
552	🔷 CỘNG HƯỞNG +2
553	🎮 BẠN ĐIỀU KHIỂN!
554	✓ ĐANG BẬT
555	CỬA HÀNG
556	🛡 dự phòng: {}
557	🚀 tăng cường đang chờ lượt chạy
558	xu → chìa, khiên, tăng cường, rương, vệt
559	Xanh lá
560	Bulbik cổ điển
561	Xanh dương
562	🧲 Nam châm: xu bay về phía bạn
563	Hồng
564	💗 +1 mạng mỗi lượt
565	Tím
566	🎯 Cửa sổ PERFECT +30%
567	💰 Xu x2
568	🌈 GOOD không phá combo
569	☀️ Nắng
570	☁️ Nhiều mây
571	🌙 Đêm
572	⭐ Vũ trụ
573	🌧️ Mưa
574	🌅 Hoàng hôn
575	🌫️ Sương mù
576	🔷 Hình học
577	🌀 Xoắn ốc
578	🎨 Pop Art
579	🔶 Cổ điển
580	⚡ Neo
581	✨ Tối giản
582	🎒 BALO PHẢN LỰC!
583	⬇ THANG MÁY Ở DƯỚI!
584	💥 BỨC TƯỜNG!
585	🚀 MÁI ◀   ▶ MẶT ĐẤT
586	MẶT ĐẤT ◀   ▶ 🚀 MÁI
587	⬇ MÁI ĐÃ SẬP
588	CHẠY!
589	💗 MẠNG!
590	💔 MẤT FEVER!
591	🚀 LÊN MÁI!
592	💀 BẪY!
593	✅ AN TOÀN!
594	⚠️ NỨT!
595	👻 BIẾN MẤT!
596	❄️ TRƠN!
597	🔺 NHẢY!
598	⚡ TĂNG TỐC!
599	⬇️ RƠI!
600	🎰 🛡️ +1 KHIÊN
601	🎰 🧲 NAM CHÂM!
602	🎰 TRÚNG LỚN! +
603	🌀 NHẢY KÉP!
604	🛡 GIỮ ĐƯỢC FEVER!
605	BÁM ĐƯỢC!
606	🌟 KHÔNG THỂ TIN!
607	QUÁ ĐÀ! +
608	ĐƯỜNG TẮT! +tốc độ
609	🛡️ +1 KHIÊN
610	🧲 NAM CHÂM!
611	🔷 CỘNG HƯỞNG ×2!
612	🌟 TUYỆT!
613	💠 +1 LÕI
614	🛡️ KHIÊN!
615	🎒 HẠ CÁNH
616	🏆 KỶ LỤC MỚI!
617	Bạn chưa bao giờ đi xa thế này.
618	🛡 KHIÊN SẴN SÀNG · CHẠM ĐÚP
619	🔷 ×2 KẾT THÚC
620	🌀 BẢO VỆ CÒN {} giây
621	🌀 HẾT BẢO VỆ
622	🏰 LÂU ĐÀI SÁNG +15
623	🏆 KỶ LỤC
624	🏃 CHẠY ĐI!
625	Giữ và di chuyển → để ngắm
626	Nhảy qua các bệ!
627	Hôm nay cầu vồng không sáng.
628	Kẻ Ăn Mây đã ăn ánh sáng của các lâu đài…
629	…và kéo nó ra sau chân trời. Dấu vết vẫn còn le lói.
630	chạm — bỏ qua
631	⚠  LÕI BẤT ỔN  ⚠
632	⚠  KẺ ĂN MÂY Ở GẦN  ⚠
633	CỘNG HƯỞNG
634	COMBO
635	CỘNG HƯỞNG ×2 · tăng cường
636	Mọi điểm được nhân đôi thêm {} giây. Lâu hơn — trong Phòng thí nghiệm
637	NAM CHÂM · tự hoạt động
638	Hút xu từ làn bên cạnh thêm {} giây. Lâu hơn — trong Phòng thí nghiệm
639	KHIÊN · chạm đúp vào màn hình
640	Khiên chỉ có ở cửa hàng, một cái mỗi lượt. Dự phòng: {}
641	NHẢY KÉP · bảo vệ
642	Đầu lượt cứu bạn khỏi rơi thêm {} giây. Lâu hơn — trong Phòng thí nghiệm
643	 giây
644	TẠM DỪNG
645	{} {} · {} m
646	▶  TIẾP TỤC
647	VỀ MENU
648	🚀 TỰ LÁI · còn {} m
649	ĐIỀU KHIỂN SAU
650	⚡ LAO NHANH
651	🏆 KỶ LỤC trong
652	🛡 CHẠM ĐÚP — KHIÊN
653	Vuốt ngón tay
654	AI ĐÃ TẮT LÕI?
655	CHƠI
656	CỐT TRUYỆN · NĂNG LƯỢNG LÕI {}%
657	CÒN TIẾP…
658	KỶ LỤC
659	XA NHẤT
660	PHÒNG THÍ NGHIỆM
661	NHIỆM VỤ
662	Thế giới mới để chạy mở ra trong Cốt truyện
663	📺 QUẢNG CÁO
664	quảng cáo thật sẽ ở đây
665	Cần {} {} của Lõi
666	KẾT THÚC LƯỢT
667	THỬ THÁCH THẾ GIỚI {}
668	MÀN {}-{}
669	Lần đầu · +{} xu
670	Đã qua lần nữa
671	Tới đích: {}/{} m
672	🏆 KỶ LỤC MỚI
673	🏆 KỶ LỤC QUÃNG ĐƯỜNG
674	🔥 Chuỗi {} {}
675	ngày
676	ngày
677	ngày
678	🏆 Biên niên Tia Lửa: +{} {}
679	mục
680	mục
681	mục
682	ĐIỂM  ·  KỶ LỤC {}
683	QUÃNG ĐƯỜNG
684	thưởng +{}
685	  ·  đã mở {}
686	⬆ LÊN CẤP {}!{}
687	🔷 CỘNG HƯỞNG LÕI
688	CẤP BẬC MỚI!
689	{}/3 · ×{} điểm
690	Phần thưởng:
691	 · tối đa ×30
692	+{} {} · MỞ ▶
693	rương
694	rương
695	rương
696	Có thể nâng cấp: {} ▶
697	CHẠY TIẾP?  ·  bạn có 🔑 {}
698	QUẢNG CÁO
699	QUẢNG CÁO
700	QUẢNG CÁO
701	CHÌA
702	CHÌA
703	CHÌA
704	MÀN TIẾP THEO
705	CHƠI LẠI
706	THẾ GIỚI   ·   MENU
707	MENU CHÍNH
708	👼 HỒI SINH!
709	← Quay lại
710	Khiên khởi đầu
711	Bắt đầu lượt với khiên
712	Nam châm khi bắt đầu
713	Nam châm khi bắt đầu: gấp đôi thời gian Phòng thí nghiệm
714	×2 xu suốt lượt tiếp theo
715	 ngày
716	 giờ
717	 phút
718	pha lê
719	✓ XONG
720	CỘNG HƯỞNG LÕI
721	nhiệm vụ gồm các lượt chạy
722	Cộng hưởng tối đa
723	Tới ×{}: {}/3 nhiệm vụ
724	 · hệ số điểm
725	SĂN TIA LỬA
726	mới sau
727	Đã gom tín hiệu Lõi hôm nay
728	Mảnh tín hiệu trên bệ
729	 ngày
730	HẰNG NGÀY
731	SỬA LÕI · TUẦN
732	🔒 Mở vào ngày chơi thứ ba
733	Năng lượng: {}
734	🔥 Chuỗi: {} {}
735	lượt +1 · nhiệm vụ +1 · ngày +2 · tín hiệu +3
736	NHẬN
737	🏆 BIÊN NIÊN TIA LỬA · {}/{}
738	🐸 thưởng trang phục
739	✓ Đã ghi vào Biên niên
740	🏆 Xong!
741	BIÊN NIÊN TIA LỬA
742	  ·  SẴN SÀNG: {}
743	🛒 CỬA HÀNG
744	Tăng cường cho lượt tiếp theo
745	✓ Ở LƯỢT SAU
746	MUA
747	CẤP
748	 · xong bộ!
749	Tiếp: {} {} · cấp {}
750	Đã mở mọi mô-đun
751	CẤP {}/{}
752	Cho:
753	Hiện tại:
754	Tiếp theo:
755	🔒 Mở ở cấp người chơi
756	★ TỐI ĐA
757	Cần
758	 người chơi
759	NÂNG CẤP
760	{} {} → cấp {}
761	Thiếu xu — nhặt chúng khi chạy
762	Cần mảnh — rơi ra từ rương
763	Cần lõi — kim cương khi chạy và rương
764	GỖ
765	PHA LÊ
766	SỬ THI
767	 xu
768	 Lõi
769	 lõi
770	mảnh {}/{}
771	THANH RƯƠNG
772	Lượt chạy và mục tiêu làm đầy thanh · sử thi chắc chắn sau {}
773	MỞ
774	Mảnh đi tới mô-đun cần nhất
775	Phần dư của mô-đun tối đa thành lõi
776	 RƯƠNG
777	★ Rương thứ 10 — nâng lên sử thi!
778	Chạm để nhận
779	ĐÓNG
780	ĐÃ KHÔI PHỤC
781	ĐANG LÀM
782	ĐÃ MỞ
783	🔒 Khôi phục thế giới {} để mở
784	THẾ GIỚI
785	📜 NHẬT KÝ LÕI · {}/{}
786	👾 TRANG PHỤC
787	👾 Nhân vật
788	🌤️ Bầu trời
789	✅ Đã chọn
790	Chạm
791	{} ngày
792	{} giờ
793	{} phút
794	{} ngày
795	{} giây
796	{} m
797	{} km
798	Đang tải quảng cáo — chờ vài giây
799	Quảng cáo tiếp theo sẽ tự chạy
