0	跳过头了！
1	云之花园
2	彩虹熄灭了。吞云怪把光拖到了地平线之外。
3	风之隘口
4	这阵风是它的呼吸。你正追着它的踪迹。
5	雷暴
6	你追上了它。它在反击。
7	夜空
8	它几乎吃光了所有的光。跟紧。
9	星之河
10	你在它体内。看——那些被偷走的星星。
11	核心在呼唤火花！
12	吞云怪落后了！
13	火花更亮了！
14	回家吧，青蛙。天空现在是我的。
15	那我就把它夺回来。
16	你撑不过雷暴。
17	我撑过了你那没有光的花园。
18	看到了吗？什么都没有。没有可以抓住的东西。
19	有的。一道踪迹。
20	……你是怎么进来的？
21	快跑。
22	👹 吞云怪追上来了！
23	👹 吞云怪偷走了 {} {}！
24	金币
25	金币
26	金币
27	✨ 逃脱了！+🎁 宝箱
28	新的编年史条目
29	🐸 新皮肤：
30	👹 逃跑 · PERFECT {}/{} · {}秒
31	⛈ 吞云怪暴怒了！
32	✨ 击退攻击！+40
33	⚠ 核心不稳定
34	⚠ 吞云怪就在附近
35	撑住了！+
36	⚡ 跳到另一块上！
37	木质
38	青铜
39	白银
40	黄金
41	彩虹
42	🌟 {}米 史诗！🌟
43	第一步！
44	夺回 100 米天空！
45	城堡看见你了！
46	夺回半边天空！
47	一千米的天空！
48	花园传说！
49	吞云怪在发抖！
50	单局获得 500 分
51	单局跑 200 米
52	单局 15 个 PERFECT
53	单局收集 40 枚金币
54	达成 x10 连击
55	单局收集 4 颗钻石
56	今天玩 3 次
57	单局触发 2 次 Fever
58	{} 任务！{}
59	磁铁
60	磁铁持续 6 秒
61	磁铁持续 8 秒
62	磁铁持续 10 秒
63	磁铁持续 12 秒
64	磁铁持续 15 秒，还会吸下一排
65	护盾
66	商店护盾：双击，持续 5 秒
67	护盾持续 6 秒
68	护盾持续 7 秒
69	护盾持续 8 秒
70	护盾持续 10 秒
71	冲刺
72	冲刺自动飞行 1 秒
73	冲刺持续 1.5 秒
74	冲刺持续 2 秒
75	冲刺持续 2.5 秒
76	冲刺持续 3 秒
77	FEVER 核心
78	5 个 PERFECT 后进入 Fever
79	4 个 PERFECT 后进入 Fever
80	4 个 PERFECT · Fever 中可失误 2 次
81	3 个 PERFECT · Fever 中金币 ×3
82	3 个 PERFECT · 失误 3 次 · ×3
83	二段跳
84	开局保护：5 秒内免于坠落
85	保护 7 秒
86	保护 9 秒
87	保护 11 秒
88	保护 13 秒
89	共鸣 ×2
90	平台上的 ×2 加成持续 6 秒
91	×2 加成持续 8 秒
92	×2 加成持续 10 秒
93	×2 加成持续 12 秒
94	×2 加成持续 15 秒
95	奖励加成
96	每局金币和核心 +15%
97	×2 奖励
98	解锁等级
99	满级
100	需要等级
101	基础：PERFECT、连击和 Fever
102	新内容：风会把你吹向一侧
103	新内容：闪电会击碎平台
104	新内容：黑暗——只能看见近处
105	新内容：疯狂速度
106	🏆 试炼通过！
107	🏁 关卡通过！
108	查明核心发生了什么。
109	花园再次发光。
110	基础 · 移动平台
111	云之花园的早晨。火花正在熄灭。
112	稳定器正在减弱。
113	平台在漂移——保持节奏。
114	核心日志中的一条线索。
115	云中有黑暗的东西在生长。
116	修复花园的能量节点。
117	霓虹城
118	追踪访问钥匙。
119	找到钥匙 A-1。
120	闪电 · 移动平台
121	一座没有光的城市。
122	断裂的线路放出闪电。
123	查出是谁进入了网络。
124	访问钥匙就在附近。
125	吞云怪跟着你。
126	修复城市能量节点。
127	反应堆区
128	找到建筑师的实验室。
129	找到实验室了。
130	高温 · 高速
131	反应堆被强行加速。又热又快。
132	别停下——这里很热。
133	有人抹去了痕迹。
134	实验室 A-1 就在附近。
135	反应堆到了极限。
136	冷却反应堆节点。
137	天空区
138	找到建筑师的信号。
139	找到建筑师的录音。
140	风 · 黑暗
141	气象站坏了。
142	风会把你吹向一侧。
143	黑暗和风一起来。
144	微弱的 A-1 信号。
145	风暴笼罩此区。
146	抵达通讯站。
147	中央核心
148	修复核心。
149	核心已修复。
150	全部一起 · 崩塌
151	核心在呼唤它的火花。
152	黑暗中的放电。
153	核心把你向前拉。
154	核心之锁就在附近。
155	全部一起来。你很近了。
156	核心崩塌。抵达中心。
157	⚠ 核心：危急状态
158	⚠ 放电！
159	⚠ 加速
160	⚠ 崩塌！
161	无尽奔跑 ·
162	核心是被手动关闭的。在 03:17。
163	吞云怪是从核心泄漏出来的光。
164	使用钥匙 A-1 登录。
165	A-1 是建筑师——核心创造者的钥匙。
166	实验室 A-1 被匆忙遗弃。
167	A-1 的最后信号来自天空区。
168	建筑师：不要相信那个声音。
169	钥匙 A-1 被使用时，建筑师已经不在了。
170	只有火花能打开核心之锁。
171	钥匙 A-1 是 ORA 伪造的。
172	系统故障
173	与核心失去联系
174	ORA：火花一个接一个地熄灭……
175	ORA：你是最后一个了，布尔比克。
176	找到核心。
177	我……是火花？
178	开始
179	花园能量：61%
180	ORA：稳定器正在熄灭。
181	ORA：平台会漂移——抓紧。
182	抓紧了！
183	核心日志：被手动关闭
184	ORA：这不是事故。这是故意的。
185	但是谁？
186	但是云中有什么东西醒了……
187	ORA：那是吞云怪。它吃光……
188	ORA：……而且它在追你。
189	追我？！
190	城市电网：断开
191	ORA：断裂的线路放出闪电。
192	ORA：仔细选择平台。
193	看到了！
194	访问钥匙：A-1
195	ORA：A-1……这是建筑师的钥匙。
196	ORA：创造核心的那个人。
197	建筑师？
198	线索指向反应堆
199	ORA：他在事故当晚消失了。
200	ORA：找到他。
201	我会找到的！
202	温度：危急
203	ORA：反应堆是被故意加速的。
204	ORA：有人抹去了痕迹。
205	好热！
206	实验室 A-1：空无一人
207	ORA：他逃跑了。有罪的人总会逃。
208	但逃去哪了？
209	反应堆会冷却的。
210	ORA：他的信号在天空。
211	我会找到他。
212	气象站：故障
213	ORA：风和黑暗。
214	ORA：别停下，火花。
215	好冷……
216	录音 A-1 · 已损坏
217	建筑师：如果你听到了这个……
218	建筑师：……不要相信那个声音。
219	什么声音？
220	ORA：奇怪的录音。大概是故障。
221	ORA：核心就在附近。快点。
222	这里有点不对劲……
223	核心：12% 能量
224	它听见了它的火花。
225	它在呼唤我！
226	核心之锁：关闭
227	ORA：只有火花能打开它。
228	ORA：只有你。
229	只有我？
230	核心已修复
231	ORA!：谢谢你，火花。
232	ORA!：我自己打不开它。
233	ORA!：现在核心是我的了。
234	失去联系
235	ORA？！
236	新内容：火花狩猎
237	ORA：核心发出信号——每天 3 个碎片。
238	ORA：寻找带光柱的蓝色圆盘。
239	ORA：集齐三个——核心会奖励你。
240	进度——在任务中
241	去找！
242	新内容：修复核心
243	ORA：奔跑和任务为核心提供能量。
244	ORA：每周七份奖励，直到宝箱。
245	ORA：每天都玩——连续天数奖励更多。
246	奖励——在任务中
247	每天！
248	新内容：火花编年史
249	ORA：核心记得你的每一项壮举。
250	ORA：每个条目都有奖励。
251	任务 → 🏆 编年史
252	领取！
253	ORA
254	建筑师 · 录音
255	⚠  系统警告  ⚠
256	{}记忆 {} · 核心日志
257	新的
258	世界故事完成
259	能量已恢复
260	获得宝箱
261	找到记忆
262	已解锁：
263	世界
264	 已恢复
265	未完待续
266	ORA 在网络中。建筑师在哪里？
267	下一步
268	记忆 {}  ·  {} {}
269	🔒 尚未找到
270	核心日志
271	是谁关闭了核心？  ·  {}/{}
272	单局 {} 个 PERFECT
273	连击 ×{}
274	Fever ×{}
275	单局 Fever ×{}
276	Fever 中 {} 秒
277	Fever 中 {} 米
278	跑 {} 米
279	单局 {} 米
280	不用护盾跑 {} 米
281	收集 {} {}
282	单局 {} {}
283	金币
284	空中 {} 枚金币
285	钻石
286	钻石
287	钻石
288	高跳
289	高跳
290	高跳
291	移动平台
292	移动平台
293	移动平台
294	移动平台上 {} 个 PERFECT
295	长平台
296	长平台
297	长平台
298	冲刺 ×{}
299	开启护盾 ×{}
300	护盾救你 ×{}
301	二段跳救你 ×{}
302	躲开 {} {}
303	道闪电
304	道闪电
305	闪电下 {} 米
306	疯狂速度下 {} 米
307	逆风 {} 米
308	黑暗中 {} 米
309	在云之花园 {} 米
310	在霓虹城 {} 米
311	在反应堆 {} 米
312	在天空区 {} 米
313	在中央核心 {} 米
314	通过一个故事关卡
315	通过 {} 个故事{}
316	关卡
317	关卡
318	关卡
319	玩 {} {}
320	局
321	局
322	局
323	🔷 任务完成
324	木质宝箱
325	水晶宝箱
326	史诗宝箱
327	钥匙
328	钥匙
329	钥匙
330	核心
331	核心
332	核心
333	碎片
334	碎片
335	碎片
336	ORA：我捕捉到了核心旧信号的碎屑。
337	ORA：又一块碎屑。信号……很奇怪。
338	ORA：这个信号比我还古老。
339	ORA：别管它，火花。
340	🔷 信号碎片 {}/3
341	📡 核心信号已集齐！
342	奔跑
343	第一步
344	累计跑 1,000 米
345	马拉松选手
346	累计跑 10,000 米
347	通往核心之路
348	累计跑 50,000 米
349	热身
350	单局 300 米
351	长跑者
352	单局 800 米
353	势不可挡
354	单局 1,500 米
355	新手
356	玩 10 局
357	常客
358	玩 100 局
359	赛道传奇
360	玩 500 局
361	精准
362	命中！
363	累计 100 个 PERFECT
364	狙击手
365	累计 1,000 个 PERFECT
366	完美无瑕
367	累计 5,000 个 PERFECT
368	精通
369	第一次飞行
370	飞上屋顶
371	屋顶居民
372	累计飞上屋顶 25 次
373	屋顶之王
374	累计飞上屋顶 100 次
375	第一次放电
376	触发 Fever
377	过载
378	累计 Fever 50 次
379	活体闪电
380	累计在 Fever 中 10 分钟
381	宝藏
382	存钱罐
383	累计收集 2,000 枚金币
384	财务官
385	累计收集 25,000 枚金币
386	金色之雨
387	单局 500 枚金币
388	摘星者
389	累计空中 300 枚金币
390	钻石光芒
391	累计收集 100 颗钻石
392	寻宝者
393	打开 25 个宝箱
394	冲浪者
395	累计 200 个移动平台
396	漫长之路
397	累计 300 个长平台
398	袋鼠
399	累计 100 次高跳
400	守护天使
401	护盾累计救你 10 次
402	第二口气
403	二段跳累计救你 10 次
404	避雷针
405	累计躲开 100 道闪电
406	工程师
407	模块等级累计 15 级
408	模块大师
409	把一个模块升到满级
410	故事
411	走出花园
412	通过云之花园
413	霓虹灯光
414	通过霓虹城
415	炽热之心
416	通过反应堆
417	云端之上
418	通过天空区
419	核心的真相
420	通过整个故事
421	记忆守护者
422	找到核心的所有记忆
423	核心
424	初次共鸣
425	达到共鸣 ×5
426	深度共鸣
427	达到共鸣 ×15
428	核心之心
429	达到共鸣 ×30
430	信号猎人
431	集齐核心信号 7 次
432	忠于火花
433	连续 7 天
434	布尔比克
435	冰霜
436	霓虹
437	黄金
438	反应堆
439	共鸣者
440	暗影
441	核能
442	彩虹
443	新 · 编年史
444	★ 特别
445	✓ 已装备
446	装备
447	📺 5/5 · 折扣！
448	衣柜
449	{}/{} · 金币 · 编年史 · ★ 金币+广告
450	📺 折扣！{} 现在只要 {}
451	📺 {}/{} — 再看 {} 次即可享 {} 价格
452	还差 {} 枚金币
453	 · 或 📺 折扣
454	🐸 {} 归你了！
455	🔒 编年史：「{}」— {}
456	金币
457	实验室、皮肤、尾迹和商店
458	平台上和空中的金币
459	距离奖励和幕终奖励
460	每日任务、共鸣、每周
461	宝箱
462	核心
463	模块 4–5 级 · 100 核心 → 1 把钥匙
464	💎 平台上的钻石：每 4 颗 = 1 核心
465	宝箱：木质 1，水晶 4，史诗 12
466	任务、核心共鸣、每周
467	碎片
468	在实验室升级模块
469	宝箱——史诗宝箱最多
470	火花狩猎：每天 3 个圆盘
471	每日任务和核心共鸣
472	核心钥匙
473	坠落后继续奔跑
474	商店：用金币或看广告（每天 3 次）
475	兑换 100 核心 → 1 把钥匙
476	史诗宝箱、每周和连续天数
477	货币从哪里来
478	点击关闭
479	 千米
480	 米
481	局数
482	获得金币
483	收集碎片
484	打开宝箱
485	收集核心
486	最高分
487	最远一局
488	总距离
489	皮肤
490	等级
491	编年史：{}/{} · 模块：{}/{}
492	语言
493	个人资料
494	你在游戏中做过的一切
495	🌐 语言
496	皮肤
497	火花
498	雪花
499	火焰
500	霓虹
501	彩虹
502	继续奔跑
503	核心钥匙
504	3 把核心钥匙
505	省下 1,500 金币
506	核心换钥匙
507	兑换：100 核心 → 1 把钥匙
508	备用护盾
509	双击 · 每局一次
510	护盾
511	备用护盾充能
512	5 个护盾
513	省下 300 金币
514	加成道具
515	用于下一局
516	冲刺 200 米
517	开局自动驾驶
518	冲刺 500 米
519	开局长距离自动驾驶
520	双倍金币
521	本局所有金币 ×2
522	共鸣 +2
523	本局得分倍率 +2
524	宝箱
525	在宝箱页面打开
526	木质宝箱
527	金币、核心和碎片
528	水晶宝箱
529	更多碎片 · 有机会得钥匙
530	史诗宝箱
531	大量碎片 · 每 72 小时一次
532	跳跃尾迹
533	每次跳跃都可见
534	布尔比克飞行时的尾迹
535	已为下一局启用
536	已为下一局购买冲刺
537	还差 {} 核心
538	宝箱在宝箱页面等你
539	下一局生效
540	尾迹已选！
541	已购买！
542	广告未加载——请重试
543	今天 {}/{}
544	明天
545	可领取！
546	看广告得钥匙——每天 3 次。明天再来
547	看广告得史诗宝箱——{} 后
548	看广告——每天 {} 次。明天再来
549	看广告获得！
550	🚀 冲刺 {} 米
551	💰 金币 ×2
552	🔷 共鸣 +2
553	🎮 由你掌控！
554	✓ 已启用
555	商店
556	🛡 备用：{}
557	🚀 加成道具等待下一局
558	金币 → 钥匙、护盾、加成、宝箱、尾迹
559	绿色
560	经典布尔比克
561	蓝色
562	🧲 磁铁：金币飞向你
563	粉色
564	💗 每局 +1 条命
565	紫色
566	🎯 PERFECT 判定 +30%
567	💰 金币 x2
568	🌈 GOOD 不会打断连击
569	☀️ 晴天
570	☁️ 多云
571	🌙 夜晚
572	⭐ 太空
573	🌧️ 雨天
574	🌅 日落
575	🌫️ 雾
576	🔷 几何
577	🌀 螺旋
578	🎨 波普艺术
579	🔶 复古
580	⚡ 新潮
581	✨ 极简
582	🎒 喷气背包！
583	⬇ 电梯在下面！
584	💥 墙！
585	🚀 屋顶 ◀   ▶ 地面
586	地面 ◀   ▶ 🚀 屋顶
587	⬇ 屋顶塌了
588	跑！
589	💗 生命！
590	💔 FEVER 丢失！
591	🚀 上屋顶！
592	💀 陷阱！
593	✅ 安全！
594	⚠️ 裂缝！
595	👻 消失！
596	❄️ 打滑！
597	🔺 跳！
598	⚡ 加速！
599	⬇️ 坠落！
600	🎰 🛡️ +1 护盾
601	🎰 🧲 磁铁！
602	🎰 大奖！+
603	🌀 二段跳！
604	🛡 保住了 FEVER！
605	抓住了！
606	🌟 难以置信！
607	跳过头了！+
608	捷径！+速度
609	🛡️ +1 护盾
610	🧲 磁铁！
611	🔷 共鸣 ×2！
612	🌟 超棒！
613	💠 +1 核心
614	🛡️ 护盾！
615	🎒 着陆
616	🏆 新纪录！
617	你从没跑得这么远。
618	🛡 护盾就绪 · 双击
619	🔷 ×2 结束
620	🌀 保护还剩 {} 秒
621	🌀 保护结束
622	🏰 城堡点亮 +15
623	🏆 纪录
624	🏃 快逃！
625	按住并移动 → 瞄准
626	在平台上跳跃！
627	今天彩虹没有亮起。
628	吞云怪吃掉了城堡的光……
629	……把它拖到了地平线之外。踪迹还在发光。
630	点击 — 跳过
631	⚠  核心不稳定  ⚠
632	⚠  吞云怪就在附近  ⚠
633	共鸣
634	连击
635	共鸣 ×2 · 加成
636	所有得分在 {} 秒内翻倍。更久——在实验室
637	磁铁 · 自动生效
638	{} 秒内吸取邻近跑道的金币。更久——在实验室
639	护盾 · 双击屏幕
640	护盾只能在商店获得，每局一个。备用：{}
641	二段跳 · 保护
642	开局 {} 秒内防止坠落。更久——在实验室
643	 秒
644	暂停
645	{} {} · {} 米
646	▶  继续
647	返回菜单
648	🚀 自动驾驶 · 还剩 {} 米
649	接管倒计时
650	⚡ 冲刺
651	🏆 纪录用时
652	🛡 双击 — 护盾
653	用手指滑动
654	是谁关闭了核心？
655	开始
656	故事 · 核心能量 {}%
657	未完待续……
658	纪录
659	最远
660	实验室
661	任务
662	新的奔跑世界在故事中解锁
663	📺 广告
664	这里会显示真正的广告
665	需要 {} {} 核心
666	本局结束
667	世界试炼 {}
668	关卡 {}-{}
669	首次通关 · +{} 金币
670	再次通关
671	距终点：{}/{} 米
672	🏆 新纪录
673	🏆 距离纪录
674	🔥 连续 {} {}
675	天
676	天
677	天
678	🏆 火花编年史：+{} {}
679	条目
680	条目
681	条目
682	得分  ·  纪录 {}
683	距离
684	奖励 +{}
685	  ·  已解锁 {}
686	⬆ 新等级 {}！{}
687	🔷 核心共鸣
688	新段位！
689	{}/3 · ×{} 得分
690	奖励：
691	 · 最高 ×30
692	+{} {} · 打开 ▶
693	宝箱
694	宝箱
695	宝箱
696	可升级：{} ▶
697	继续奔跑？  ·  你有 🔑 {}
698	广告
699	广告
700	广告
701	钥匙
702	钥匙
703	钥匙
704	下一关
705	再玩一次
706	世界   ·   菜单
707	主菜单
708	👼 复活！
709	← 返回
710	开局护盾
711	带着护盾开始奔跑
712	开局磁铁
713	开局磁铁：实验室时间的两倍
714	下一局全程金币 ×2
715	 天
716	 小时
717	 分钟
718	水晶
719	✓ 已完成
720	核心共鸣
721	任务由奔跑组成
722	最高共鸣
723	到 ×{}：{}/3 个任务
724	 · 得分倍率
725	火花狩猎
726	刷新于
727	今天的核心信号已集齐
728	平台上的信号碎片
729	 天
730	每日
731	修复核心 · 每周
732	🔒 第三天解锁
733	能量：{}
734	🔥 连续：{} {}
735	奔跑 +1 · 任务 +1 · 每日 +2 · 信号 +3
736	领取
737	🏆 火花编年史 · {}/{}
738	🐸 奖励皮肤
739	✓ 已写入编年史
740	🏆 完成！
741	火花编年史
742	  ·  可领取：{}
743	🛒 商店
744	下一局的加成道具
745	✓ 下一局
746	购买
747	级
748	 · 本组完成！
749	下一个：{} {} · {} 级
750	所有模块已解锁
751	等级 {}/{}
752	效果：
753	当前：
754	下一级：
755	🔒 玩家等级解锁
756	★ 满级
757	需要
758	 玩家
759	升级
760	{} {} → 等级 {}
761	金币不足——在奔跑中收集
762	需要碎片——从宝箱中获得
763	需要核心——奔跑中的钻石和宝箱
764	木质
765	水晶
766	史诗
767	 金币
768	 核心
769	 核心
770	碎片 {}/{}
771	宝箱进度条
772	奔跑和目标填满进度条 · {} 后必得史诗
773	打开
774	碎片会分给最需要的模块
775	满级模块的多余碎片会变成核心
776	 宝箱
777	★ 第 10 个宝箱——升级为史诗！
778	点击领取
779	未解锁
780	已恢复
781	进行中
782	已开放
783	🔒 恢复世界 {} 以解锁
784	世界
785	📜 核心日志 · {}/{}
786	👾 皮肤
787	👾 角色
788	🌤️ 天空
789	✅ 已选择
790	点击
791	{} 天
792	{} 小时
793	{} 分钟
794	{} 天
795	{} 秒
796	{} 米
797	{} 千米
